사고번호,사고일시,요일,시군구,사고내용,사망자수,중상자수,경상자수,부상신고자수,사고유형,법규위반,노면상태,기상상태,도로형태,가해운전자 차종,가해운전자 성별,가해운전자 연령,가해운전자 상해정도,피해운전자 차종,피해운전자 성별,피해운전자 연령,피해운전자 상해정도,구
2020022400100446,2020년 2월 24일 20시,월요일,서울특별시 동대문구 휘경동,중상사고,0,1,0,0,차대사람 - 횡단중,안전운전불이행,건조,맑음,단일로 - 기타,승용,남,52세,상해없음,보행자,남,79.0,중상,서울특별시 동대문구
2020022500100055,2020년 2월 25일 06시,화요일,서울특별시 성북구 정릉동,중상사고,0,1,0,0,차대사람 - 횡단중,신호위반,젖음/습기,비,교차로 - 교차로횡단보도내,승용,남,70세,상해없음,보행자,여,69.0,중상,서울특별시 성북구
2020022500100236,2020년 2월 25일 14시,화요일,서울특별시 서대문구 홍제동,사망사고,1,0,0,0,차대사람 - 기타,안전운전불이행,젖음/습기,흐림,단일로 - 기타,자전거,남,80세,상해없음,보행자,여,71.0,사망,서울특별시 서대문구
2020022500100333,2020년 2월 25일 18시,화요일,서울특별시 양천구 신정동,중상사고,0,1,0,0,차대사람 - 기타,안전운전불이행,건조,맑음,교차로 - 교차로안,승용,남,40세,상해없음,보행자,여,69.0,중상,서울특별시 양천구
2020022600100042,2020년 2월 26일 06시,수요일,서울특별시 서초구 반포동,경상사고,0,0,1,0,차대사람 - 기타,안전운전불이행,건조,맑음,단일로 - 기타,승용,남,37세,상해없음,보행자,여,65.0,경상,서울특별시 서초구
2020022600100080,2020년 2월 26일 08시,수요일,서울특별시 구로구 오류동,경상사고,0,0,1,0,차대사람 - 기타,안전운전불이행,건조,맑음,단일로 - 기타,이륜,남,43세,상해없음,보행자,여,78.0,경상,서울특별시 구로구
2020022600100247,2020년 2월 26일 15시,수요일,서울특별시 성북구 동소문동6가,경상사고,0,0,1,0,차대사람 - 기타,안전운전불이행,건조,맑음,단일로 - 기타,승용,남,77세,상해없음,보행자,남,66.0,경상,서울특별시 성북구
2020022600100427,2020년 2월 26일 21시,수요일,서울특별시 성북구 동선동3가,중상사고,0,1,0,0,차대사람 - 횡단중,보행자보호의무위반,건조,맑음,단일로 - 기타,이륜,남,44세,상해없음,보행자,여,66.0,중상,서울특별시 성북구
2020022800100064,2020년 2월 28일 08시,금요일,서울특별시 종로구 명륜2가,중상사고,0,1,0,0,차대사람 - 횡단중,보행자보호의무위반,건조,맑음,단일로 - 기타,승용,남,65세,상해없음,보행자,남,80.0,중상,서울특별시 종로구
2020022800100127,2020년 2월 28일 11시,금요일,서울특별시 관악구 신림동,중상사고,0,1,0,0,차대사람 - 횡단중,안전운전불이행,건조,맑음,단일로 - 기타,건설기계,남,57세,상해없음,보행자,남,85.0,중상,서울특별시 관악구
2020022800100216,2020년 2월 28일 15시,금요일,서울특별시 서대문구 홍제동,중상사고,0,1,0,0,차대사람 - 차도통행중,안전운전불이행,건조,맑음,단일로 - 기타,승용,여,31세,상해없음,보행자,여,77.0,중상,서울특별시 서대문구
2020022800100219,2020년 2월 28일 15시,금요일,서울특별시 강동구 길동,경상사고,0,0,1,0,차대사람 - 기타,안전운전불이행,건조,맑음,단일로 - 기타,승합,남,35세,상해없음,보행자,남,74.0,경상,서울특별시 강동구
2020022800100332,2020년 2월 28일 19시,금요일,서울특별시 강남구 압구정동,중상사고,0,1,0,0,차대사람 - 횡단중,보행자보호의무위반,건조,맑음,교차로 - 교차로안,승용,남,58세,상해없음,보행자,여,65.0,중상,서울특별시 강남구
2020022800100454,2020년 2월 28일 23시,금요일,서울특별시 관악구 신림동,사망사고,1,1,0,0,차대사람 - 횡단중,안전운전불이행,젖음/습기,비,단일로 - 기타,승용,여,33세,상해없음,보행자,여,65.0,사망,서울특별시 관악구
2020022900100056,2020년 2월 29일 04시,토요일,서울특별시 광진구 중곡동,중상사고,0,1,0,0,차대사람 - 기타,신호위반,젖음/습기,비,기타 - 기타,승용,남,40세,상해없음,보행자,남,68.0,중상,서울특별시 광진구
2020022900100070,2020년 2월 29일 06시,토요일,서울특별시 서대문구 홍은동,중상사고,0,1,0,0,차대사람 - 차도통행중,안전운전불이행,건조,맑음,단일로 - 기타,승용,여,53세,상해없음,보행자,여,87.0,중상,서울특별시 서대문구
2020022900100193,2020년 2월 29일 14시,토요일,서울특별시 강동구 암사동,중상사고,0,1,0,0,차대사람 - 횡단중,안전운전불이행,건조,맑음,교차로 - 교차로안,승용,남,35세,상해없음,보행자,여,93.0,중상,서울특별시 강동구
2020022900100242,2020년 2월 29일 16시,토요일,서울특별시 강북구 미아동,경상사고,0,0,1,0,차대사람 - 기타,안전운전불이행,건조,맑음,단일로 - 기타,승용,여,38세,상해없음,보행자,남,66.0,경상,서울특별시 강북구
2020022900100243,2020년 2월 29일 16시,토요일,서울특별시 동대문구 제기동,경상사고,0,0,1,0,차대사람 - 횡단중,보행자보호의무위반,건조,맑음,단일로 - 기타,승용,남,28세,상해없음,보행자,남,77.0,경상,서울특별시 동대문구
2020022900100287,2020년 2월 29일 18시,토요일,서울특별시 마포구 대흥동,중상사고,0,1,0,0,차대사람 - 횡단중,신호위반,건조,맑음,교차로 - 교차로부근,승용,남,79세,상해없음,보행자,여,78.0,중상,서울특별시 마포구
2020030100100032,2020년 3월 1일 03시,일요일,서울특별시 강서구 가양동,경상사고,0,0,1,0,차대사람 - 기타,기타,건조,맑음,교차로 - 교차로횡단보도내,승용,남,65세,상해없음,보행자,남,69.0,경상,서울특별시 강서구
2020030100100105,2020년 3월 1일 13시,일요일,서울특별시 중구 남대문로4가,중상사고,0,1,0,0,차대사람 - 보도통행중,보행자보호의무위반,건조,흐림,단일로 - 기타,승용,남,37세,상해없음,보행자,남,82.0,중상,서울특별시 중구
2020030200100023,2020년 3월 2일 04시,월요일,서울특별시 성북구 하월곡동,중상사고,0,1,0,0,차대사람 - 기타,안전운전불이행,건조,흐림,단일로 - 기타,승용,남,63세,상해없음,보행자,여,66.0,중상,서울특별시 성북구
2020030200100142,2020년 3월 2일 11시,월요일,서울특별시 중구 신당동,부상신고사고,0,0,0,1,차대사람 - 기타,안전운전불이행,건조,맑음,교차로 - 교차로횡단보도내,승합,남,56세,상해없음,보행자,남,73.0,부상신고,서울특별시 중구
2020030200100145,2020년 3월 2일 11시,월요일,서울특별시 양천구 신월동,중상사고,0,1,0,0,차대사람 - 기타,안전운전불이행,건조,맑음,교차로 - 교차로부근,승용,남,74세,상해없음,보행자,여,74.0,중상,서울특별시 양천구
2020030200100200,2020년 3월 2일 13시,월요일,서울특별시 강남구 논현동,경상사고,0,0,1,0,차대사람 - 보도통행중,안전운전불이행,건조,맑음,기타 - 기타,승용,남,25세,상해없음,보행자,여,70.0,경상,서울특별시 강남구
2020030200100359,2020년 3월 2일 19시,월요일,서울특별시 영등포구 당산동3가,중상사고,0,1,0,0,차대사람 - 횡단중,안전운전불이행,건조,맑음,단일로 - 기타,화물,남,50세,기타불명,보행자,여,67.0,중상,서울특별시 영등포구
2020030200100390,2020년 3월 2일 20시,월요일,서울특별시 송파구 신천동,중상사고,0,1,0,0,차대사람 - 횡단중,신호위반,건조,맑음,교차로 - 교차로횡단보도내,승용,남,47세,상해없음,보행자,여,65.0,중상,서울특별시 송파구
2020030200100446,2020년 3월 2일 23시,월요일,서울특별시 동대문구 용두동,중상사고,0,1,0,0,차대사람 - 횡단중,안전운전불이행,건조,맑음,교차로 - 교차로안,승용,남,30세,상해없음,보행자,남,69.0,중상,서울특별시 동대문구
2020030300100072,2020년 3월 3일 08시,화요일,서울특별시 동대문구 제기동,중상사고,0,1,0,0,차대사람 - 기타,안전운전불이행,건조,맑음,교차로 - 교차로부근,화물,남,64세,상해없음,보행자,남,74.0,중상,서울특별시 동대문구
2020030300100119,2020년 3월 3일 10시,화요일,서울특별시 용산구 신창동,중상사고,0,1,0,0,차대사람 - 횡단중,안전운전불이행,건조,맑음,단일로 - 기타,승용,여,49세,상해없음,보행자,여,67.0,중상,서울특별시 용산구
2020030300100224,2020년 3월 3일 15시,화요일,서울특별시 강서구 화곡동,경상사고,0,0,1,0,차대사람 - 기타,안전운전불이행,건조,맑음,단일로 - 기타,승용,남,49세,상해없음,보행자,남,85.0,경상,서울특별시 강서구
2020030300100338,2020년 3월 3일 20시,화요일,서울특별시 양천구 신월동,경상사고,0,0,1,0,차대사람 - 횡단중,보행자보호의무위반,건조,맑음,교차로 - 교차로횡단보도내,화물,남,60세,상해없음,보행자,여,84.0,경상,서울특별시 양천구
2020030400100105,2020년 3월 4일 11시,수요일,서울특별시 영등포구 영등포동3가,경상사고,0,0,1,0,차대사람 - 횡단중,안전운전불이행,건조,맑음,교차로 - 교차로안,승용,여,28세,상해없음,보행자,여,86.0,경상,서울특별시 영등포구
2020030400100192,2020년 3월 4일 14시,수요일,서울특별시 노원구 월계동,경상사고,0,0,1,0,차대사람 - 기타,안전운전불이행,건조,맑음,교차로 - 교차로안,자전거,남,48세,상해없음,보행자,여,73.0,경상,서울특별시 노원구
2020030400100227,2020년 3월 4일 16시,수요일,서울특별시 강동구 천호동,경상사고,0,0,1,0,차대사람 - 횡단중,안전운전불이행,건조,맑음,단일로 - 기타,승용,여,54세,상해없음,보행자,여,79.0,경상,서울특별시 강동구
2020030500100120,2020년 3월 5일 09시,목요일,서울특별시 동작구 사당동,중상사고,0,1,0,0,차대사람 - 기타,안전운전불이행,건조,맑음,교차로 - 교차로안,승용,여,47세,상해없음,보행자,여,68.0,중상,서울특별시 동작구
2020030500100296,2020년 3월 5일 17시,목요일,서울특별시 종로구 숭인동,중상사고,0,2,0,0,차대사람 - 길가장자리구역통행중,안전운전불이행,건조,맑음,단일로 - 기타,승용,여,48세,상해없음,보행자,남,79.0,중상,서울특별시 종로구
2020030500100441,2020년 3월 5일 21시,목요일,서울특별시 강동구 천호동,중상사고,0,1,0,0,차대사람 - 횡단중,안전운전불이행,건조,맑음,단일로 - 기타,이륜,남,17세,상해없음,보행자,남,74.0,중상,서울특별시 강동구
2020030600100177,2020년 3월 6일 11시,금요일,서울특별시 금천구 시흥동,경상사고,0,0,1,0,차대사람 - 기타,안전운전불이행,건조,맑음,교차로 - 교차로안,승용,여,59세,상해없음,보행자,여,72.0,경상,서울특별시 금천구
2020030600100360,2020년 3월 6일 17시,금요일,서울특별시 강동구 천호동,중상사고,0,1,0,0,차대사람 - 기타,안전운전불이행,건조,맑음,교차로 - 교차로부근,승합,남,33세,상해없음,보행자,여,66.0,중상,서울특별시 강동구
2020030600100363,2020년 3월 6일 17시,금요일,서울특별시 구로구 구로동,경상사고,0,0,1,0,차대사람 - 기타,안전운전불이행,건조,맑음,기타 - 기타,자전거,남,54세,상해없음,보행자,여,71.0,경상,서울특별시 구로구
2020030700100191,2020년 3월 7일 13시,토요일,서울특별시 양천구 신월동,경상사고,0,0,1,0,차대사람 - 횡단중,안전운전불이행,건조,맑음,교차로 - 교차로안,기타불명,기타불명,미분류,기타불명,보행자,남,71.0,경상,서울특별시 양천구
2020030700100364,2020년 3월 7일 20시,토요일,서울특별시 성북구 정릉동,경상사고,0,0,1,0,차대사람 - 기타,안전운전불이행,건조,맑음,교차로 - 교차로안,이륜,남,64세,상해없음,보행자,남,72.0,경상,서울특별시 성북구
2020030900100078,2020년 3월 9일 08시,월요일,서울특별시 구로구 구로동,중상사고,0,1,0,0,차대사람 - 횡단중,안전운전불이행,건조,맑음,교차로 - 교차로횡단보도내,승용,남,38세,상해없음,보행자,남,74.0,중상,서울특별시 구로구
2020030900100147,2020년 3월 9일 10시,월요일,서울특별시 양천구 신정동,경상사고,0,0,1,0,차대사람 - 횡단중,신호위반,건조,맑음,단일로 - 기타,승합,남,60세,상해없음,보행자,남,85.0,경상,서울특별시 양천구
2020030900100230,2020년 3월 9일 13시,월요일,서울특별시 성동구 성수동2가,사망사고,1,0,0,0,차대사람 - 횡단중,안전운전불이행,건조,맑음,교차로 - 교차로부근,화물,남,54세,상해없음,보행자,남,72.0,사망,서울특별시 성동구
2020030900100408,2020년 3월 9일 19시,월요일,서울특별시 종로구 명륜2가,중상사고,0,2,0,0,차대사람 - 횡단중,안전운전불이행,건조,맑음,단일로 - 기타,원동기,남,46세,중상,보행자,남,83.0,중상,서울특별시 종로구
2020030900100444,2020년 3월 9일 20시,월요일,서울특별시 강동구 암사동,경상사고,0,0,1,0,차대사람 - 횡단중,안전운전불이행,건조,맑음,단일로 - 기타,승용,남,58세,상해없음,보행자,남,68.0,경상,서울특별시 강동구
2020031000100004,2020년 3월 10일 00시,화요일,서울특별시 중랑구 묵동,중상사고,0,1,0,0,차대사람 - 횡단중,안전운전불이행,건조,맑음,교차로 - 교차로부근,승용,남,70세,상해없음,보행자,남,72.0,중상,서울특별시 중랑구
2020031000100256,2020년 3월 10일 15시,화요일,서울특별시 서초구 서초동,사망사고,1,0,0,0,차대사람 - 보도통행중,안전운전불이행,젖음/습기,비,교차로 - 교차로안,화물,남,34세,상해없음,보행자,남,73.0,사망,서울특별시 서초구
2020031000100275,2020년 3월 10일 16시,화요일,서울특별시 마포구 성산동,중상사고,0,1,1,0,차대사람 - 기타,안전운전불이행,건조,맑음,단일로 - 기타,승용,남,39세,경상,보행자,남,69.0,중상,서울특별시 마포구
2020031100100280,2020년 3월 11일 15시,수요일,서울특별시 노원구 중계동,중상사고,0,2,0,0,차대사람 - 보도통행중,기타,건조,맑음,단일로 - 기타,승용,남,47세,상해없음,보행자,여,70.0,중상,서울특별시 노원구
2020031100100330,2020년 3월 11일 17시,수요일,서울특별시 동작구 노량진동,경상사고,0,0,1,0,차대사람 - 횡단중,보행자보호의무위반,건조,맑음,교차로 - 교차로부근,승용,여,56세,상해없음,보행자,여,74.0,경상,서울특별시 동작구
2020031200100512,2020년 3월 12일 21시,목요일,서울특별시 중랑구 중화동,경상사고,0,0,1,0,차대사람 - 기타,안전운전불이행,건조,기타,단일로 - 기타,기타불명,기타불명,미분류,기타불명,보행자,남,80.0,경상,서울특별시 중랑구
2020031300100046,2020년 3월 13일 06시,금요일,서울특별시 성동구 성수동2가,사망사고,1,0,0,0,차대사람 - 보도통행중,과속,건조,맑음,교차로 - 교차로횡단보도내,승용,남,69세,상해없음,보행자,여,81.0,사망,서울특별시 성동구
2020031300100203,2020년 3월 13일 13시,금요일,서울특별시 은평구 대조동,중상사고,0,1,0,0,차대사람 - 차도통행중,안전운전불이행,건조,맑음,교차로 - 교차로안,승용,여,49세,상해없음,보행자,여,73.0,중상,서울특별시 은평구
2020031400100068,2020년 3월 14일 05시,토요일,서울특별시 마포구 구수동,중상사고,0,1,0,0,차대사람 - 횡단중,안전운전불이행,건조,맑음,교차로 - 교차로횡단보도내,이륜,기타불명,미분류,기타불명,보행자,여,75.0,중상,서울특별시 마포구
2020031500100196,2020년 3월 15일 16시,일요일,서울특별시 구로구 구로동,경상사고,0,0,1,0,차대사람 - 기타,기타,건조,맑음,단일로 - 기타,승용,남,47세,상해없음,보행자,여,90.0,경상,서울특별시 구로구
2020031500100288,2020년 3월 15일 20시,일요일,서울특별시 중구 신당동,부상신고사고,0,0,0,1,차대사람 - 기타,안전운전불이행,건조,맑음,단일로 - 기타,승용,남,58세,상해없음,보행자,남,72.0,부상신고,서울특별시 중구
2020031600100045,2020년 3월 16일 07시,월요일,서울특별시 종로구 숭인동,경상사고,0,0,1,0,차대사람 - 기타,안전운전불이행,건조,맑음,단일로 - 기타,승용,남,67세,상해없음,보행자,남,65.0,경상,서울특별시 종로구
2020031600100076,2020년 3월 16일 08시,월요일,서울특별시 송파구 오금동,경상사고,0,0,1,0,차대사람 - 기타,안전운전불이행,건조,맑음,단일로 - 기타,승합,여,65세,상해없음,보행자,남,67.0,경상,서울특별시 송파구
2020031600100181,2020년 3월 16일 11시,월요일,서울특별시 동대문구 장안동,경상사고,0,0,1,0,차대사람 - 보도통행중,기타,건조,맑음,기타 - 기타,화물,남,35세,상해없음,보행자,남,81.0,경상,서울특별시 동대문구
2020031600100184,2020년 3월 16일 11시,월요일,서울특별시 금천구 독산동,중상사고,0,1,0,0,차대사람 - 기타,안전운전불이행,건조,맑음,단일로 - 기타,화물,남,43세,상해없음,보행자,남,69.0,중상,서울특별시 금천구
2020031600100187,2020년 3월 16일 11시,월요일,서울특별시 중랑구 면목동,중상사고,0,1,0,0,차대사람 - 길가장자리구역통행중,안전운전불이행,건조,맑음,단일로 - 기타,승용,남,63세,상해없음,보행자,남,75.0,중상,서울특별시 중랑구
2020031600100234,2020년 3월 16일 13시,월요일,서울특별시 강북구 미아동,경상사고,0,0,1,0,차대사람 - 기타,안전운전불이행,건조,맑음,단일로 - 기타,승용,여,74세,상해없음,보행자,남,82.0,경상,서울특별시 강북구
2020031600100357,2020년 3월 16일 17시,월요일,서울특별시 강남구 도곡동,중상사고,0,1,0,0,차대사람 - 횡단중,보행자보호의무위반,건조,맑음,단일로 - 기타,이륜,남,31세,상해없음,보행자,여,70.0,중상,서울특별시 강남구
2020031600100390,2020년 3월 16일 18시,월요일,서울특별시 강북구 미아동,경상사고,0,0,1,0,차대사람 - 기타,안전운전불이행,건조,맑음,단일로 - 기타,승합,남,66세,상해없음,보행자,남,65.0,경상,서울특별시 강북구
2020031600100516,2020년 3월 16일 22시,월요일,서울특별시 강동구 천호동,중상사고,0,1,0,0,차대사람 - 차도통행중,안전운전불이행,건조,맑음,단일로 - 기타,이륜,남,50세,상해없음,보행자,여,67.0,중상,서울특별시 강동구
2020031700100041,2020년 3월 17일 06시,화요일,서울특별시 영등포구 여의도동,중상사고,0,1,0,0,차대사람 - 기타,안전운전불이행,건조,맑음,교차로 - 교차로부근,승용,남,46세,상해없음,보행자,남,73.0,중상,서울특별시 영등포구
2020031700100120,2020년 3월 17일 10시,화요일,서울특별시 종로구 명륜1가,경상사고,0,0,1,0,차대사람 - 길가장자리구역통행중,안전운전불이행,건조,맑음,단일로 - 기타,화물,남,51세,상해없음,보행자,여,84.0,경상,서울특별시 종로구
2020031700100238,2020년 3월 17일 15시,화요일,서울특별시 강서구 방화동,경상사고,0,0,1,0,차대사람 - 기타,안전운전불이행,건조,맑음,교차로 - 교차로안,승용,남,46세,상해없음,보행자,여,67.0,경상,서울특별시 강서구
2020031700100240,2020년 3월 17일 15시,화요일,서울특별시 강동구 천호동,중상사고,0,1,0,0,차대사람 - 기타,안전운전불이행,건조,맑음,단일로 - 기타,승합,남,55세,상해없음,보행자,여,65.0,중상,서울특별시 강동구
2020031700100264,2020년 3월 17일 16시,화요일,서울특별시 송파구 방이동,경상사고,0,0,1,0,차대사람 - 기타,안전운전불이행,건조,맑음,교차로 - 교차로안,승용,여,50세,상해없음,보행자,여,72.0,경상,서울특별시 송파구
2020031700100362,2020년 3월 17일 19시,화요일,서울특별시 영등포구 대림동,경상사고,0,0,1,0,차대사람 - 횡단중,안전운전불이행,건조,맑음,교차로 - 교차로부근,승용,남,35세,상해없음,보행자,여,69.0,경상,서울특별시 영등포구
2020031700100363,2020년 3월 17일 19시,화요일,서울특별시 동작구 사당동,경상사고,0,0,1,0,차대사람 - 길가장자리구역통행중,안전운전불이행,건조,맑음,단일로 - 기타,승용,남,63세,상해없음,보행자,남,88.0,경상,서울특별시 동작구
2020031800100030,2020년 3월 18일 04시,수요일,서울특별시 노원구 상계동,중상사고,0,1,0,0,차대사람 - 횡단중,안전운전불이행,건조,맑음,단일로 - 교량,승용,남,67세,상해없음,보행자,여,73.0,중상,서울특별시 노원구
2020031800100036,2020년 3월 18일 05시,수요일,서울특별시 관악구 신림동,중상사고,0,1,0,0,차대사람 - 보도통행중,안전운전불이행,기타,기타,기타 - 기타,화물,남,32세,상해없음,보행자,남,74.0,중상,서울특별시 관악구
2020031800100151,2020년 3월 18일 11시,수요일,서울특별시 중랑구 상봉동,부상신고사고,0,0,0,1,차대사람 - 기타,안전운전불이행,건조,맑음,기타 - 기타,화물,남,51세,상해없음,보행자,남,81.0,부상신고,서울특별시 중랑구
2020031800100232,2020년 3월 18일 14시,수요일,서울특별시 강동구 성내동,중상사고,0,1,0,0,차대사람 - 길가장자리구역통행중,안전운전불이행,건조,맑음,단일로 - 기타,화물,남,58세,기타불명,보행자,여,71.0,중상,서울특별시 강동구
2020031800100295,2020년 3월 18일 16시,수요일,서울특별시 강동구 성내동,경상사고,0,0,1,0,차대사람 - 차도통행중,안전운전불이행,건조,맑음,교차로 - 교차로부근,승용,남,58세,상해없음,보행자,여,76.0,경상,서울특별시 강동구
2020031900100149,2020년 3월 19일 12시,목요일,서울특별시 종로구 숭인동,부상신고사고,0,0,0,1,차대사람 - 기타,기타,건조,맑음,단일로 - 기타,승용,여,59세,상해없음,보행자,남,65.0,부상신고,서울특별시 종로구
2020031900100153,2020년 3월 19일 12시,목요일,서울특별시 강서구 화곡동,경상사고,0,0,1,0,차대사람 - 기타,안전운전불이행,건조,맑음,교차로 - 교차로안,승합,남,70세,기타불명,보행자,여,75.0,경상,서울특별시 강서구
2020031900100173,2020년 3월 19일 13시,목요일,서울특별시 금천구 시흥동,경상사고,0,0,1,0,차대사람 - 기타,보행자보호의무위반,건조,맑음,교차로 - 교차로횡단보도내,화물,남,47세,상해없음,보행자,여,72.0,경상,서울특별시 금천구
2020031900100221,2020년 3월 19일 15시,목요일,서울특별시 동대문구 장안동,중상사고,0,1,0,0,차대사람 - 기타,안전운전불이행,건조,맑음,교차로 - 교차로안,승용,남,43세,상해없음,보행자,여,80.0,중상,서울특별시 동대문구
2020031900100419,2020년 3월 19일 21시,목요일,서울특별시 은평구 역촌동,경상사고,0,0,1,0,차대사람 - 횡단중,보행자보호의무위반,건조,맑음,교차로 - 교차로횡단보도내,승용,남,60세,상해없음,보행자,남,71.0,경상,서울특별시 은평구
2020032000100060,2020년 3월 20일 06시,금요일,서울특별시 강서구 외발산동,사망사고,1,0,0,0,차대사람 - 차도통행중,안전운전불이행,건조,맑음,교차로 - 교차로부근,승용,남,71세,상해없음,보행자,여,82.0,사망,서울특별시 강서구
2020032000100245,2020년 3월 20일 13시,금요일,서울특별시 송파구 가락동,중상사고,0,1,0,0,차대사람 - 기타,안전운전불이행,건조,맑음,교차로 - 교차로안,승용,남,33세,상해없음,보행자,여,77.0,중상,서울특별시 송파구
2020032000100318,2020년 3월 20일 15시,금요일,서울특별시 영등포구 문래동2가,경상사고,0,0,1,0,차대사람 - 횡단중,안전운전불이행,건조,맑음,기타 - 기타,자전거,남,40세,기타불명,보행자,남,76.0,경상,서울특별시 영등포구
2020032100100054,2020년 3월 21일 04시,토요일,서울특별시 영등포구 당산동3가,경상사고,0,0,1,0,차대사람 - 기타,안전운전불이행,건조,맑음,단일로 - 기타,승용,남,49세,상해없음,보행자,여,77.0,경상,서울특별시 영등포구
2020032100100132,2020년 3월 21일 10시,토요일,서울특별시 중랑구 면목동,중상사고,0,1,0,0,차대사람 - 기타,안전운전불이행,건조,맑음,단일로 - 기타,승용,남,49세,상해없음,보행자,여,75.0,중상,서울특별시 중랑구
2020032100100230,2020년 3월 21일 13시,토요일,서울특별시 성북구 동선동4가,중상사고,0,1,0,0,차대사람 - 기타,안전운전불이행,건조,맑음,단일로 - 기타,승용,여,33세,상해없음,보행자,여,71.0,중상,서울특별시 성북구
2020032100100270,2020년 3월 21일 14시,토요일,서울특별시 관악구 신림동,경상사고,0,0,1,0,차대사람 - 기타,안전운전불이행,건조,맑음,교차로 - 교차로부근,승용,남,71세,상해없음,보행자,남,65.0,경상,서울특별시 관악구
2020032100100375,2020년 3월 21일 17시,토요일,서울특별시 동작구 사당동,경상사고,0,0,1,0,차대사람 - 기타,안전운전불이행,건조,맑음,교차로 - 교차로부근,승용,남,37세,상해없음,보행자,여,81.0,경상,서울특별시 동작구
2020032200100055,2020년 3월 22일 04시,일요일,서울특별시 도봉구 도봉동,중상사고,0,1,0,0,차대사람 - 횡단중,안전운전불이행,건조,맑음,교차로 - 교차로안,승용,남,64세,상해없음,보행자,남,67.0,중상,서울특별시 도봉구
2020032200100144,2020년 3월 22일 12시,일요일,서울특별시 마포구 서교동,경상사고,0,0,1,0,차대사람 - 기타,신호위반,건조,맑음,단일로 - 기타,승용,여,23세,상해없음,보행자,남,71.0,경상,서울특별시 마포구
2020032300100189,2020년 3월 23일 11시,월요일,서울특별시 서초구 잠원동,경상사고,0,0,2,0,차대사람 - 횡단중,보행자보호의무위반,건조,맑음,단일로 - 기타,승용,여,68세,경상,보행자,남,76.0,경상,서울특별시 서초구
2020032300100247,2020년 3월 23일 13시,월요일,서울특별시 송파구 문정동,중상사고,0,1,0,0,차대사람 - 기타,안전운전불이행,건조,맑음,단일로 - 기타,자전거,남,65세,상해없음,보행자,여,74.0,중상,서울특별시 송파구
2020032300100277,2020년 3월 23일 14시,월요일,서울특별시 성동구 하왕십리동,경상사고,0,0,1,0,차대사람 - 길가장자리구역통행중,안전운전불이행,건조,맑음,단일로 - 기타,승합,남,67세,상해없음,보행자,남,75.0,경상,서울특별시 성동구
2020032300100306,2020년 3월 23일 15시,월요일,서울특별시 관악구 봉천동,중상사고,0,1,0,0,차대사람 - 보도통행중,안전운전불이행,건조,맑음,기타 - 기타,이륜,남,17세,상해없음,보행자,여,77.0,중상,서울특별시 관악구
2020032400100113,2020년 3월 24일 09시,화요일,서울특별시 도봉구 방학동,중상사고,0,1,0,0,차대사람 - 기타,안전운전불이행,건조,맑음,단일로 - 기타,승합,남,75세,상해없음,보행자,여,77.0,중상,서울특별시 도봉구
2020032400100265,2020년 3월 24일 14시,화요일,서울특별시 송파구 잠실동,중상사고,0,1,0,0,차대사람 - 횡단중,안전운전불이행,건조,맑음,단일로 - 기타,자전거,남,45세,상해없음,보행자,여,70.0,중상,서울특별시 송파구
2020032500100273,2020년 3월 25일 14시,수요일,서울특별시 강남구 대치동,중상사고,0,1,0,0,차대사람 - 횡단중,안전운전불이행,건조,맑음,교차로 - 교차로횡단보도내,이륜,남,35세,상해없음,보행자,여,73.0,중상,서울특별시 강남구
2020032500100274,2020년 3월 25일 14시,수요일,서울특별시 강남구 도곡동,경상사고,0,0,1,0,차대사람 - 길가장자리구역통행중,안전운전불이행,건조,맑음,단일로 - 기타,승용,여,67세,상해없음,보행자,여,72.0,경상,서울특별시 강남구
2020032500100517,2020년 3월 25일 21시,수요일,서울특별시 금천구 시흥동,경상사고,0,0,1,0,차대사람 - 기타,안전운전불이행,건조,맑음,단일로 - 기타,이륜,남,25세,상해없음,보행자,남,66.0,경상,서울특별시 금천구
2020032600100177,2020년 3월 26일 12시,목요일,서울특별시 중구 신당동,중상사고,0,1,0,0,차대사람 - 횡단중,보행자보호의무위반,건조,맑음,교차로 - 교차로횡단보도내,승용,여,50세,상해없음,보행자,여,85.0,중상,서울특별시 중구
2020032600100252,2020년 3월 26일 15시,목요일,서울특별시 도봉구 도봉동,중상사고,0,1,0,0,차대사람 - 기타,안전운전불이행,건조,맑음,교차로 - 교차로안,건설기계,남,61세,상해없음,보행자,여,79.0,중상,서울특별시 도봉구
2020032600100278,2020년 3월 26일 16시,목요일,서울특별시 구로구 온수동,중상사고,0,1,0,0,차대사람 - 기타,안전운전불이행,건조,맑음,단일로 - 기타,승용,남,59세,상해없음,보행자,남,81.0,중상,서울특별시 구로구
2020032600100379,2020년 3월 26일 19시,목요일,서울특별시 서대문구 북가좌동,중상사고,0,1,0,0,차대사람 - 차도통행중,안전운전불이행,젖음/습기,비,단일로 - 기타,승용,남,61세,상해없음,보행자,여,76.0,중상,서울특별시 서대문구
2020032600100382,2020년 3월 26일 19시,목요일,서울특별시 광진구 능동,중상사고,0,1,0,0,차대사람 - 기타,교차로운행방법위반,건조,맑음,교차로 - 교차로부근,이륜,남,48세,상해없음,보행자,남,80.0,중상,서울특별시 광진구