사고번호,사고일시,요일,시군구,사고내용,사망자수,중상자수,경상자수,부상신고자수,사고유형,법규위반,노면상태,기상상태,도로형태,가해운전자 차종,가해운전자 성별,가해운전자 연령,가해운전자 상해정도,피해운전자 차종,피해운전자 성별,피해운전자 연령,피해운전자 상해정도,구
2020032700100098,2020년 3월 27일 08시,금요일,서울특별시 광진구 광장동,중상사고,0,1,0,0,차대사람 - 횡단중,보행자보호의무위반,건조,맑음,교차로 - 교차로안,건설기계,남,51세,상해없음,보행자,남,84.0,중상,서울특별시 광진구
2020032700100138,2020년 3월 27일 10시,금요일,서울특별시 성북구 안암동2가,중상사고,0,1,0,0,차대사람 - 횡단중,보행자보호의무위반,건조,맑음,단일로 - 기타,승용,남,42세,상해없음,보행자,여,67.0,중상,서울특별시 성북구
2020032700100309,2020년 3월 27일 16시,금요일,서울특별시 강서구 마곡동,중상사고,0,2,0,0,차대사람 - 횡단중,보행자보호의무위반,건조,맑음,교차로 - 교차로부근,화물,남,71세,상해없음,보행자,여,62.0,중상,서울특별시 강서구
2020032700100351,2020년 3월 27일 17시,금요일,서울특별시 노원구 상계동,경상사고,0,0,1,0,차대사람 - 횡단중,안전운전불이행,건조,맑음,단일로 - 기타,이륜,남,17세,상해없음,보행자,남,78.0,경상,서울특별시 노원구
2020032800100361,2020년 3월 28일 18시,토요일,서울특별시 노원구 공릉동,중상사고,0,1,0,0,차대사람 - 횡단중,안전운전불이행,건조,맑음,교차로 - 교차로부근,승용,남,78세,상해없음,보행자,여,76.0,중상,서울특별시 노원구
2020032800100394,2020년 3월 28일 19시,토요일,서울특별시 동작구 상도동,경상사고,0,0,1,0,차대사람 - 길가장자리구역통행중,안전운전불이행,건조,맑음,단일로 - 기타,승용,남,54세,상해없음,보행자,남,67.0,경상,서울특별시 동작구
2020032900100087,2020년 3월 29일 09시,일요일,서울특별시 광진구 군자동,경상사고,0,0,1,0,차대사람 - 횡단중,안전운전불이행,건조,맑음,단일로 - 기타,승용,남,60세,상해없음,보행자,여,72.0,경상,서울특별시 광진구
2020032900100133,2020년 3월 29일 12시,일요일,서울특별시 성북구 정릉동,중상사고,0,1,0,0,차대사람 - 횡단중,보행자보호의무위반,건조,맑음,교차로 - 교차로횡단보도내,승용,남,29세,상해없음,보행자,여,67.0,중상,서울특별시 성북구
2020032900100256,2020년 3월 29일 17시,일요일,서울특별시 동대문구 용두동,경상사고,0,0,2,0,차대사람 - 횡단중,안전운전불이행,건조,맑음,단일로 - 기타,자전거,여,47세,경상,보행자,여,67.0,경상,서울특별시 동대문구
2020033000100025,2020년 3월 30일 04시,월요일,서울특별시 서초구 반포동,중상사고,0,1,0,0,차대사람 - 횡단중,보행자보호의무위반,건조,맑음,단일로 - 기타,승용,남,68세,상해없음,보행자,남,71.0,중상,서울특별시 서초구
2020033000100133,2020년 3월 30일 10시,월요일,서울특별시 양천구 신월동,중상사고,0,2,0,0,차대사람 - 보도통행중,안전운전불이행,기타,맑음,기타 - 기타,승용,남,36세,상해없음,보행자,여,61.0,중상,서울특별시 양천구
2020033000100159,2020년 3월 30일 11시,월요일,서울특별시 동대문구 답십리동,중상사고,0,1,0,0,차대사람 - 횡단중,안전운전불이행,건조,맑음,단일로 - 기타,화물,남,62세,상해없음,보행자,여,78.0,중상,서울특별시 동대문구
2020033000100292,2020년 3월 30일 15시,월요일,서울특별시 강북구 미아동,경상사고,0,0,1,0,차대사람 - 기타,안전운전불이행,건조,맑음,단일로 - 기타,승용,남,40세,상해없음,보행자,여,70.0,경상,서울특별시 강북구
2020033000100322,2020년 3월 30일 16시,월요일,서울특별시 종로구 내자동,경상사고,0,0,1,0,차대사람 - 기타,기타,건조,맑음,기타 - 기타,승합,남,56세,상해없음,보행자,여,65.0,경상,서울특별시 종로구
2020033000100325,2020년 3월 30일 16시,월요일,서울특별시 영등포구 양평동5가,경상사고,0,0,1,0,차대사람 - 횡단중,보행자보호의무위반,건조,맑음,교차로 - 교차로횡단보도내,승용,여,61세,상해없음,보행자,여,76.0,경상,서울특별시 영등포구
2020033000100431,2020년 3월 30일 19시,월요일,서울특별시 중랑구 상봉동,중상사고,0,1,0,0,차대사람 - 차도통행중,교차로운행방법위반,건조,맑음,교차로 - 교차로안,승합,남,71세,상해없음,보행자,여,67.0,중상,서울특별시 중랑구
2020033000100473,2020년 3월 30일 20시,월요일,서울특별시 강서구 화곡동,중상사고,0,1,0,0,차대사람 - 기타,안전운전불이행,건조,맑음,단일로 - 기타,승용,여,56세,상해없음,보행자,여,67.0,중상,서울특별시 강서구
2020033100100126,2020년 3월 31일 10시,화요일,서울특별시 용산구 이촌동,중상사고,0,1,0,0,차대사람 - 횡단중,보행자보호의무위반,건조,맑음,교차로 - 교차로횡단보도내,승용,여,63세,상해없음,보행자,여,67.0,중상,서울특별시 용산구
2020033100100133,2020년 3월 31일 10시,화요일,서울특별시 강남구 대치동,중상사고,0,1,0,0,차대사람 - 횡단중,안전운전불이행,건조,맑음,단일로 - 기타,이륜,남,29세,상해없음,보행자,여,82.0,중상,서울특별시 강남구
2020033100100321,2020년 3월 31일 16시,화요일,서울특별시 동작구 상도동,중상사고,0,1,0,0,차대사람 - 횡단중,안전운전불이행,건조,맑음,단일로 - 기타,승용,남,67세,상해없음,보행자,여,66.0,중상,서울특별시 동작구
2020033100100324,2020년 3월 31일 16시,화요일,서울특별시 양천구 신정동,경상사고,0,0,1,0,차대사람 - 기타,안전운전불이행,건조,맑음,기타 - 기타,자전거,남,49세,기타불명,보행자,여,68.0,경상,서울특별시 양천구
2020033100100429,2020년 3월 31일 19시,화요일,서울특별시 영등포구 여의도동,경상사고,0,0,1,0,차대사람 - 횡단중,보행자보호의무위반,건조,맑음,교차로 - 교차로안,승합,남,68세,상해없음,보행자,여,67.0,경상,서울특별시 영등포구
2020040100100037,2020년 4월 1일 04시,수요일,서울특별시 강남구 압구정동,경상사고,0,0,1,0,차대사람 - 보도통행중,안전운전불이행,건조,맑음,기타 - 기타,승용,남,46세,상해없음,보행자,남,67.0,경상,서울특별시 강남구
2020040100100107,2020년 4월 1일 09시,수요일,서울특별시 송파구 풍납동,중상사고,0,1,0,0,차대사람 - 횡단중,보행자보호의무위반,건조,맑음,교차로 - 교차로횡단보도내,건설기계,남,61세,상해없음,보행자,남,69.0,중상,서울특별시 송파구
2020040300100072,2020년 4월 3일 08시,금요일,서울특별시 은평구 역촌동,중상사고,0,1,0,0,차대사람 - 기타,안전운전불이행,건조,맑음,단일로 - 기타,승용,여,28세,상해없음,보행자,여,75.0,중상,서울특별시 은평구
2020040300100101,2020년 4월 3일 09시,금요일,서울특별시 동대문구 용두동,경상사고,0,0,1,0,차대사람 - 횡단중,안전운전불이행,건조,맑음,교차로 - 교차로안,승용,남,60세,상해없음,보행자,남,80.0,경상,서울특별시 동대문구
2020040300100102,2020년 4월 3일 09시,금요일,서울특별시 영등포구 대림동,중상사고,0,1,0,0,차대사람 - 횡단중,보행자보호의무위반,건조,맑음,교차로 - 교차로안,승용,남,19세,상해없음,보행자,여,66.0,중상,서울특별시 영등포구
2020040300100129,2020년 4월 3일 10시,금요일,서울특별시 광진구 중곡동,경상사고,0,0,1,0,차대사람 - 기타,안전운전불이행,건조,맑음,교차로 - 교차로안,승용,남,68세,상해없음,보행자,여,84.0,경상,서울특별시 광진구
2020040300100214,2020년 4월 3일 13시,금요일,서울특별시 강남구 역삼동,부상신고사고,0,0,0,1,차대사람 - 기타,안전운전불이행,건조,맑음,교차로 - 교차로안,승용,남,65세,상해없음,보행자,남,67.0,부상신고,서울특별시 강남구
2020040300100345,2020년 4월 3일 17시,금요일,서울특별시 동대문구 회기동,경상사고,0,0,1,0,차대사람 - 보도통행중,신호위반,건조,맑음,교차로 - 교차로횡단보도내,이륜,남,20세,상해없음,보행자,여,79.0,경상,서울특별시 동대문구
2020040300100495,2020년 4월 3일 20시,금요일,서울특별시 노원구 월계동,중상사고,0,1,0,0,차대사람 - 기타,안전운전불이행,건조,맑음,교차로 - 교차로안,승용,남,45세,상해없음,보행자,여,65.0,중상,서울특별시 노원구
2020040400100078,2020년 4월 4일 07시,토요일,서울특별시 도봉구 창동,중상사고,0,1,0,0,차대사람 - 기타,안전운전불이행,건조,맑음,단일로 - 기타,승용,남,51세,상해없음,보행자,남,77.0,중상,서울특별시 도봉구
2020040400100094,2020년 4월 4일 08시,토요일,서울특별시 중랑구 면목동,경상사고,0,0,1,0,차대사람 - 횡단중,신호위반,건조,맑음,교차로 - 교차로횡단보도내,승합,남,46세,상해없음,보행자,여,72.0,경상,서울특별시 중랑구
2020040400100468,2020년 4월 4일 19시,토요일,서울특별시 마포구 망원동,경상사고,0,0,1,0,차대사람 - 기타,안전운전불이행,건조,맑음,기타 - 기타,승용,여,45세,상해없음,보행자,남,75.0,경상,서울특별시 마포구
2020040500100122,2020년 4월 5일 11시,일요일,서울특별시 송파구 마천동,경상사고,0,0,1,0,차대사람 - 차도통행중,안전운전불이행,건조,맑음,단일로 - 기타,승용,남,56세,상해없음,보행자,남,79.0,경상,서울특별시 송파구
2020040500100240,2020년 4월 5일 15시,일요일,서울특별시 영등포구 신길동,중상사고,0,1,0,0,차대사람 - 기타,안전운전불이행,건조,맑음,교차로 - 교차로안,승용,여,28세,상해없음,보행자,여,82.0,중상,서울특별시 영등포구
2020040600100026,2020년 4월 6일 05시,월요일,서울특별시 강남구 일원동,부상신고사고,0,0,0,1,차대사람 - 횡단중,보행자보호의무위반,건조,맑음,교차로 - 교차로횡단보도내,화물,남,57세,상해없음,보행자,여,85.0,부상신고,서울특별시 강남구
2020040600100143,2020년 4월 6일 10시,월요일,서울특별시 영등포구 양평동6가,중상사고,0,1,0,0,차대사람 - 길가장자리구역통행중,안전운전불이행,건조,맑음,단일로 - 기타,자전거,남,43세,상해없음,보행자,여,68.0,중상,서울특별시 영등포구
2020040600100205,2020년 4월 6일 12시,월요일,서울특별시 성북구 길음동,중상사고,0,1,0,0,차대사람 - 횡단중,보행자보호의무위반,건조,맑음,교차로 - 교차로안,승합,남,71세,상해없음,보행자,여,72.0,중상,서울특별시 성북구
2020040700100001,2020년 4월 7일 00시,화요일,서울특별시 영등포구 영등포동,중상사고,0,1,0,0,차대사람 - 차도통행중,안전운전불이행,건조,맑음,교차로 - 교차로안,승용,남,61세,상해없음,보행자,남,68.0,중상,서울특별시 영등포구
2020040700100031,2020년 4월 7일 05시,화요일,서울특별시 광진구 구의동,사망사고,1,0,0,0,차대사람 - 횡단중,안전운전불이행,건조,맑음,단일로 - 기타,승용,남,42세,상해없음,보행자,여,85.0,사망,서울특별시 광진구
2020040700100104,2020년 4월 7일 09시,화요일,서울특별시 동작구 상도동,중상사고,0,1,0,0,차대사람 - 보도통행중,보행자보호의무위반,건조,맑음,교차로 - 교차로안,승합,남,54세,상해없음,보행자,여,82.0,중상,서울특별시 동작구
2020040700100132,2020년 4월 7일 10시,화요일,서울특별시 관악구 봉천동,중상사고,0,1,0,0,차대사람 - 기타,안전운전불이행,건조,맑음,교차로 - 교차로부근,화물,남,55세,상해없음,보행자,여,95.0,중상,서울특별시 관악구
2020040700100279,2020년 4월 7일 15시,화요일,서울특별시 중랑구 묵동,중상사고,0,1,1,0,차대사람 - 횡단중,안전운전불이행,건조,맑음,단일로 - 기타,자전거,남,31세,경상,보행자,여,77.0,중상,서울특별시 중랑구
2020040800100033,2020년 4월 8일 03시,수요일,서울특별시 양천구 목동,중상사고,0,1,0,0,차대사람 - 횡단중,안전운전불이행,건조,맑음,교차로 - 교차로횡단보도내,승용,남,70세,상해없음,보행자,남,76.0,중상,서울특별시 양천구
2020040800100087,2020년 4월 8일 08시,수요일,서울특별시 동대문구 회기동,중상사고,0,1,0,0,차대사람 - 기타,보행자보호의무위반,건조,맑음,단일로 - 기타,화물,남,50세,상해없음,보행자,남,70.0,중상,서울특별시 동대문구
2020040800100149,2020년 4월 8일 10시,수요일,서울특별시 종로구 운니동,경상사고,0,0,1,0,차대사람 - 차도통행중,안전운전불이행,건조,맑음,단일로 - 기타,승용,남,43세,상해없음,보행자,남,69.0,경상,서울특별시 종로구
2020040800100213,2020년 4월 8일 12시,수요일,서울특별시 강남구 삼성동,부상신고사고,0,0,0,1,차대사람 - 기타,안전운전불이행,건조,기타,단일로 - 기타,승용,남,36세,상해없음,보행자,여,68.0,부상신고,서울특별시 강남구
2020040800100271,2020년 4월 8일 14시,수요일,서울특별시 노원구 공릉동,경상사고,0,0,1,1,차대사람 - 기타,안전운전불이행,건조,맑음,단일로 - 기타,자전거,여,20세,부상신고,보행자,여,75.0,경상,서울특별시 노원구
2020040900100273,2020년 4월 9일 14시,목요일,서울특별시 관악구 신림동,중상사고,0,1,0,0,차대사람 - 기타,안전운전불이행,건조,맑음,기타 - 기타,승용,여,61세,상해없음,보행자,남,71.0,중상,서울특별시 관악구
2020041000100168,2020년 4월 10일 11시,금요일,서울특별시 용산구 용문동,사망사고,1,0,0,0,차대사람 - 횡단중,안전운전불이행,건조,맑음,단일로 - 기타,건설기계,남,48세,상해없음,보행자,여,89.0,사망,서울특별시 용산구
2020041000100351,2020년 4월 10일 16시,금요일,서울특별시 송파구 문정동,중상사고,0,1,0,0,차대사람 - 차도통행중,안전운전불이행,건조,맑음,단일로 - 기타,승용,남,67세,상해없음,보행자,여,84.0,중상,서울특별시 송파구
2020041100100160,2020년 4월 11일 11시,토요일,서울특별시 강남구 역삼동,경상사고,0,0,1,0,차대사람 - 길가장자리구역통행중,안전운전불이행,건조,맑음,단일로 - 기타,원동기,남,27세,상해없음,보행자,남,72.0,경상,서울특별시 강남구
2020041100100161,2020년 4월 11일 11시,토요일,서울특별시 송파구 방이동,경상사고,0,0,1,0,차대사람 - 기타,신호위반,건조,맑음,교차로 - 교차로안,건설기계,남,62세,상해없음,보행자,여,76.0,경상,서울특별시 송파구
2020041100100194,2020년 4월 11일 12시,토요일,서울특별시 강남구 자곡동,부상신고사고,0,0,0,1,차대사람 - 기타,안전운전불이행,건조,맑음,교차로 - 교차로안,승용,남,31세,상해없음,보행자,남,68.0,부상신고,서울특별시 강남구
2020041100100367,2020년 4월 11일 17시,토요일,서울특별시 은평구 응암동,중상사고,0,1,0,0,차대사람 - 기타,안전운전불이행,건조,맑음,교차로 - 교차로안,승용,남,61세,상해없음,보행자,여,81.0,중상,서울특별시 은평구
2020041200100051,2020년 4월 12일 04시,일요일,서울특별시 관악구 신림동,경상사고,0,0,1,0,차대사람 - 기타,안전운전불이행,기타,기타,교차로 - 교차로안,승용,남,59세,기타불명,보행자,남,65.0,경상,서울특별시 관악구
2020041300100192,2020년 4월 13일 12시,월요일,서울특별시 금천구 가산동,중상사고,0,1,0,0,차대사람 - 기타,보행자보호의무위반,건조,맑음,교차로 - 교차로안,화물,남,40세,상해없음,보행자,남,65.0,중상,서울특별시 금천구
2020041300100222,2020년 4월 13일 13시,월요일,서울특별시 서대문구 연희동,중상사고,0,1,0,0,차대사람 - 기타,신호위반,건조,맑음,교차로 - 교차로횡단보도내,화물,남,62세,상해없음,보행자,남,69.0,중상,서울특별시 서대문구
2020041300100410,2020년 4월 13일 18시,월요일,서울특별시 종로구 평창동,경상사고,0,0,1,0,차대사람 - 기타,안전운전불이행,건조,맑음,단일로 - 기타,승합,남,44세,상해없음,보행자,남,73.0,경상,서울특별시 종로구
2020041400100076,2020년 4월 14일 08시,화요일,서울특별시 중구 을지로6가,중상사고,0,1,0,0,차대사람 - 횡단중,안전운전불이행,건조,맑음,단일로 - 기타,화물,남,51세,상해없음,보행자,여,68.0,중상,서울특별시 중구
2020041400100115,2020년 4월 14일 09시,화요일,서울특별시 도봉구 창동,중상사고,0,1,0,0,차대사람 - 횡단중,보행자보호의무위반,건조,맑음,교차로 - 교차로횡단보도내,화물,남,64세,상해없음,보행자,남,76.0,중상,서울특별시 도봉구
2020041400100275,2020년 4월 14일 14시,화요일,서울특별시 강서구 화곡동,중상사고,0,1,0,0,차대사람 - 차도통행중,안전운전불이행,건조,맑음,교차로 - 교차로안,승용,남,26세,상해없음,보행자,여,70.0,중상,서울특별시 강서구
2020041400100299,2020년 4월 14일 15시,화요일,서울특별시 도봉구 창동,중상사고,0,1,0,0,차대사람 - 횡단중,안전운전불이행,건조,맑음,단일로 - 기타,화물,남,47세,상해없음,보행자,남,77.0,중상,서울특별시 도봉구
2020041500100044,2020년 4월 15일 03시,수요일,서울특별시 강서구 가양동,중상사고,0,1,0,0,차대사람 - 기타,보행자보호의무위반,건조,맑음,단일로 - 기타,화물,남,52세,상해없음,보행자,남,67.0,중상,서울특별시 강서구
2020041500100138,2020년 4월 15일 11시,수요일,서울특별시 마포구 연남동,중상사고,0,1,0,0,차대사람 - 횡단중,안전운전불이행,건조,맑음,단일로 - 기타,이륜,남,44세,상해없음,보행자,여,70.0,중상,서울특별시 마포구
2020041500100222,2020년 4월 15일 14시,수요일,서울특별시 구로구 가리봉동,중상사고,0,1,0,0,차대사람 - 기타,안전운전불이행,건조,맑음,단일로 - 기타,화물,남,57세,상해없음,보행자,여,82.0,중상,서울특별시 구로구
2020041500100263,2020년 4월 15일 15시,수요일,서울특별시 구로구 가리봉동,중상사고,0,1,0,0,차대사람 - 횡단중,안전운전불이행,건조,맑음,단일로 - 기타,승합,남,56세,상해없음,보행자,여,66.0,중상,서울특별시 구로구
2020041500100325,2020년 4월 15일 17시,수요일,서울특별시 노원구 월계동,경상사고,0,0,1,0,차대사람 - 기타,안전운전불이행,건조,맑음,단일로 - 기타,승용,여,63세,상해없음,보행자,여,75.0,경상,서울특별시 노원구
2020041600100035,2020년 4월 16일 05시,목요일,서울특별시 영등포구 여의도동,중상사고,0,1,0,0,차대사람 - 횡단중,안전운전불이행,건조,맑음,단일로 - 기타,승용,남,59세,상해없음,보행자,남,71.0,중상,서울특별시 영등포구
2020041600100195,2020년 4월 16일 13시,목요일,서울특별시 강서구 화곡동,중상사고,0,1,0,0,차대사람 - 길가장자리구역통행중,안전운전불이행,건조,맑음,단일로 - 기타,화물,남,44세,상해없음,보행자,여,71.0,중상,서울특별시 강서구
2020041600100261,2020년 4월 16일 15시,목요일,서울특별시 관악구 남현동,중상사고,0,1,0,0,차대사람 - 횡단중,안전운전불이행,건조,맑음,교차로 - 교차로횡단보도내,승용,남,74세,상해없음,보행자,여,83.0,중상,서울특별시 관악구
2020041600100330,2020년 4월 16일 17시,목요일,서울특별시 노원구 상계동,중상사고,0,1,0,0,차대사람 - 보도통행중,신호위반,건조,맑음,교차로 - 교차로안,승용,남,50세,상해없음,보행자,여,69.0,중상,서울특별시 노원구
2020041700100404,2020년 4월 17일 19시,금요일,서울특별시 노원구 공릉동,중상사고,0,1,0,1,차대사람 - 횡단중,보행자보호의무위반,건조,흐림,교차로 - 교차로횡단보도내,이륜,남,27세,부상신고,보행자,여,81.0,중상,서울특별시 노원구
2020041800100048,2020년 4월 18일 05시,토요일,서울특별시 중랑구 면목동,중상사고,0,1,0,0,차대사람 - 기타,안전운전불이행,건조,기타,단일로 - 기타,승용,남,65세,상해없음,보행자,남,70.0,중상,서울특별시 중랑구
2020041800100260,2020년 4월 18일 14시,토요일,서울특별시 중랑구 신내동,중상사고,0,1,0,0,차대사람 - 횡단중,안전운전불이행,건조,맑음,교차로 - 교차로안,승합,남,54세,상해없음,보행자,여,70.0,중상,서울특별시 중랑구
2020041800100488,2020년 4월 18일 21시,토요일,서울특별시 중랑구 상봉동,경상사고,0,0,1,0,차대사람 - 기타,안전운전불이행,건조,맑음,기타 - 기타,이륜,남,23세,기타불명,보행자,여,66.0,경상,서울특별시 중랑구
2020041800100526,2020년 4월 18일 23시,토요일,서울특별시 중랑구 신내동,중상사고,0,1,0,0,차대사람 - 기타,신호위반,건조,맑음,교차로 - 교차로횡단보도내,자전거,남,17세,상해없음,보행자,여,70.0,중상,서울특별시 중랑구
2020041900100073,2020년 4월 19일 08시,일요일,서울특별시 도봉구 도봉동,중상사고,0,1,0,0,차대사람 - 횡단중,안전운전불이행,건조,맑음,단일로 - 기타,승용,여,42세,상해없음,보행자,여,72.0,중상,서울특별시 도봉구
2020041900100191,2020년 4월 19일 15시,일요일,서울특별시 성동구 응봉동,경상사고,0,0,1,0,차대사람 - 횡단중,보행자보호의무위반,건조,맑음,교차로 - 교차로안,승용,여,20세,상해없음,보행자,여,65.0,경상,서울특별시 성동구
2020041900100293,2020년 4월 19일 19시,일요일,서울특별시 노원구 상계동,중상사고,0,1,0,0,차대사람 - 기타,안전운전불이행,젖음/습기,비,단일로 - 기타,이륜,남,16세,상해없음,보행자,남,72.0,중상,서울특별시 노원구
2020041900100391,2020년 4월 19일 22시,일요일,서울특별시 중랑구 묵동,경상사고,0,0,1,0,차대사람 - 횡단중,안전운전불이행,젖음/습기,비,단일로 - 기타,이륜,남,27세,상해없음,보행자,여,67.0,경상,서울특별시 중랑구
2020042000100024,2020년 4월 20일 03시,월요일,서울특별시 양천구 신정동,중상사고,0,1,0,0,차대사람 - 기타,안전운전불이행,젖음/습기,흐림,교차로 - 교차로안,승용,여,58세,상해없음,보행자,남,77.0,중상,서울특별시 양천구
2020042000100255,2020년 4월 20일 14시,월요일,서울특별시 송파구 풍납동,중상사고,0,1,0,0,차대사람 - 횡단중,보행자보호의무위반,건조,맑음,교차로 - 교차로부근,승용,남,74세,상해없음,보행자,여,67.0,중상,서울특별시 송파구
2020042000100303,2020년 4월 20일 15시,월요일,서울특별시 성북구 석관동,경상사고,0,0,1,0,차대사람 - 횡단중,보행자보호의무위반,건조,맑음,교차로 - 교차로횡단보도내,승용,남,38세,상해없음,보행자,여,73.0,경상,서울특별시 성북구
2020042000100518,2020년 4월 20일 23시,월요일,서울특별시 중랑구 중화동,사망사고,1,0,0,0,차대사람 - 횡단중,과속,건조,맑음,교차로 - 교차로횡단보도내,승용,남,66세,상해없음,보행자,여,70.0,사망,서울특별시 중랑구
2020042100100069,2020년 4월 21일 08시,화요일,서울특별시 강서구 화곡동,경상사고,0,0,1,0,차대사람 - 차도통행중,안전운전불이행,건조,맑음,교차로 - 교차로부근,승용,여,43세,상해없음,보행자,여,79.0,경상,서울특별시 강서구
2020042100100104,2020년 4월 21일 09시,화요일,서울특별시 중구 신당동,경상사고,0,0,1,0,차대사람 - 차도통행중,안전운전불이행,건조,맑음,단일로 - 기타,화물,남,38세,상해없음,보행자,여,81.0,경상,서울특별시 중구
2020042100100112,2020년 4월 21일 09시,화요일,서울특별시 강서구 화곡동,중상사고,0,1,0,0,차대사람 - 기타,안전운전불이행,건조,맑음,교차로 - 교차로안,이륜,남,74세,상해없음,보행자,여,67.0,중상,서울특별시 강서구
2020042100100133,2020년 4월 21일 10시,화요일,서울특별시 관악구 봉천동,중상사고,0,1,0,0,차대사람 - 기타,안전운전불이행,건조,맑음,단일로 - 기타,이륜,남,33세,상해없음,보행자,여,69.0,중상,서울특별시 관악구
2020042100100316,2020년 4월 21일 16시,화요일,서울특별시 동작구 상도동,경상사고,0,0,1,0,차대사람 - 기타,안전운전불이행,건조,맑음,단일로 - 기타,기타불명,기타불명,미분류,기타불명,보행자,여,67.0,경상,서울특별시 동작구
2020042100100342,2020년 4월 21일 17시,화요일,서울특별시 용산구 이촌동,중상사고,0,1,0,0,차대사람 - 차도통행중,안전운전불이행,건조,맑음,단일로 - 기타,승합,남,70세,상해없음,보행자,여,82.0,중상,서울특별시 용산구
2020042100100344,2020년 4월 21일 17시,화요일,서울특별시 도봉구 쌍문동,중상사고,0,1,0,0,차대사람 - 차도통행중,안전운전불이행,건조,맑음,교차로 - 교차로안,승용,남,54세,상해없음,보행자,여,82.0,중상,서울특별시 도봉구
2020042200100050,2020년 4월 22일 06시,수요일,서울특별시 송파구 방이동,부상신고사고,0,0,0,1,차대사람 - 기타,안전운전불이행,건조,맑음,교차로 - 교차로부근,기타불명,기타불명,미분류,기타불명,보행자,여,74.0,부상신고,서울특별시 송파구
2020042200100205,2020년 4월 22일 12시,수요일,서울특별시 중랑구 상봉동,경상사고,0,0,1,0,차대사람 - 횡단중,안전운전불이행,건조,맑음,교차로 - 교차로부근,승용,여,43세,상해없음,보행자,여,70.0,경상,서울특별시 중랑구
2020042200100237,2020년 4월 22일 13시,수요일,서울특별시 강남구 수서동,중상사고,0,1,0,0,차대사람 - 횡단중,보행자보호의무위반,건조,맑음,단일로 - 기타,승용,여,43세,상해없음,보행자,여,80.0,중상,서울특별시 강남구
2020042200100362,2020년 4월 22일 17시,수요일,서울특별시 노원구 상계동,중상사고,0,1,0,0,차대사람 - 횡단중,안전운전불이행,건조,맑음,단일로 - 기타,승용,남,28세,상해없음,보행자,남,78.0,중상,서울특별시 노원구
2020042300100045,2020년 4월 23일 05시,목요일,서울특별시 은평구 녹번동,중상사고,0,1,0,0,차대사람 - 차도통행중,안전운전불이행,건조,맑음,단일로 - 기타,승합,남,35세,상해없음,보행자,여,76.0,중상,서울특별시 은평구
2020042300100063,2020년 4월 23일 07시,목요일,서울특별시 성북구 안암동5가,중상사고,0,1,0,0,차대사람 - 기타,안전운전불이행,건조,맑음,교차로 - 교차로안,화물,남,35세,상해없음,보행자,남,71.0,중상,서울특별시 성북구
2020042300100178,2020년 4월 23일 11시,목요일,서울특별시 성동구 성수동2가,경상사고,0,0,1,0,차대사람 - 횡단중,보행자보호의무위반,건조,맑음,교차로 - 교차로안,승합,남,41세,상해없음,보행자,여,78.0,경상,서울특별시 성동구
2020042300100179,2020년 4월 23일 11시,목요일,서울특별시 성북구 장위동,경상사고,0,0,1,0,차대사람 - 기타,기타,건조,맑음,단일로 - 기타,이륜,남,70세,상해없음,보행자,여,77.0,경상,서울특별시 성북구
2020042300100342,2020년 4월 23일 17시,목요일,서울특별시 마포구 도화동,중상사고,0,1,0,0,차대사람 - 차도통행중,안전운전불이행,건조,맑음,교차로 - 교차로안,승용,여,32세,상해없음,보행자,여,84.0,중상,서울특별시 마포구
2020042300100497,2020년 4월 23일 21시,목요일,서울특별시 강북구 미아동,중상사고,0,1,0,0,차대사람 - 횡단중,안전운전불이행,건조,맑음,단일로 - 기타,화물,남,50세,상해없음,보행자,여,65.0,중상,서울특별시 강북구
2020042300100525,2020년 4월 23일 22시,목요일,서울특별시 강동구 강일동,경상사고,0,0,1,0,차대사람 - 기타,안전운전불이행,건조,맑음,단일로 - 기타,승합,남,54세,상해없음,보행자,남,72.0,경상,서울특별시 강동구
2020042400100047,2020년 4월 24일 05시,금요일,서울특별시 중구 회현동2가,중상사고,0,1,0,0,차대사람 - 기타,안전운전불이행,건조,맑음,교차로 - 교차로부근,화물,남,29세,상해없음,보행자,여,71.0,중상,서울특별시 중구
2020042400100150,2020년 4월 24일 10시,금요일,서울특별시 성북구 보문동7가,경상사고,0,0,1,0,차대사람 - 차도통행중,안전운전불이행,건조,맑음,교차로 - 교차로안,화물,남,42세,상해없음,보행자,남,79.0,경상,서울특별시 성북구
2020042400100299,2020년 4월 24일 14시,금요일,서울특별시 동대문구 회기동,경상사고,0,0,1,0,차대사람 - 횡단중,안전운전불이행,건조,맑음,단일로 - 기타,화물,남,50세,상해없음,보행자,남,68.0,경상,서울특별시 동대문구
2020042400100581,2020년 4월 24일 21시,금요일,서울특별시 강동구 천호동,경상사고,0,0,1,0,차대사람 - 횡단중,보행자보호의무위반,건조,맑음,교차로 - 교차로안,승용,남,32세,상해없음,보행자,남,65.0,경상,서울특별시 강동구
2020042500100063,2020년 4월 25일 05시,토요일,서울특별시 용산구 이태원동,중상사고,0,1,0,0,차대사람 - 기타,안전운전불이행,건조,기타,기타 - 기타,승용,남,59세,상해없음,보행자,남,75.0,중상,서울특별시 용산구
2020042500100100,2020년 4월 25일 08시,토요일,서울특별시 동대문구 장안동,중상사고,0,1,0,0,차대사람 - 기타,안전운전불이행,건조,맑음,기타 - 기타,승용,남,70세,상해없음,보행자,남,77.0,중상,서울특별시 동대문구