사고번호,사고일시,요일,시군구,사고내용,사망자수,중상자수,경상자수,부상신고자수,사고유형,법규위반,노면상태,기상상태,도로형태,가해운전자 차종,가해운전자 성별,가해운전자 연령,가해운전자 상해정도,피해운전자 차종,피해운전자 성별,피해운전자 연령,피해운전자 상해정도,구
2020060800100263,2020년 6월 8일 12시,월요일,서울특별시 영등포구 여의도동,중상사고,0,1,0,0,차대사람 - 기타,신호위반,건조,맑음,단일로 - 기타,승용,남,76세,상해없음,보행자,남,78.0,중상,서울특별시 영등포구
2020060800100313,2020년 6월 8일 13시,월요일,서울특별시 강서구 화곡동,경상사고,0,0,1,0,차대사람 - 차도통행중,안전운전불이행,건조,맑음,단일로 - 기타,이륜,남,31세,상해없음,보행자,남,79.0,경상,서울특별시 강서구
2020060800100316,2020년 6월 8일 13시,월요일,서울특별시 강남구 자곡동,중상사고,0,1,0,0,차대사람 - 횡단중,보행자보호의무위반,건조,맑음,교차로 - 교차로횡단보도내,승용,여,34세,상해없음,보행자,남,72.0,중상,서울특별시 강남구
2020060800100350,2020년 6월 8일 14시,월요일,서울특별시 강동구 길동,경상사고,0,0,1,0,차대사람 - 기타,안전운전불이행,건조,맑음,단일로 - 기타,승용,여,69세,상해없음,보행자,여,81.0,경상,서울특별시 강동구
2020060800100527,2020년 6월 8일 18시,월요일,서울특별시 동대문구 장안동,경상사고,0,0,1,0,차대사람 - 기타,안전운전불이행,건조,맑음,단일로 - 기타,승용,남,41세,상해없음,보행자,남,75.0,경상,서울특별시 동대문구
2020060900100222,2020년 6월 9일 11시,화요일,서울특별시 송파구 잠실동,중상사고,0,1,0,0,차대사람 - 기타,보행자보호의무위반,건조,맑음,단일로 - 기타,승용,남,79세,상해없음,보행자,여,80.0,중상,서울특별시 송파구
2020060900100373,2020년 6월 9일 15시,화요일,서울특별시 중랑구 망우동,경상사고,0,0,1,0,차대사람 - 길가장자리구역통행중,안전운전불이행,건조,맑음,기타 - 기타,화물,남,25세,상해없음,보행자,여,68.0,경상,서울특별시 중랑구
2020061000100178,2020년 6월 10일 10시,수요일,서울특별시 중랑구 면목동,경상사고,0,0,1,0,차대사람 - 기타,안전운전불이행,건조,맑음,단일로 - 기타,승용,남,72세,상해없음,보행자,여,89.0,경상,서울특별시 중랑구
2020061000100217,2020년 6월 10일 11시,수요일,서울특별시 도봉구 창동,중상사고,0,1,0,0,차대사람 - 횡단중,안전운전불이행,건조,맑음,단일로 - 기타,승용,남,51세,상해없음,보행자,여,69.0,중상,서울특별시 도봉구
2020061000100546,2020년 6월 10일 19시,수요일,서울특별시 동대문구 장안동,중상사고,0,1,0,0,차대사람 - 기타,안전운전불이행,건조,맑음,교차로 - 교차로부근,승용,남,46세,상해없음,보행자,여,75.0,중상,서울특별시 동대문구
2020061000100549,2020년 6월 10일 19시,수요일,서울특별시 중랑구 중화동,경상사고,0,0,2,0,차대사람 - 횡단중,안전운전불이행,젖음/습기,비,교차로 - 교차로안,승용,여,30세,상해없음,보행자,남,76.0,경상,서울특별시 중랑구
2020061000100553,2020년 6월 10일 19시,수요일,서울특별시 강남구 역삼동,중상사고,0,1,0,0,차대사람 - 횡단중,보행자보호의무위반,젖음/습기,비,교차로 - 교차로부근,승용,남,48세,상해없음,보행자,여,69.0,중상,서울특별시 강남구
2020061000100575,2020년 6월 10일 20시,수요일,서울특별시 동대문구 용두동,경상사고,0,0,1,0,차대사람 - 기타,안전운전불이행,젖음/습기,비,교차로 - 교차로횡단보도내,승용,남,46세,상해없음,보행자,여,66.0,경상,서울특별시 동대문구
2020061100100055,2020년 6월 11일 04시,목요일,서울특별시 관악구 봉천동,사망사고,1,0,0,0,차대사람 - 기타,과속,건조,맑음,단일로 - 기타,승용,남,63세,상해없음,보행자,남,83.0,사망,서울특별시 관악구
2020061100100172,2020년 6월 11일 10시,목요일,서울특별시 동대문구 제기동,중상사고,0,2,0,0,차대사람 - 기타,안전운전불이행,건조,맑음,단일로 - 기타,승용,남,76세,상해없음,보행자,여,74.0,중상,서울특별시 동대문구
2020061100100174,2020년 6월 11일 10시,목요일,서울특별시 금천구 시흥동,경상사고,0,0,1,0,차대사람 - 기타,안전운전불이행,건조,맑음,단일로 - 기타,자전거,남,27세,상해없음,보행자,남,78.0,경상,서울특별시 금천구
2020061100100384,2020년 6월 11일 16시,목요일,서울특별시 종로구 명륜2가,중상사고,0,1,0,0,차대사람 - 횡단중,보행자보호의무위반,건조,맑음,교차로 - 교차로안,승용,여,52세,상해없음,보행자,여,77.0,중상,서울특별시 종로구
2020061100100481,2020년 6월 11일 18시,목요일,서울특별시 양천구 목동,중상사고,0,1,0,0,차대사람 - 기타,안전운전불이행,건조,맑음,교차로 - 교차로안,승용,남,64세,상해없음,보행자,여,69.0,중상,서울특별시 양천구
2020061200100089,2020년 6월 12일 08시,금요일,서울특별시 서초구 반포동,경상사고,0,0,1,0,차대사람 - 기타,안전운전불이행,건조,맑음,기타 - 기타,자전거,여,43세,상해없음,보행자,여,65.0,경상,서울특별시 서초구
2020061200100136,2020년 6월 12일 09시,금요일,서울특별시 노원구 월계동,중상사고,0,1,0,0,차대사람 - 횡단중,보행자보호의무위반,건조,맑음,교차로 - 교차로안,화물,남,55세,상해없음,보행자,남,82.0,중상,서울특별시 노원구
2020061200100171,2020년 6월 12일 10시,금요일,서울특별시 강서구 화곡동,중상사고,0,1,0,0,차대사람 - 기타,안전운전불이행,건조,맑음,기타 - 기타,승용,남,64세,상해없음,보행자,여,81.0,중상,서울특별시 강서구
2020061200100213,2020년 6월 12일 11시,금요일,서울특별시 노원구 상계동,중상사고,0,1,0,0,차대사람 - 횡단중,보행자보호의무위반,건조,맑음,교차로 - 교차로횡단보도내,승합,남,56세,상해없음,보행자,여,80.0,중상,서울특별시 노원구
2020061200100252,2020년 6월 12일 12시,금요일,서울특별시 강동구 상일동,경상사고,0,0,1,0,차대사람 - 횡단중,안전운전불이행,건조,맑음,단일로 - 기타,자전거,남,26세,상해없음,보행자,여,66.0,경상,서울특별시 강동구
2020061200100325,2020년 6월 12일 14시,금요일,서울특별시 송파구 장지동,중상사고,0,1,0,0,차대사람 - 길가장자리구역통행중,안전운전불이행,건조,맑음,단일로 - 기타,화물,남,39세,상해없음,보행자,남,69.0,중상,서울특별시 송파구
2020061200100391,2020년 6월 12일 16시,금요일,서울특별시 서대문구 연희동,중상사고,0,1,0,0,차대사람 - 보도통행중,기타,건조,맑음,단일로 - 기타,이륜,남,26세,상해없음,보행자,여,81.0,중상,서울특별시 서대문구
2020061200100490,2020년 6월 12일 18시,금요일,서울특별시 관악구 봉천동,중상사고,0,1,0,0,차대사람 - 횡단중,보행자보호의무위반,건조,맑음,교차로 - 교차로횡단보도내,화물,남,62세,상해없음,보행자,여,70.0,중상,서울특별시 관악구
2020061300100174,2020년 6월 13일 10시,토요일,서울특별시 중랑구 면목동,중상사고,0,1,0,0,차대사람 - 차도통행중,안전운전불이행,건조,맑음,교차로 - 교차로안,화물,남,56세,상해없음,보행자,여,72.0,중상,서울특별시 중랑구
2020061300100203,2020년 6월 13일 11시,토요일,서울특별시 중구 태평로2가,경상사고,0,0,1,0,차대사람 - 기타,안전운전불이행,건조,맑음,기타 - 기타,승합,남,60세,상해없음,보행자,여,74.0,경상,서울특별시 중구
2020061300100205,2020년 6월 13일 11시,토요일,서울특별시 영등포구 신길동,중상사고,0,1,0,0,차대사람 - 길가장자리구역통행중,안전운전불이행,건조,맑음,단일로 - 기타,승용,여,57세,상해없음,보행자,남,69.0,중상,서울특별시 영등포구
2020061300100282,2020년 6월 13일 13시,토요일,서울특별시 동대문구 제기동,경상사고,0,0,1,0,차대사람 - 기타,안전운전불이행,건조,맑음,단일로 - 기타,승용,남,55세,상해없음,보행자,남,67.0,경상,서울특별시 동대문구
2020061300100287,2020년 6월 13일 13시,토요일,서울특별시 관악구 봉천동,중상사고,0,1,0,0,차대사람 - 기타,중앙선침범,건조,맑음,단일로 - 기타,화물,남,39세,상해없음,보행자,남,76.0,중상,서울특별시 관악구
2020061300100440,2020년 6월 13일 17시,토요일,서울특별시 강동구 둔촌동,중상사고,0,1,0,0,차대사람 - 기타,안전운전불이행,건조,맑음,기타 - 기타,승용,남,70세,상해없음,보행자,남,65.0,중상,서울특별시 강동구
2020061300100591,2020년 6월 13일 21시,토요일,서울특별시 금천구 시흥동,중상사고,0,1,0,0,차대사람 - 기타,안전운전불이행,건조,맑음,단일로 - 기타,화물,남,66세,상해없음,보행자,여,73.0,중상,서울특별시 금천구
2020061400100098,2020년 6월 14일 08시,일요일,서울특별시 강서구 화곡동,사망사고,1,0,0,0,차대사람 - 횡단중,안전운전불이행,건조,맑음,단일로 - 기타,승용,남,33세,상해없음,보행자,여,76.0,사망,서울특별시 강서구
2020061400100120,2020년 6월 14일 10시,일요일,서울특별시 동대문구 제기동,경상사고,0,0,1,0,차대사람 - 기타,안전운전불이행,건조,맑음,단일로 - 기타,승용,남,50세,상해없음,보행자,여,65.0,경상,서울특별시 동대문구
2020061400100143,2020년 6월 14일 11시,일요일,서울특별시 중랑구 신내동,중상사고,0,1,0,0,차대사람 - 기타,기타,건조,맑음,단일로 - 기타,승합,남,57세,상해없음,보행자,남,75.0,중상,서울특별시 중랑구
2020061400100222,2020년 6월 14일 14시,일요일,서울특별시 서초구 서초동,중상사고,0,1,0,0,차대사람 - 보도통행중,기타,건조,맑음,기타 - 기타,승용,남,73세,상해없음,보행자,남,80.0,중상,서울특별시 서초구
2020061400100302,2020년 6월 14일 16시,일요일,서울특별시 영등포구 신길동,중상사고,0,1,0,0,차대사람 - 횡단중,보행자보호의무위반,건조,맑음,기타 - 기타,자전거,남,30세,상해없음,보행자,남,70.0,중상,서울특별시 영등포구
2020061400100431,2020년 6월 14일 20시,일요일,서울특별시 영등포구 신길동,경상사고,0,0,1,0,차대사람 - 횡단중,신호위반,건조,맑음,교차로 - 교차로부근,이륜,남,21세,상해없음,보행자,남,68.0,경상,서울특별시 영등포구
2020061400100455,2020년 6월 14일 21시,일요일,서울특별시 중구 남대문로5가,중상사고,0,1,0,0,차대사람 - 기타,안전운전불이행,건조,맑음,교차로 - 교차로부근,승용,남,65세,상해없음,보행자,남,68.0,중상,서울특별시 중구
2020061500100220,2020년 6월 15일 11시,월요일,서울특별시 도봉구 창동,경상사고,0,0,1,0,차대사람 - 차도통행중,신호위반,건조,맑음,단일로 - 기타,자전거,남,26세,상해없음,보행자,여,65.0,경상,서울특별시 도봉구
2020061500100366,2020년 6월 15일 15시,월요일,서울특별시 성동구 도선동,중상사고,0,1,0,0,차대사람 - 횡단중,안전운전불이행,건조,맑음,단일로 - 기타,원동기,남,33세,상해없음,보행자,여,75.0,중상,서울특별시 성동구
2020061500100411,2020년 6월 15일 16시,월요일,서울특별시 성동구 옥수동,중상사고,0,1,0,0,차대사람 - 기타,안전운전불이행,건조,맑음,기타 - 기타,자전거,남,28세,상해없음,보행자,여,70.0,중상,서울특별시 성동구
2020061500100583,2020년 6월 15일 19시,월요일,서울특별시 은평구 불광동,경상사고,0,0,1,0,차대사람 - 기타,안전운전불이행,건조,맑음,단일로 - 기타,자전거,남,8세,기타불명,보행자,여,68.0,경상,서울특별시 은평구
2020061600100059,2020년 6월 16일 07시,화요일,서울특별시 도봉구 방학동,중상사고,0,1,0,0,차대사람 - 횡단중,안전운전불이행,건조,맑음,교차로 - 교차로안,승용,남,71세,상해없음,보행자,여,72.0,중상,서울특별시 도봉구
2020061600100095,2020년 6월 16일 08시,화요일,서울특별시 성북구 종암동,경상사고,0,0,1,0,차대사람 - 횡단중,안전운전불이행,건조,맑음,교차로 - 교차로부근,승용,남,35세,상해없음,보행자,남,80.0,경상,서울특별시 성북구
2020061600100211,2020년 6월 16일 11시,화요일,서울특별시 강서구 화곡동,경상사고,0,0,1,0,차대사람 - 기타,안전운전불이행,건조,맑음,단일로 - 기타,승용,여,38세,상해없음,보행자,여,71.0,경상,서울특별시 강서구
2020061700100195,2020년 6월 17일 11시,수요일,서울특별시 동작구 사당동,중상사고,0,1,0,0,차대사람 - 길가장자리구역통행중,안전운전불이행,건조,맑음,단일로 - 기타,승합,남,47세,상해없음,보행자,여,85.0,중상,서울특별시 동작구
2020061700100235,2020년 6월 17일 12시,수요일,서울특별시 은평구 불광동,사망사고,1,0,0,0,차대사람 - 횡단중,안전운전불이행,건조,맑음,교차로 - 교차로안,승합,남,60세,상해없음,보행자,남,74.0,사망,서울특별시 은평구
2020061700100268,2020년 6월 17일 13시,수요일,서울특별시 은평구 응암동,중상사고,0,1,0,0,차대사람 - 횡단중,보행자보호의무위반,건조,맑음,교차로 - 교차로횡단보도내,승용,남,58세,상해없음,보행자,여,83.0,중상,서울특별시 은평구
2020061700100302,2020년 6월 17일 14시,수요일,서울특별시 강북구 미아동,중상사고,0,1,0,0,차대사람 - 기타,안전운전불이행,건조,맑음,단일로 - 기타,이륜,남,56세,상해없음,보행자,여,87.0,중상,서울특별시 강북구
2020061800100199,2020년 6월 18일 10시,목요일,서울특별시 중구 중림동,경상사고,0,0,1,0,차대사람 - 차도통행중,안전운전불이행,건조,맑음,단일로 - 기타,이륜,남,51세,상해없음,보행자,여,69.0,경상,서울특별시 중구
2020061800100200,2020년 6월 18일 10시,목요일,서울특별시 강북구 미아동,중상사고,0,1,0,0,차대사람 - 횡단중,보행자보호의무위반,건조,맑음,교차로 - 교차로횡단보도내,화물,남,44세,상해없음,보행자,여,78.0,중상,서울특별시 강북구
2020061800100301,2020년 6월 18일 13시,목요일,서울특별시 영등포구 대림동,경상사고,0,0,1,0,차대사람 - 기타,안전운전불이행,건조,맑음,단일로 - 기타,승용,여,41세,상해없음,보행자,여,72.0,경상,서울특별시 영등포구
2020061800100492,2020년 6월 18일 19시,목요일,서울특별시 종로구 숭인동,경상사고,0,0,1,0,차대사람 - 기타,안전운전불이행,건조,맑음,단일로 - 기타,승용,여,30세,상해없음,보행자,남,72.0,경상,서울특별시 종로구
2020061800100529,2020년 6월 18일 20시,목요일,서울특별시 금천구 가산동,중상사고,0,1,0,0,차대사람 - 기타,안전운전불이행,건조,맑음,기타 - 기타,자전거,여,57세,상해없음,보행자,여,72.0,중상,서울특별시 금천구
2020061900100055,2020년 6월 19일 06시,금요일,서울특별시 광진구 구의동,사망사고,1,0,0,0,차대사람 - 횡단중,보행자보호의무위반,건조,흐림,교차로 - 교차로횡단보도내,화물,남,50세,상해없음,보행자,남,65.0,사망,서울특별시 광진구
2020061900100070,2020년 6월 19일 07시,금요일,서울특별시 은평구 응암동,경상사고,0,0,1,0,차대사람 - 횡단중,안전운전불이행,건조,맑음,교차로 - 교차로안,승용,남,42세,상해없음,보행자,남,71.0,경상,서울특별시 은평구
2020061900100102,2020년 6월 19일 08시,금요일,서울특별시 송파구 석촌동,중상사고,0,1,0,0,차대사람 - 기타,기타,건조,맑음,교차로 - 교차로안,자전거,남,51세,상해없음,보행자,여,65.0,중상,서울특별시 송파구
2020061900100143,2020년 6월 19일 09시,금요일,서울특별시 동작구 상도동,중상사고,0,1,0,0,차대사람 - 횡단중,보행자보호의무위반,건조,맑음,교차로 - 교차로안,화물,남,38세,상해없음,보행자,여,67.0,중상,서울특별시 동작구
2020061900100168,2020년 6월 19일 10시,금요일,서울특별시 종로구 창신동,중상사고,0,1,0,0,차대사람 - 횡단중,보행자보호의무위반,건조,맑음,단일로 - 기타,승용,여,37세,상해없음,보행자,남,67.0,중상,서울특별시 종로구
2020061900100169,2020년 6월 19일 10시,금요일,서울특별시 광진구 구의동,경상사고,0,0,1,0,차대사람 - 보도통행중,기타,건조,맑음,기타 - 기타,승합,남,51세,상해없음,보행자,여,78.0,경상,서울특별시 광진구
2020061900100200,2020년 6월 19일 11시,금요일,서울특별시 성북구 길음동,경상사고,0,0,1,0,차대사람 - 횡단중,보행자보호의무위반,건조,맑음,교차로 - 교차로안,이륜,남,29세,상해없음,보행자,남,85.0,경상,서울특별시 성북구
2020061900100245,2020년 6월 19일 12시,금요일,서울특별시 중구 서소문동,중상사고,0,1,0,0,차대사람 - 기타,기타,건조,맑음,단일로 - 지하차도(도로)내,사륜오토바이(ATV),여,59세,상해없음,보행자,남,77.0,중상,서울특별시 중구
2020061900100248,2020년 6월 19일 12시,금요일,서울특별시 강북구 번동,경상사고,0,0,1,0,차대사람 - 기타,안전운전불이행,건조,맑음,단일로 - 기타,승용,여,73세,상해없음,보행자,여,72.0,경상,서울특별시 강북구
2020061900100465,2020년 6월 19일 17시,금요일,서울특별시 강북구 수유동,경상사고,0,0,1,0,차대사람 - 차도통행중,안전운전불이행,건조,맑음,단일로 - 기타,승용,남,82세,상해없음,보행자,남,82.0,경상,서울특별시 강북구
2020061900100469,2020년 6월 19일 17시,금요일,서울특별시 관악구 신림동,중상사고,0,1,0,0,차대사람 - 차도통행중,안전운전불이행,건조,맑음,교차로 - 교차로안,승용,남,45세,상해없음,보행자,여,75.0,중상,서울특별시 관악구
2020061900100475,2020년 6월 19일 17시,금요일,서울특별시 구로구 오류동,경상사고,0,0,1,0,차대사람 - 차도통행중,안전운전불이행,건조,맑음,단일로 - 기타,기타불명,기타불명,미분류,기타불명,보행자,남,66.0,경상,서울특별시 구로구
2020061900100628,2020년 6월 19일 20시,금요일,서울특별시 동작구 신대방동,중상사고,0,1,0,0,차대사람 - 횡단중,안전운전불이행,건조,맑음,단일로 - 기타,자전거,남,56세,상해없음,보행자,여,91.0,중상,서울특별시 동작구
2020061900100667,2020년 6월 19일 21시,금요일,서울특별시 노원구 상계동,경상사고,0,0,1,0,차대사람 - 횡단중,신호위반,건조,맑음,교차로 - 교차로횡단보도내,이륜,남,16세,상해없음,보행자,남,70.0,경상,서울특별시 노원구
2020061900100709,2020년 6월 19일 22시,금요일,서울특별시 서초구 서초동,경상사고,0,0,1,0,차대사람 - 횡단중,중앙선침범,건조,맑음,교차로 - 교차로횡단보도내,승용,남,55세,상해없음,보행자,여,66.0,경상,서울특별시 서초구
2020062000100125,2020년 6월 20일 09시,토요일,서울특별시 도봉구 도봉동,중상사고,0,1,0,0,차대사람 - 횡단중,안전운전불이행,건조,맑음,단일로 - 기타,승용,남,38세,상해없음,보행자,여,68.0,중상,서울특별시 도봉구
2020062000100160,2020년 6월 20일 10시,토요일,서울특별시 중랑구 망우동,중상사고,0,1,0,0,차대사람 - 길가장자리구역통행중,안전운전불이행,건조,맑음,단일로 - 기타,화물,남,46세,상해없음,보행자,여,78.0,중상,서울특별시 중랑구
2020062000100163,2020년 6월 20일 10시,토요일,서울특별시 성북구 길음동,중상사고,0,1,0,0,차대사람 - 횡단중,안전운전불이행,건조,맑음,기타 - 기타,승용,남,49세,상해없음,보행자,남,82.0,중상,서울특별시 성북구
2020062000100192,2020년 6월 20일 11시,토요일,서울특별시 서초구 잠원동,사망사고,1,0,0,0,차대사람 - 기타,중앙선침범,건조,맑음,단일로 - 기타,화물,남,40세,상해없음,보행자,여,83.0,사망,서울특별시 서초구
2020062000100328,2020년 6월 20일 14시,토요일,서울특별시 관악구 봉천동,중상사고,0,1,0,0,차대사람 - 기타,안전운전불이행,건조,맑음,단일로 - 기타,화물,남,55세,상해없음,보행자,여,77.0,중상,서울특별시 관악구
2020062000100455,2020년 6월 20일 17시,토요일,서울특별시 송파구 잠실동,경상사고,0,0,1,0,차대사람 - 길가장자리구역통행중,안전운전불이행,건조,맑음,단일로 - 기타,이륜,남,46세,상해없음,보행자,여,75.0,경상,서울특별시 송파구
2020062100100495,2020년 6월 21일 22시,일요일,서울특별시 도봉구 창동,부상신고사고,0,0,0,1,차대사람 - 횡단중,안전운전불이행,건조,맑음,단일로 - 기타,승용,남,49세,상해없음,보행자,여,68.0,부상신고,서울특별시 도봉구
2020062100100504,2020년 6월 21일 23시,일요일,서울특별시 중구 저동2가,사망사고,1,0,0,0,차대사람 - 차도통행중,안전운전불이행,건조,맑음,단일로 - 기타,승용,남,48세,상해없음,보행자,남,71.0,사망,서울특별시 중구
2020062200100051,2020년 6월 22일 06시,월요일,서울특별시 노원구 상계동,중상사고,0,1,0,0,차대사람 - 횡단중,보행자보호의무위반,건조,맑음,교차로 - 교차로횡단보도내,승용,남,69세,상해없음,보행자,남,79.0,중상,서울특별시 노원구
2020062200100191,2020년 6월 22일 10시,월요일,서울특별시 중랑구 면목동,중상사고,0,1,0,0,차대사람 - 기타,중앙선침범,건조,맑음,교차로 - 교차로안,승용,여,48세,상해없음,보행자,남,69.0,중상,서울특별시 중랑구
2020062200100509,2020년 6월 22일 17시,월요일,서울특별시 마포구 공덕동,경상사고,0,0,1,0,차대사람 - 횡단중,보행자보호의무위반,건조,맑음,단일로 - 기타,이륜,남,37세,기타불명,보행자,여,70.0,경상,서울특별시 마포구
2020062300100103,2020년 6월 23일 08시,화요일,서울특별시 중랑구 면목동,경상사고,0,0,1,0,차대사람 - 횡단중,보행자보호의무위반,건조,맑음,교차로 - 교차로횡단보도내,화물,남,52세,상해없음,보행자,남,69.0,경상,서울특별시 중랑구
2020062300100107,2020년 6월 23일 08시,화요일,서울특별시 도봉구 창동,경상사고,0,0,1,0,차대사람 - 차도통행중,중앙선침범,건조,맑음,단일로 - 기타,승용,여,70세,상해없음,보행자,여,76.0,경상,서울특별시 도봉구
2020062300100153,2020년 6월 23일 09시,화요일,서울특별시 서대문구 남가좌동,경상사고,0,0,1,0,차대사람 - 횡단중,보행자보호의무위반,건조,맑음,교차로 - 교차로안,승용,남,72세,상해없음,보행자,여,79.0,경상,서울특별시 서대문구
2020062300100283,2020년 6월 23일 12시,화요일,서울특별시 서대문구 창천동,중상사고,0,1,0,0,차대사람 - 기타,안전운전불이행,건조,맑음,단일로 - 기타,화물,남,60세,상해없음,보행자,여,81.0,중상,서울특별시 서대문구
2020062300100339,2020년 6월 23일 14시,화요일,서울특별시 강동구 천호동,경상사고,0,0,1,0,차대사람 - 차도통행중,안전운전불이행,건조,맑음,단일로 - 기타,화물,남,48세,상해없음,보행자,여,79.0,경상,서울특별시 강동구
2020062300100397,2020년 6월 23일 16시,화요일,서울특별시 성동구 응봉동,중상사고,0,1,0,0,차대사람 - 횡단중,안전운전불이행,건조,맑음,단일로 - 기타,승용,여,42세,상해없음,보행자,여,86.0,중상,서울특별시 성동구
2020062300100399,2020년 6월 23일 16시,화요일,서울특별시 송파구 가락동,경상사고,0,0,1,0,차대사람 - 기타,기타,건조,맑음,단일로 - 기타,자전거,여,20세,상해없음,보행자,여,72.0,경상,서울특별시 송파구
2020062300100446,2020년 6월 23일 17시,화요일,서울특별시 동작구 흑석동,중상사고,0,1,0,0,차대사람 - 횡단중,기타,건조,맑음,단일로 - 기타,자전거,남,61세,상해없음,보행자,여,78.0,중상,서울특별시 동작구
2020062300100455,2020년 6월 23일 17시,화요일,서울특별시 은평구 갈현동,경상사고,0,0,1,0,차대사람 - 기타,안전운전불이행,건조,맑음,교차로 - 교차로안,승합,남,51세,상해없음,보행자,여,85.0,경상,서울특별시 은평구
2020062300100493,2020년 6월 23일 18시,화요일,서울특별시 강북구 수유동,중상사고,0,1,0,0,차대사람 - 기타,안전운전불이행,건조,맑음,기타 - 기타,승용,남,52세,상해없음,보행자,남,81.0,중상,서울특별시 강북구
2020062300100589,2020년 6월 23일 20시,화요일,서울특별시 서초구 방배동,부상신고사고,0,0,0,1,차대사람 - 보도통행중,안전운전불이행,건조,흐림,교차로 - 교차로부근,자전거,남,35세,상해없음,보행자,여,72.0,부상신고,서울특별시 서초구
2020062400100278,2020년 6월 24일 14시,수요일,서울특별시 종로구 구기동,중상사고,0,1,0,0,차대사람 - 보도통행중,기타,젖음/습기,비,기타 - 기타,화물,남,75세,기타불명,보행자,여,78.0,중상,서울특별시 종로구
2020062400100369,2020년 6월 24일 16시,수요일,서울특별시 금천구 독산동,중상사고,0,1,0,0,차대사람 - 보도통행중,신호위반,건조,맑음,교차로 - 교차로횡단보도내,승용,남,62세,상해없음,보행자,여,85.0,중상,서울특별시 금천구
2020062400100592,2020년 6월 24일 21시,수요일,서울특별시 도봉구 방학동,경상사고,0,0,1,0,차대사람 - 횡단중,안전운전불이행,젖음/습기,비,교차로 - 교차로횡단보도내,화물,남,53세,상해없음,보행자,여,68.0,경상,서울특별시 도봉구
2020062400100670,2020년 6월 24일 23시,수요일,서울특별시 동대문구 장안동,경상사고,0,0,1,0,차대사람 - 횡단중,안전운전불이행,젖음/습기,비,단일로 - 기타,승용,남,75세,상해없음,보행자,여,81.0,경상,서울특별시 동대문구
2020062500100113,2020년 6월 25일 08시,목요일,서울특별시 동대문구 휘경동,중상사고,0,1,0,0,차대사람 - 차도통행중,안전운전불이행,건조,맑음,교차로 - 교차로부근,승용,여,49세,상해없음,보행자,여,82.0,중상,서울특별시 동대문구
2020062500100178,2020년 6월 25일 10시,목요일,서울특별시 성동구 마장동,경상사고,0,0,1,0,차대사람 - 길가장자리구역통행중,안전운전불이행,젖음/습기,비,단일로 - 기타,화물,남,43세,상해없음,보행자,여,65.0,경상,서울특별시 성동구
2020062500100187,2020년 6월 25일 10시,목요일,서울특별시 도봉구 쌍문동,중상사고,0,1,0,0,차대사람 - 기타,안전운전불이행,젖음/습기,비,단일로 - 기타,승용,남,53세,기타불명,보행자,여,71.0,중상,서울특별시 도봉구
2020062500100188,2020년 6월 25일 10시,목요일,서울특별시 은평구 갈현동,중상사고,0,1,0,0,차대사람 - 횡단중,보행자보호의무위반,젖음/습기,비,교차로 - 교차로안,승용,남,29세,상해없음,보행자,남,78.0,중상,서울특별시 은평구
2020062500100213,2020년 6월 25일 11시,목요일,서울특별시 노원구 공릉동,중상사고,0,1,0,0,차대사람 - 횡단중,안전운전불이행,건조,맑음,단일로 - 기타,이륜,남,78세,상해없음,보행자,여,80.0,중상,서울특별시 노원구
2020062500100391,2020년 6월 25일 17시,목요일,서울특별시 중랑구 중화동,경상사고,0,0,1,0,차대사람 - 횡단중,안전운전불이행,건조,맑음,단일로 - 기타,승용,남,60세,상해없음,보행자,여,67.0,경상,서울특별시 중랑구
2020062500100523,2020년 6월 25일 21시,목요일,서울특별시 서대문구 홍제동,경상사고,0,0,1,0,차대사람 - 횡단중,안전운전불이행,젖음/습기,비,단일로 - 기타,화물,남,61세,상해없음,보행자,남,67.0,경상,서울특별시 서대문구
2020062600100158,2020년 6월 26일 09시,금요일,서울특별시 동대문구 이문동,경상사고,0,0,1,0,차대사람 - 횡단중,안전운전불이행,건조,맑음,단일로 - 기타,건설기계,남,70세,상해없음,보행자,여,75.0,경상,서울특별시 동대문구
2020062600100193,2020년 6월 26일 10시,금요일,서울특별시 송파구 가락동,중상사고,0,1,0,0,차대사람 - 기타,안전운전불이행,건조,맑음,기타 - 기타,기타불명,남,34세,상해없음,보행자,여,68.0,중상,서울특별시 송파구
2020062600100194,2020년 6월 26일 10시,금요일,서울특별시 성북구 하월곡동,경상사고,0,0,1,0,차대사람 - 횡단중,안전운전불이행,건조,맑음,교차로 - 교차로안,화물,남,58세,상해없음,보행자,남,76.0,경상,서울특별시 성북구
2020062600100350,2020년 6월 26일 15시,금요일,서울특별시 관악구 신림동,중상사고,0,1,0,0,차대사람 - 횡단중,안전운전불이행,건조,맑음,단일로 - 기타,승용,남,56세,상해없음,보행자,여,84.0,중상,서울특별시 관악구
2020062600100354,2020년 6월 26일 15시,금요일,서울특별시 강남구 일원동,경상사고,0,0,1,0,차대사람 - 기타,안전운전불이행,건조,맑음,단일로 - 기타,화물,남,51세,상해없음,보행자,여,68.0,경상,서울특별시 강남구
2020062600100398,2020년 6월 26일 16시,금요일,서울특별시 영등포구 영등포동3가,경상사고,0,0,1,0,차대사람 - 기타,안전운전불이행,건조,맑음,기타 - 기타,승용,남,46세,상해없음,보행자,여,71.0,경상,서울특별시 영등포구