사고번호,사고일시,요일,시군구,사고내용,사망자수,중상자수,경상자수,부상신고자수,사고유형,법규위반,노면상태,기상상태,도로형태,가해운전자 차종,가해운전자 성별,가해운전자 연령,가해운전자 상해정도,피해운전자 차종,피해운전자 성별,피해운전자 연령,피해운전자 상해정도,구
2020062600100671,2020년 6월 26일 22시,금요일,서울특별시 양천구 신정동,중상사고,0,1,0,0,차대사람 - 보도통행중,안전운전불이행,건조,맑음,단일로 - 기타,이륜,남,20세,상해없음,보행자,여,67.0,중상,서울특별시 양천구
2020062700100229,2020년 6월 27일 12시,토요일,서울특별시 은평구 불광동,중상사고,0,1,0,0,차대사람 - 기타,안전운전불이행,건조,맑음,단일로 - 기타,승합,남,63세,상해없음,보행자,여,68.0,중상,서울특별시 은평구
2020062700100486,2020년 6월 27일 19시,토요일,서울특별시 마포구 합정동,경상사고,0,0,1,0,차대사람 - 기타,안전운전불이행,건조,맑음,교차로 - 교차로안,화물,남,45세,상해없음,보행자,여,75.0,경상,서울특별시 마포구
2020062700100487,2020년 6월 27일 19시,토요일,서울특별시 양천구 신월동,중상사고,0,1,0,0,차대사람 - 차도통행중,안전운전불이행,건조,맑음,교차로 - 교차로안,원동기,남,62세,상해없음,보행자,여,79.0,중상,서울특별시 양천구
2020062800100044,2020년 6월 28일 03시,일요일,서울특별시 도봉구 창동,중상사고,0,1,0,0,차대사람 - 횡단중,안전운전불이행,건조,맑음,단일로 - 기타,승용,남,54세,상해없음,보행자,남,76.0,중상,서울특별시 도봉구
2020062800100077,2020년 6월 28일 06시,일요일,서울특별시 서초구 방배동,중상사고,0,1,1,0,차대사람 - 횡단중,보행자보호의무위반,건조,맑음,단일로 - 기타,승용,남,25세,상해없음,보행자,여,72.0,중상,서울특별시 서초구
2020062800100178,2020년 6월 28일 12시,일요일,서울특별시 구로구 개봉동,경상사고,0,0,1,0,차대사람 - 기타,기타,건조,맑음,기타 - 기타,기타불명,기타불명,미분류,기타불명,보행자,여,71.0,경상,서울특별시 구로구
2020062800100375,2020년 6월 28일 18시,일요일,서울특별시 강동구 둔촌동,중상사고,0,1,0,0,차대사람 - 횡단중,신호위반,건조,맑음,교차로 - 교차로횡단보도내,자전거,남,19세,상해없음,보행자,여,74.0,중상,서울특별시 강동구
2020062800100376,2020년 6월 28일 18시,일요일,서울특별시 송파구 거여동,중상사고,0,1,0,0,차대사람 - 횡단중,보행자보호의무위반,건조,맑음,교차로 - 교차로안,승용,남,64세,상해없음,보행자,여,73.0,중상,서울특별시 송파구
2020062800100410,2020년 6월 28일 19시,일요일,서울특별시 관악구 봉천동,중상사고,0,1,0,0,차대사람 - 횡단중,안전운전불이행,건조,맑음,단일로 - 기타,이륜,남,31세,상해없음,보행자,여,69.0,중상,서울특별시 관악구
2020062900100133,2020년 6월 29일 10시,월요일,서울특별시 강북구 수유동,경상사고,0,0,1,0,차대사람 - 기타,안전운전불이행,건조,맑음,단일로 - 기타,승용,남,77세,상해없음,보행자,남,83.0,경상,서울특별시 강북구
2020062900100134,2020년 6월 29일 10시,월요일,서울특별시 강북구 미아동,중상사고,0,1,0,0,차대사람 - 기타,안전운전불이행,건조,맑음,단일로 - 기타,화물,남,61세,상해없음,보행자,여,72.0,중상,서울특별시 강북구
2020062900100205,2020년 6월 29일 12시,월요일,서울특별시 서대문구 북가좌동,경상사고,0,0,1,0,차대사람 - 차도통행중,안전운전불이행,건조,맑음,단일로 - 기타,이륜,남,23세,상해없음,보행자,여,74.0,경상,서울특별시 서대문구
2020062900100565,2020년 6월 29일 21시,월요일,서울특별시 관악구 신림동,중상사고,0,1,0,0,차대사람 - 횡단중,안전운전불이행,젖음/습기,비,교차로 - 교차로횡단보도내,승용,남,37세,상해없음,보행자,여,66.0,중상,서울특별시 관악구
2020063000100054,2020년 6월 30일 03시,화요일,서울특별시 영등포구 신길동,사망사고,1,0,0,0,차대사람 - 횡단중,안전운전불이행,젖음/습기,비,교차로 - 교차로안,화물,남,53세,상해없음,보행자,남,82.0,사망,서울특별시 영등포구
2020063000100063,2020년 6월 30일 05시,화요일,서울특별시 은평구 불광동,사망사고,1,0,0,0,차대사람 - 횡단중,과속,젖음/습기,비,교차로 - 교차로횡단보도내,승합,남,65세,상해없음,보행자,여,89.0,사망,서울특별시 은평구
2020063000100140,2020년 6월 30일 09시,화요일,서울특별시 성북구 동선동3가,경상사고,0,0,1,0,차대사람 - 보도통행중,안전운전불이행,건조,흐림,단일로 - 기타,승용,여,36세,상해없음,보행자,남,74.0,경상,서울특별시 성북구
2020063000100273,2020년 6월 30일 14시,화요일,서울특별시 성동구 마장동,경상사고,0,0,1,0,차대사람 - 차도통행중,안전운전불이행,건조,맑음,단일로 - 기타,화물,남,63세,상해없음,보행자,남,78.0,경상,서울특별시 성동구
2020063000100274,2020년 6월 30일 14시,화요일,서울특별시 중랑구 묵동,중상사고,0,1,0,0,차대사람 - 기타,안전운전불이행,건조,맑음,교차로 - 교차로부근,화물,남,51세,상해없음,보행자,여,72.0,중상,서울특별시 중랑구
2020063000100486,2020년 6월 30일 20시,화요일,서울특별시 성북구 길음동,중상사고,0,1,0,0,차대사람 - 횡단중,안전운전불이행,젖음/습기,비,단일로 - 기타,승용,여,28세,상해없음,보행자,남,77.0,중상,서울특별시 성북구
2020063000100531,2020년 6월 30일 21시,화요일,서울특별시 송파구 잠실동,중상사고,0,1,0,0,차대사람 - 차도통행중,안전운전불이행,젖음/습기,비,단일로 - 기타,승용,남,56세,상해없음,보행자,남,76.0,중상,서울특별시 송파구
2020070100100029,2020년 7월 1일 02시,수요일,서울특별시 성동구 금호동3가,사망사고,1,0,0,0,차대사람 - 횡단중,안전운전불이행,젖음/습기,흐림,교차로 - 교차로안,승용,남,50세,상해없음,보행자,여,83.0,사망,서울특별시 성동구
2020070100100140,2020년 7월 1일 09시,수요일,서울특별시 도봉구 쌍문동,경상사고,0,0,1,0,차대사람 - 횡단중,안전운전불이행,건조,맑음,단일로 - 기타,화물,남,61세,상해없음,보행자,여,66.0,경상,서울특별시 도봉구
2020070100100223,2020년 7월 1일 12시,수요일,서울특별시 송파구 문정동,중상사고,0,1,0,0,차대사람 - 보도통행중,기타,건조,맑음,단일로 - 기타,승용,남,71세,상해없음,보행자,남,73.0,중상,서울특별시 송파구
2020070100100336,2020년 7월 1일 16시,수요일,서울특별시 동대문구 답십리동,중상사고,0,1,0,0,차대사람 - 기타,안전운전불이행,건조,맑음,기타 - 기타,승합,남,56세,상해없음,보행자,여,75.0,중상,서울특별시 동대문구
2020070100100372,2020년 7월 1일 17시,수요일,서울특별시 용산구 한남동,사망사고,1,0,0,0,차대사람 - 횡단중,안전운전불이행,건조,흐림,단일로 - 기타,승용,남,19세,상해없음,보행자,여,76.0,사망,서울특별시 용산구
2020070100100410,2020년 7월 1일 18시,수요일,서울특별시 강남구 역삼동,경상사고,0,0,1,0,차대사람 - 기타,안전운전불이행,건조,맑음,단일로 - 기타,개인형이동수단(PM),남,29세,상해없음,보행자,여,70.0,경상,서울특별시 강남구
2020070200100300,2020년 7월 2일 14시,목요일,서울특별시 송파구 풍납동,중상사고,0,1,0,0,차대사람 - 기타,기타,건조,맑음,기타 - 기타,승합,남,56세,상해없음,보행자,여,80.0,중상,서울특별시 송파구
2020070200100333,2020년 7월 2일 15시,목요일,서울특별시 강서구 화곡동,중상사고,0,1,0,0,차대사람 - 보도통행중,보행자보호의무위반,건조,맑음,교차로 - 교차로횡단보도내,승용,남,71세,상해없음,보행자,여,75.0,중상,서울특별시 강서구
2020070200100449,2020년 7월 2일 18시,목요일,서울특별시 서대문구 북아현동,중상사고,0,1,0,0,차대사람 - 기타,안전운전불이행,건조,흐림,단일로 - 기타,승용,여,59세,상해없음,보행자,여,81.0,중상,서울특별시 서대문구
2020070300100173,2020년 7월 3일 10시,금요일,서울특별시 동대문구 장안동,중상사고,0,1,0,0,차대사람 - 기타,안전운전불이행,건조,맑음,단일로 - 기타,승합,남,48세,상해없음,보행자,여,81.0,중상,서울특별시 동대문구
2020070300100177,2020년 7월 3일 10시,금요일,서울특별시 영등포구 대림동,중상사고,0,1,0,0,차대사람 - 기타,안전운전불이행,건조,맑음,교차로 - 교차로부근,화물,남,50세,상해없음,보행자,남,98.0,중상,서울특별시 영등포구
2020070300100205,2020년 7월 3일 11시,금요일,서울특별시 구로구 고척동,중상사고,0,1,0,0,차대사람 - 보도통행중,보행자보호의무위반,건조,맑음,단일로 - 기타,자전거,남,72세,상해없음,보행자,여,79.0,중상,서울특별시 구로구
2020070300100620,2020년 7월 3일 22시,금요일,서울특별시 동대문구 장안동,중상사고,0,1,0,0,차대사람 - 횡단중,안전운전불이행,건조,맑음,단일로 - 기타,승용,남,32세,상해없음,보행자,여,76.0,중상,서울특별시 동대문구
2020070400100002,2020년 7월 4일 00시,토요일,서울특별시 중랑구 면목동,경상사고,0,0,1,0,차대사람 - 길가장자리구역통행중,안전운전불이행,젖음/습기,비,단일로 - 기타,이륜,남,41세,상해없음,보행자,남,65.0,경상,서울특별시 중랑구
2020070400100160,2020년 7월 4일 09시,토요일,서울특별시 영등포구 영등포동5가,경상사고,0,0,1,0,차대사람 - 기타,안전운전불이행,건조,맑음,교차로 - 교차로부근,승합,남,68세,상해없음,보행자,남,68.0,경상,서울특별시 영등포구
2020070400100219,2020년 7월 4일 11시,토요일,서울특별시 양천구 신월동,중상사고,0,1,0,0,차대사람 - 차도통행중,안전운전불이행,건조,맑음,단일로 - 기타,승용,남,69세,상해없음,보행자,여,65.0,중상,서울특별시 양천구
2020070400100436,2020년 7월 4일 17시,토요일,서울특별시 동작구 상도동,중상사고,0,1,0,0,차대사람 - 기타,안전운전불이행,건조,맑음,교차로 - 교차로안,승용,여,31세,상해없음,보행자,여,83.0,중상,서울특별시 동작구
2020070600100056,2020년 7월 6일 07시,월요일,서울특별시 구로구 고척동,중상사고,0,1,0,0,차대사람 - 기타,안전운전불이행,건조,맑음,교차로 - 교차로안,승용,여,48세,상해없음,보행자,남,81.0,중상,서울특별시 구로구
2020070600100394,2020년 7월 6일 17시,월요일,서울특별시 구로구 개봉동,중상사고,0,1,0,0,차대사람 - 기타,안전운전불이행,건조,맑음,단일로 - 기타,승용,남,45세,상해없음,보행자,여,65.0,중상,서울특별시 구로구
2020070600100395,2020년 7월 6일 17시,월요일,서울특별시 도봉구 방학동,사망사고,1,0,0,0,차대사람 - 횡단중,보행자보호의무위반,건조,맑음,교차로 - 교차로안,승용,남,66세,상해없음,보행자,여,68.0,사망,서울특별시 도봉구
2020070600100437,2020년 7월 6일 18시,월요일,서울특별시 관악구 신림동,경상사고,0,0,1,0,차대사람 - 기타,보행자보호의무위반,건조,맑음,교차로 - 교차로횡단보도내,자전거,남,59세,상해없음,보행자,여,68.0,경상,서울특별시 관악구
2020070600100473,2020년 7월 6일 19시,월요일,서울특별시 성북구 하월곡동,경상사고,0,0,1,0,차대사람 - 길가장자리구역통행중,안전운전불이행,건조,맑음,단일로 - 기타,승용,남,49세,상해없음,보행자,여,67.0,경상,서울특별시 성북구
2020070700100209,2020년 7월 7일 12시,화요일,서울특별시 중구 흥인동,중상사고,0,1,0,0,차대사람 - 기타,기타,건조,맑음,단일로 - 기타,화물,남,65세,상해없음,보행자,여,65.0,중상,서울특별시 중구
2020070700100272,2020년 7월 7일 14시,화요일,서울특별시 중구 을지로4가,경상사고,0,0,1,0,차대사람 - 기타,안전운전불이행,건조,맑음,단일로 - 기타,승합,남,48세,상해없음,보행자,남,72.0,경상,서울특별시 중구
2020070700100541,2020년 7월 7일 21시,화요일,서울특별시 송파구 잠실동,경상사고,0,0,1,0,차대사람 - 기타,안전운전불이행,건조,맑음,단일로 - 기타,자전거,여,24세,상해없음,보행자,여,66.0,경상,서울특별시 송파구
2020070800100126,2020년 7월 8일 09시,수요일,서울특별시 마포구 염리동,경상사고,0,0,1,0,차대사람 - 기타,안전운전불이행,건조,맑음,단일로 - 기타,승용,남,67세,상해없음,보행자,여,80.0,경상,서울특별시 마포구
2020070800100224,2020년 7월 8일 12시,수요일,서울특별시 금천구 독산동,중상사고,0,1,0,0,차대사람 - 기타,안전운전불이행,건조,맑음,단일로 - 기타,승용,남,73세,상해없음,보행자,여,76.0,중상,서울특별시 금천구
2020070900100165,2020년 7월 9일 10시,목요일,서울특별시 강북구 미아동,중상사고,0,1,0,0,차대사람 - 기타,보행자보호의무위반,건조,맑음,교차로 - 교차로횡단보도내,승용,남,56세,상해없음,보행자,여,67.0,중상,서울특별시 강북구
2020070900100359,2020년 7월 9일 15시,목요일,서울특별시 노원구 상계동,중상사고,0,1,0,0,차대사람 - 횡단중,안전운전불이행,건조,맑음,교차로 - 교차로부근,승용,여,39세,상해없음,보행자,여,67.0,중상,서울특별시 노원구
2020071000100063,2020년 7월 10일 07시,금요일,서울특별시 성동구 성수동2가,중상사고,0,1,0,0,차대사람 - 차도통행중,안전운전불이행,건조,맑음,단일로 - 기타,화물,남,58세,상해없음,보행자,여,75.0,중상,서울특별시 성동구
2020071000100193,2020년 7월 10일 11시,금요일,서울특별시 성동구 옥수동,중상사고,0,1,0,0,차대사람 - 차도통행중,안전운전불이행,건조,흐림,단일로 - 기타,승용,여,51세,상해없음,보행자,여,73.0,중상,서울특별시 성동구
2020071000100288,2020년 7월 10일 14시,금요일,서울특별시 서대문구 홍제동,중상사고,0,1,0,0,차대사람 - 기타,기타,건조,맑음,단일로 - 기타,승합,남,47세,상해없음,보행자,여,77.0,중상,서울특별시 서대문구
2020071000100422,2020년 7월 10일 17시,금요일,서울특별시 강남구 도곡동,경상사고,0,0,1,0,차대사람 - 횡단중,보행자보호의무위반,건조,맑음,단일로 - 기타,승용,남,46세,상해없음,보행자,남,78.0,경상,서울특별시 강남구
2020071000100473,2020년 7월 10일 18시,금요일,서울특별시 동대문구 전농동,중상사고,0,1,0,0,차대사람 - 기타,안전운전불이행,건조,맑음,기타 - 기타,승합,남,49세,상해없음,보행자,남,72.0,중상,서울특별시 동대문구
2020071000100480,2020년 7월 10일 18시,금요일,서울특별시 서초구 서초동,부상신고사고,0,0,0,1,차대사람 - 기타,안전운전불이행,건조,맑음,단일로 - 기타,승용,남,57세,상해없음,보행자,남,76.0,부상신고,서울특별시 서초구
2020071100100111,2020년 7월 11일 08시,토요일,서울특별시 도봉구 도봉동,경상사고,0,0,1,0,차대사람 - 기타,안전운전불이행,건조,맑음,단일로 - 기타,자전거,남,48세,상해없음,보행자,여,70.0,경상,서울특별시 도봉구
2020071100100124,2020년 7월 11일 09시,토요일,서울특별시 관악구 신림동,중상사고,0,1,0,0,차대사람 - 횡단중,안전운전불이행,건조,맑음,단일로 - 기타,화물,남,67세,상해없음,보행자,남,79.0,중상,서울특별시 관악구
2020071100100152,2020년 7월 11일 10시,토요일,서울특별시 종로구 종로6가,중상사고,0,1,0,0,차대사람 - 차도통행중,안전운전불이행,건조,맑음,단일로 - 기타,승용,남,56세,상해없음,보행자,여,78.0,중상,서울특별시 종로구
2020071100100193,2020년 7월 11일 11시,토요일,서울특별시 강서구 화곡동,경상사고,0,0,2,0,차대사람 - 기타,안전운전불이행,기타,맑음,기타 - 기타,승용,여,50세,기타불명,보행자,여,71.0,경상,서울특별시 강서구
2020071200100040,2020년 7월 12일 03시,일요일,서울특별시 관악구 봉천동,사망사고,1,0,0,0,차대사람 - 횡단중,안전운전불이행,기타,기타,단일로 - 기타,승용,여,62세,상해없음,보행자,남,74.0,사망,서울특별시 관악구
2020071200100157,2020년 7월 12일 12시,일요일,서울특별시 강동구 길동,중상사고,0,1,0,0,차대사람 - 기타,안전운전불이행,건조,맑음,교차로 - 교차로부근,승용,남,67세,상해없음,보행자,여,81.0,중상,서울특별시 강동구
2020071200100325,2020년 7월 12일 18시,일요일,서울특별시 강북구 미아동,경상사고,0,0,1,0,차대사람 - 기타,안전운전불이행,젖음/습기,비,교차로 - 교차로안,자전거,남,66세,상해없음,보행자,여,74.0,경상,서울특별시 강북구
2020071200100435,2020년 7월 12일 21시,일요일,서울특별시 강북구 미아동,중상사고,0,1,0,0,차대사람 - 횡단중,안전운전불이행,젖음/습기,비,단일로 - 기타,이륜,남,28세,상해없음,보행자,여,66.0,중상,서울특별시 강북구
2020071300100035,2020년 7월 13일 03시,월요일,서울특별시 강남구 논현동,중상사고,0,1,0,0,차대사람 - 횡단중,안전운전불이행,건조,맑음,교차로 - 교차로횡단보도내,승용,남,57세,상해없음,보행자,여,67.0,중상,서울특별시 강남구
2020071300100494,2020년 7월 13일 20시,월요일,서울특별시 송파구 가락동,중상사고,0,1,0,0,차대사람 - 횡단중,보행자보호의무위반,젖음/습기,비,교차로 - 교차로횡단보도내,승용,여,46세,상해없음,보행자,여,67.0,중상,서울특별시 송파구
2020071400100010,2020년 7월 14일 00시,화요일,서울특별시 송파구 삼전동,부상신고사고,0,0,0,1,차대사람 - 횡단중,안전운전불이행,젖음/습기,비,단일로 - 기타,승용,남,57세,상해없음,보행자,남,65.0,부상신고,서울특별시 송파구
2020071400100056,2020년 7월 14일 03시,화요일,서울특별시 영등포구 영등포동7가,경상사고,0,0,1,0,차대사람 - 기타,안전운전불이행,건조,맑음,단일로 - 기타,승용,남,37세,상해없음,보행자,여,81.0,경상,서울특별시 영등포구
2020071400100211,2020년 7월 14일 11시,화요일,서울특별시 영등포구 신길동,중상사고,0,1,0,0,차대사람 - 기타,안전운전불이행,건조,맑음,단일로 - 기타,승용,남,83세,상해없음,보행자,여,70.0,중상,서울특별시 영등포구
2020071400100279,2020년 7월 14일 13시,화요일,서울특별시 강남구 개포동,중상사고,0,1,0,0,차대사람 - 기타,안전운전불이행,건조,맑음,단일로 - 기타,승용,남,48세,상해없음,보행자,남,74.0,중상,서울특별시 강남구
2020071400100304,2020년 7월 14일 14시,화요일,서울특별시 서대문구 합동,경상사고,0,0,1,0,차대사람 - 횡단중,기타,건조,맑음,단일로 - 기타,승용,남,43세,상해없음,보행자,남,85.0,경상,서울특별시 서대문구
2020071400100308,2020년 7월 14일 14시,화요일,서울특별시 영등포구 당산동3가,중상사고,0,1,0,0,차대사람 - 길가장자리구역통행중,안전운전불이행,건조,맑음,교차로 - 교차로안,화물,남,36세,상해없음,보행자,여,71.0,중상,서울특별시 영등포구
2020071400100348,2020년 7월 14일 15시,화요일,서울특별시 용산구 이촌동,중상사고,0,1,0,0,차대사람 - 보도통행중,보행자보호의무위반,건조,흐림,교차로 - 교차로안,화물,남,68세,상해없음,보행자,남,86.0,중상,서울특별시 용산구
2020071400100391,2020년 7월 14일 16시,화요일,서울특별시 양천구 신월동,중상사고,0,1,0,0,차대사람 - 횡단중,보행자보호의무위반,건조,맑음,교차로 - 교차로횡단보도내,승용,여,65세,상해없음,보행자,남,77.0,중상,서울특별시 양천구
2020071400100421,2020년 7월 14일 17시,화요일,서울특별시 동대문구 이문동,경상사고,0,0,1,0,차대사람 - 차도통행중,안전운전불이행,건조,맑음,단일로 - 기타,자전거,남,52세,기타불명,보행자,여,68.0,경상,서울특별시 동대문구
2020071500100159,2020년 7월 15일 10시,수요일,서울특별시 강남구 논현동,경상사고,0,0,1,0,차대사람 - 기타,중앙선침범,건조,맑음,단일로 - 기타,승용,남,35세,상해없음,보행자,남,73.0,경상,서울특별시 강남구
2020071500100214,2020년 7월 15일 12시,수요일,서울특별시 강동구 암사동,중상사고,0,1,0,0,차대사람 - 기타,안전운전불이행,건조,맑음,단일로 - 기타,기타불명,기타불명,미분류,기타불명,보행자,여,70.0,중상,서울특별시 강동구
2020071500100394,2020년 7월 15일 17시,수요일,서울특별시 동작구 흑석동,중상사고,0,1,0,0,차대사람 - 기타,안전운전불이행,건조,맑음,단일로 - 기타,승용,남,62세,상해없음,보행자,남,67.0,중상,서울특별시 동작구
2020071600100308,2020년 7월 16일 14시,목요일,서울특별시 금천구 가산동,경상사고,0,0,1,0,차대사람 - 보도통행중,보행자보호의무위반,건조,맑음,교차로 - 교차로횡단보도내,승용,남,58세,상해없음,보행자,여,66.0,경상,서울특별시 금천구
2020071600100388,2020년 7월 16일 16시,목요일,서울특별시 금천구 가산동,중상사고,0,1,0,0,차대사람 - 보도통행중,보행자보호의무위반,건조,맑음,교차로 - 교차로안,화물,남,53세,상해없음,보행자,여,71.0,중상,서울특별시 금천구
2020071700100042,2020년 7월 17일 05시,금요일,서울특별시 강서구 방화동,중상사고,0,1,0,0,차대사람 - 차도통행중,안전운전불이행,건조,맑음,단일로 - 기타,승용,남,50세,상해없음,보행자,여,72.0,중상,서울특별시 강서구
2020071700100051,2020년 7월 17일 06시,금요일,서울특별시 강동구 암사동,중상사고,0,2,0,0,차대사람 - 횡단중,안전운전불이행,건조,맑음,단일로 - 기타,자전거,남,38세,상해없음,보행자,남,83.0,중상,서울특별시 강동구
2020071700100285,2020년 7월 17일 14시,금요일,서울특별시 종로구 숭인동,중상사고,0,1,0,0,차대사람 - 길가장자리구역통행중,안전운전불이행,건조,맑음,단일로 - 기타,승용,남,50세,상해없음,보행자,남,79.0,중상,서울특별시 종로구
2020071700100286,2020년 7월 17일 14시,금요일,서울특별시 마포구 상암동,중상사고,0,1,0,0,차대사람 - 기타,안전운전불이행,건조,맑음,교차로 - 교차로안,화물,남,39세,상해없음,보행자,남,69.0,중상,서울특별시 마포구
2020071700100424,2020년 7월 17일 17시,금요일,서울특별시 강북구 미아동,경상사고,0,0,1,0,차대사람 - 횡단중,중앙선침범,젖음/습기,비,단일로 - 기타,이륜,남,17세,상해없음,보행자,여,68.0,경상,서울특별시 강북구
2020071700100586,2020년 7월 17일 20시,금요일,서울특별시 강동구 성내동,경상사고,0,0,1,0,차대사람 - 기타,안전운전불이행,건조,맑음,단일로 - 기타,기타불명,기타불명,미분류,기타불명,보행자,여,65.0,경상,서울특별시 강동구
2020071800100089,2020년 7월 18일 07시,토요일,서울특별시 은평구 갈현동,경상사고,0,0,1,0,차대사람 - 횡단중,보행자보호의무위반,건조,맑음,교차로 - 교차로횡단보도내,승용,남,65세,상해없음,보행자,여,65.0,경상,서울특별시 은평구
2020071800100346,2020년 7월 18일 15시,토요일,서울특별시 강서구 등촌동,중상사고,0,1,0,0,차대사람 - 기타,신호위반,건조,맑음,교차로 - 교차로횡단보도내,승용,여,58세,상해없음,보행자,남,75.0,중상,서울특별시 강서구
2020071800100383,2020년 7월 18일 16시,토요일,서울특별시 관악구 신림동,경상사고,0,0,1,0,차대사람 - 기타,안전운전불이행,건조,맑음,단일로 - 기타,개인형이동수단(PM),남,17세,상해없음,보행자,여,68.0,경상,서울특별시 관악구
2020071800100587,2020년 7월 18일 22시,토요일,서울특별시 관악구 신림동,중상사고,0,1,0,0,차대사람 - 횡단중,보행자보호의무위반,건조,맑음,단일로 - 기타,이륜,남,24세,상해없음,보행자,여,77.0,중상,서울특별시 관악구
2020071800100588,2020년 7월 18일 22시,토요일,서울특별시 강서구 화곡동,경상사고,0,0,1,0,차대사람 - 기타,신호위반,건조,기타,교차로 - 교차로부근,화물,남,49세,기타불명,보행자,남,66.0,경상,서울특별시 강서구
2020071900100066,2020년 7월 19일 05시,일요일,서울특별시 금천구 시흥동,중상사고,0,1,0,0,차대사람 - 횡단중,신호위반,젖음/습기,흐림,교차로 - 교차로안,승용,남,37세,상해없음,보행자,여,67.0,중상,서울특별시 금천구
2020071900100067,2020년 7월 19일 05시,일요일,서울특별시 양천구 신정동,경상사고,0,0,1,0,차대사람 - 횡단중,안전운전불이행,젖음/습기,비,단일로 - 기타,승용,남,60세,상해없음,보행자,여,79.0,경상,서울특별시 양천구
2020071900100332,2020년 7월 19일 19시,일요일,서울특별시 양천구 신정동,사망사고,1,0,0,0,차대사람 - 횡단중,안전운전불이행,건조,맑음,단일로 - 교량,승용,남,41세,상해없음,보행자,여,76.0,사망,서울특별시 양천구
2020072000100178,2020년 7월 20일 11시,월요일,서울특별시 성북구 하월곡동,경상사고,0,0,1,0,차대사람 - 횡단중,교차로운행방법위반,건조,맑음,교차로 - 교차로안,화물,남,56세,상해없음,보행자,여,72.0,경상,서울특별시 성북구
2020072000100239,2020년 7월 20일 13시,월요일,서울특별시 서대문구 북가좌동,중상사고,0,1,0,0,차대사람 - 횡단중,보행자보호의무위반,건조,맑음,단일로 - 기타,승용,남,51세,상해없음,보행자,여,77.0,중상,서울특별시 서대문구
2020072000100364,2020년 7월 20일 17시,월요일,서울특별시 강동구 성내동,경상사고,0,0,1,0,차대사람 - 차도통행중,안전운전불이행,건조,맑음,단일로 - 기타,개인형이동수단(PM),남,17세,상해없음,보행자,여,68.0,경상,서울특별시 강동구
2020072000100470,2020년 7월 20일 20시,월요일,서울특별시 동대문구 장안동,경상사고,0,0,1,0,차대사람 - 차도통행중,안전운전불이행,건조,맑음,단일로 - 기타,승용,여,39세,상해없음,보행자,남,66.0,경상,서울특별시 동대문구
2020072100100054,2020년 7월 21일 04시,화요일,서울특별시 양천구 신월동,중상사고,0,1,0,0,차대사람 - 횡단중,안전운전불이행,건조,맑음,교차로 - 교차로부근,이륜,남,48세,상해없음,보행자,남,65.0,중상,서울특별시 양천구
2020072100100096,2020년 7월 21일 08시,화요일,서울특별시 동대문구 용두동,중상사고,0,1,0,0,차대사람 - 기타,안전운전불이행,건조,맑음,단일로 - 기타,승용,남,47세,상해없음,보행자,여,71.0,중상,서울특별시 동대문구
2020072100100342,2020년 7월 21일 15시,화요일,서울특별시 강서구 화곡동,중상사고,0,1,0,0,차대사람 - 보도통행중,보행자보호의무위반,건조,맑음,교차로 - 교차로부근,승용,남,36세,상해없음,보행자,여,66.0,중상,서울특별시 강서구
2020072100100415,2020년 7월 21일 17시,화요일,서울특별시 종로구 창신동,경상사고,0,0,1,0,차대사람 - 횡단중,보행자보호의무위반,건조,맑음,단일로 - 기타,원동기,남,22세,상해없음,보행자,여,72.0,경상,서울특별시 종로구
2020072100100417,2020년 7월 21일 17시,화요일,서울특별시 성북구 하월곡동,경상사고,0,0,1,0,차대사람 - 기타,안전운전불이행,건조,맑음,기타 - 기타,승합,남,61세,기타불명,보행자,남,82.0,경상,서울특별시 성북구
2020072100100449,2020년 7월 21일 18시,화요일,서울특별시 동대문구 제기동,중상사고,0,1,0,0,차대사람 - 횡단중,신호위반,건조,흐림,교차로 - 교차로안,원동기,남,23세,상해없음,보행자,남,81.0,중상,서울특별시 동대문구
2020072100100458,2020년 7월 21일 18시,화요일,서울특별시 강남구 역삼동,경상사고,0,0,1,0,차대사람 - 길가장자리구역통행중,안전운전불이행,건조,맑음,단일로 - 기타,승용,여,69세,상해없음,보행자,여,77.0,경상,서울특별시 강남구
2020072100100503,2020년 7월 21일 19시,화요일,서울특별시 송파구 문정동,중상사고,0,1,0,0,차대사람 - 기타,안전운전불이행,건조,맑음,단일로 - 기타,자전거,남,45세,상해없음,보행자,여,68.0,중상,서울특별시 송파구
2020072200100231,2020년 7월 22일 11시,수요일,서울특별시 서초구 방배동,경상사고,0,0,1,0,차대사람 - 기타,안전운전불이행,젖음/습기,비,단일로 - 기타,승용,남,50세,상해없음,보행자,남,66.0,경상,서울특별시 서초구
2020072200100391,2020년 7월 22일 16시,수요일,서울특별시 송파구 문정동,중상사고,0,1,0,0,차대사람 - 차도통행중,안전운전불이행,젖음/습기,비,교차로 - 교차로안,승용,남,39세,상해없음,보행자,남,69.0,중상,서울특별시 송파구
2020072200100420,2020년 7월 22일 17시,수요일,서울특별시 영등포구 여의도동,경상사고,0,0,1,0,차대사람 - 횡단중,안전운전불이행,젖음/습기,비,단일로 - 기타,승용,남,59세,상해없음,보행자,남,98.0,경상,서울특별시 영등포구
2020072200100562,2020년 7월 22일 20시,수요일,서울특별시 성북구 하월곡동,중상사고,0,1,0,0,차대사람 - 횡단중,보행자보호의무위반,건조,흐림,교차로 - 교차로횡단보도내,승합,남,55세,상해없음,보행자,남,66.0,중상,서울특별시 성북구