사고번호,사고일시,요일,시군구,사고내용,사망자수,중상자수,경상자수,부상신고자수,사고유형,법규위반,노면상태,기상상태,도로형태,가해운전자 차종,가해운전자 성별,가해운전자 연령,가해운전자 상해정도,피해운전자 차종,피해운전자 성별,피해운전자 연령,피해운전자 상해정도,구
2020072200100594,2020년 7월 22일 21시,수요일,서울특별시 은평구 진관동,중상사고,0,1,0,0,차대사람 - 기타,안전운전불이행,건조,맑음,기타 - 기타,승용,여,32세,상해없음,보행자,여,78.0,중상,서울특별시 은평구
2020072300100051,2020년 7월 23일 05시,목요일,서울특별시 동작구 상도1동,경상사고,0,0,1,0,차대사람 - 횡단중,신호위반,젖음/습기,흐림,단일로 - 기타,이륜,남,25세,상해없음,보행자,여,67.0,경상,서울특별시 동작구
2020072300100063,2020년 7월 23일 06시,목요일,서울특별시 금천구 시흥동,중상사고,0,1,0,0,차대사람 - 기타,보행자보호의무위반,젖음/습기,비,교차로 - 교차로횡단보도내,화물,남,32세,상해없음,보행자,여,65.0,중상,서울특별시 금천구
2020072300100269,2020년 7월 23일 14시,목요일,서울특별시 서대문구 북아현동,중상사고,0,1,0,0,차대사람 - 기타,중앙선침범,건조,맑음,단일로 - 기타,승용,남,64세,상해없음,보행자,여,88.0,중상,서울특별시 서대문구
2020072300100579,2020년 7월 23일 21시,목요일,서울특별시 관악구 신림동,경상사고,0,0,1,0,차대사람 - 기타,안전운전불이행,젖음/습기,비,교차로 - 교차로횡단보도내,승용,남,26세,상해없음,보행자,여,68.0,경상,서울특별시 관악구
2020072300100623,2020년 7월 23일 22시,목요일,서울특별시 관악구 신림동,중상사고,0,1,0,0,차대사람 - 기타,안전운전불이행,젖음/습기,비,교차로 - 교차로안,승용,여,48세,상해없음,보행자,남,65.0,중상,서울특별시 관악구
2020072400100025,2020년 7월 24일 01시,금요일,서울특별시 동대문구 신설동,경상사고,0,0,1,0,차대사람 - 차도통행중,안전운전불이행,건조,맑음,단일로 - 기타,승용,남,63세,상해없음,보행자,여,72.0,경상,서울특별시 동대문구
2020072400100118,2020년 7월 24일 09시,금요일,서울특별시 도봉구 쌍문동,중상사고,0,1,0,0,차대사람 - 기타,안전운전불이행,젖음/습기,비,단일로 - 기타,승용,남,38세,상해없음,보행자,남,70.0,중상,서울특별시 도봉구
2020072400100286,2020년 7월 24일 15시,금요일,서울특별시 강서구 화곡동,경상사고,0,0,1,0,차대사람 - 기타,안전운전불이행,건조,맑음,단일로 - 기타,화물,남,40세,상해없음,보행자,여,71.0,경상,서울특별시 강서구
2020072400100288,2020년 7월 24일 15시,금요일,서울특별시 성북구 석관동,중상사고,0,1,0,0,차대사람 - 보도통행중,안전운전불이행,건조,맑음,기타 - 기타,자전거,남,18세,상해없음,보행자,여,83.0,중상,서울특별시 성북구
2020072400100405,2020년 7월 24일 18시,금요일,서울특별시 광진구 군자동,중상사고,0,1,0,0,차대사람 - 보도통행중,신호위반,기타,맑음,단일로 - 기타,자전거,남,56세,상해없음,보행자,여,81.0,중상,서울특별시 광진구
2020072500100028,2020년 7월 25일 01시,토요일,서울특별시 송파구 장지동,경상사고,0,0,1,0,차대사람 - 횡단중,안전운전불이행,건조,맑음,교차로 - 교차로안,승용,남,43세,상해없음,보행자,남,69.0,경상,서울특별시 송파구
2020072500100082,2020년 7월 25일 04시,토요일,서울특별시 강남구 신사동,중상사고,0,1,0,0,차대사람 - 기타,안전운전불이행,건조,맑음,단일로 - 기타,승용,남,30세,상해없음,보행자,여,79.0,중상,서울특별시 강남구
2020072500100266,2020년 7월 25일 13시,토요일,서울특별시 관악구 신림동,중상사고,0,1,0,0,차대사람 - 횡단중,안전운전불이행,건조,맑음,교차로 - 교차로안,승용,남,30세,상해없음,보행자,여,65.0,중상,서울특별시 관악구
2020072500100344,2020년 7월 25일 15시,토요일,서울특별시 동대문구 용두동,경상사고,0,0,1,0,차대사람 - 기타,안전운전불이행,건조,맑음,단일로 - 기타,승합,남,57세,상해없음,보행자,여,67.0,경상,서울특별시 동대문구
2020072500100346,2020년 7월 25일 15시,토요일,서울특별시 강남구 삼성동,경상사고,0,0,1,0,차대사람 - 기타,안전운전불이행,건조,기타,단일로 - 기타,이륜,남,20세,상해없음,보행자,남,67.0,경상,서울특별시 강남구
2020072600100246,2020년 7월 26일 15시,일요일,서울특별시 영등포구 여의도동,경상사고,0,0,1,0,차대사람 - 보도통행중,안전운전불이행,건조,맑음,단일로 - 기타,자전거,남,43세,상해없음,보행자,남,74.0,경상,서울특별시 영등포구
2020072600100316,2020년 7월 26일 17시,일요일,서울특별시 강동구 암사동,중상사고,0,1,0,0,차대사람 - 보도통행중,안전운전불이행,건조,맑음,단일로 - 기타,승용,남,49세,상해없음,보행자,남,73.0,중상,서울특별시 강동구
2020072600100392,2020년 7월 26일 20시,일요일,서울특별시 구로구 개봉동,경상사고,0,0,1,0,차대사람 - 기타,안전운전불이행,건조,기타,단일로 - 기타,승용,남,30세,상해없음,보행자,남,66.0,경상,서울특별시 구로구
2020072700100157,2020년 7월 27일 10시,월요일,서울특별시 마포구 서교동,중상사고,0,1,0,0,차대사람 - 기타,보행자보호의무위반,젖음/습기,비,교차로 - 교차로안,승합,남,71세,상해없음,보행자,여,67.0,중상,서울특별시 마포구
2020072700100158,2020년 7월 27일 10시,월요일,서울특별시 관악구 봉천동,경상사고,0,0,1,0,차대사람 - 기타,안전운전불이행,건조,흐림,단일로 - 기타,승용,여,54세,상해없음,보행자,남,87.0,경상,서울특별시 관악구
2020072700100160,2020년 7월 27일 10시,월요일,서울특별시 송파구 방이동,중상사고,0,1,0,0,차대사람 - 기타,안전운전불이행,젖음/습기,비,교차로 - 교차로안,승용,남,31세,상해없음,보행자,여,71.0,중상,서울특별시 송파구
2020072700100161,2020년 7월 27일 10시,월요일,서울특별시 구로구 오류동,중상사고,0,1,0,0,차대사람 - 차도통행중,안전운전불이행,젖음/습기,흐림,교차로 - 교차로부근,이륜,남,42세,상해없음,보행자,여,72.0,중상,서울특별시 구로구
2020072700100162,2020년 7월 27일 10시,월요일,서울특별시 구로구 고척동,경상사고,0,0,1,0,차대사람 - 보도통행중,보행자보호의무위반,젖음/습기,비,교차로 - 교차로횡단보도내,화물,남,61세,상해없음,보행자,남,70.0,경상,서울특별시 구로구
2020072700100188,2020년 7월 27일 11시,월요일,서울특별시 영등포구 양평동1가,경상사고,0,0,1,0,차대사람 - 기타,안전운전불이행,젖음/습기,비,단일로 - 기타,특수,남,45세,상해없음,보행자,여,76.0,경상,서울특별시 영등포구
2020072700100259,2020년 7월 27일 13시,월요일,서울특별시 중구 남창동,부상신고사고,0,0,0,1,차대사람 - 기타,안전운전불이행,젖음/습기,비,단일로 - 기타,승용,여,72세,상해없음,보행자,여,66.0,부상신고,서울특별시 중구
2020072700100303,2020년 7월 27일 14시,월요일,서울특별시 강서구 화곡동,중상사고,0,1,0,0,차대사람 - 보도통행중,안전운전불이행,건조,맑음,단일로 - 기타,승용,여,46세,상해없음,보행자,여,76.0,중상,서울특별시 강서구
2020072800100166,2020년 7월 28일 11시,화요일,서울특별시 도봉구 쌍문동,중상사고,0,1,0,0,차대사람 - 횡단중,안전운전불이행,건조,맑음,단일로 - 기타,승합,남,53세,상해없음,보행자,여,73.0,중상,서울특별시 도봉구
2020072800100187,2020년 7월 28일 12시,화요일,서울특별시 종로구 연건동,중상사고,0,1,0,0,차대사람 - 횡단중,보행자보호의무위반,건조,맑음,교차로 - 교차로안,승합,남,59세,상해없음,보행자,여,78.0,중상,서울특별시 종로구
2020072800100267,2020년 7월 28일 15시,화요일,서울특별시 중랑구 면목동,중상사고,0,1,0,1,차대사람 - 횡단중,안전운전불이행,건조,흐림,단일로 - 기타,이륜,남,75세,부상신고,보행자,남,80.0,중상,서울특별시 중랑구
2020072800100432,2020년 7월 28일 19시,화요일,서울특별시 동대문구 전농동,중상사고,0,1,0,0,차대사람 - 기타,기타,건조,맑음,단일로 - 기타,승합,남,36세,상해없음,보행자,남,65.0,중상,서울특별시 동대문구
2020072900100062,2020년 7월 29일 05시,수요일,서울특별시 성동구 행당동,중상사고,0,1,0,0,차대사람 - 기타,안전운전불이행,젖음/습기,비,단일로 - 기타,이륜,여,21세,상해없음,보행자,남,76.0,중상,서울특별시 성동구
2020072900100181,2020년 7월 29일 11시,수요일,서울특별시 종로구 관수동,경상사고,0,0,1,0,차대사람 - 차도통행중,안전운전불이행,젖음/습기,비,단일로 - 기타,화물,남,57세,상해없음,보행자,남,67.0,경상,서울특별시 종로구
2020072900100262,2020년 7월 29일 13시,수요일,서울특별시 관악구 봉천동,부상신고사고,0,0,0,1,차대사람 - 차도통행중,안전운전불이행,건조,맑음,교차로 - 교차로안,승용,여,61세,상해없음,보행자,남,65.0,부상신고,서울특별시 관악구
2020072900100397,2020년 7월 29일 17시,수요일,서울특별시 도봉구 창동,중상사고,0,1,0,0,차대사람 - 횡단중,안전운전불이행,젖음/습기,비,교차로 - 교차로횡단보도내,승용,여,49세,상해없음,보행자,여,66.0,중상,서울특별시 도봉구
2020072900100467,2020년 7월 29일 19시,수요일,서울특별시 구로구 오류동,중상사고,0,1,0,0,차대사람 - 횡단중,안전운전불이행,건조,맑음,교차로 - 교차로안,승용,남,71세,상해없음,보행자,여,78.0,중상,서울특별시 구로구
2020073000100575,2020년 7월 30일 22시,목요일,서울특별시 도봉구 쌍문동,중상사고,0,1,0,0,차대사람 - 횡단중,안전운전불이행,건조,맑음,단일로 - 기타,원동기,남,33세,상해없음,보행자,남,76.0,중상,서울특별시 도봉구
2020073100100038,2020년 7월 31일 03시,금요일,서울특별시 강동구 고덕동,경상사고,0,0,1,0,차대사람 - 차도통행중,안전운전불이행,건조,맑음,단일로 - 기타,자전거,남,65세,상해없음,보행자,여,69.0,경상,서울특별시 강동구
2020073100100053,2020년 7월 31일 05시,금요일,서울특별시 강동구 고덕동,부상신고사고,0,0,0,1,차대사람 - 기타,안전운전불이행,건조,맑음,교차로 - 교차로안,승용,남,51세,상해없음,보행자,여,88.0,부상신고,서울특별시 강동구
2020073100100061,2020년 7월 31일 06시,금요일,서울특별시 동대문구 장안동,경상사고,0,0,1,0,차대사람 - 횡단중,신호위반,건조,맑음,교차로 - 교차로안,자전거,남,24세,상해없음,보행자,여,77.0,경상,서울특별시 동대문구
2020073100100161,2020년 7월 31일 11시,금요일,서울특별시 도봉구 방학동,중상사고,0,1,0,0,차대사람 - 횡단중,안전운전불이행,건조,맑음,교차로 - 교차로안,승용,여,52세,상해없음,보행자,여,81.0,중상,서울특별시 도봉구
2020073100100195,2020년 7월 31일 12시,금요일,서울특별시 중랑구 상봉동,중상사고,0,1,0,0,차대사람 - 차도통행중,안전운전불이행,건조,맑음,교차로 - 교차로부근,승용,여,68세,상해없음,보행자,남,81.0,중상,서울특별시 중랑구
2020073100100352,2020년 7월 31일 16시,금요일,서울특별시 성동구 금호동1가,경상사고,0,0,1,0,차대사람 - 기타,보행자보호의무위반,건조,맑음,교차로 - 교차로횡단보도내,승용,남,68세,상해없음,보행자,여,75.0,경상,서울특별시 성동구
2020080100100072,2020년 8월 1일 05시,토요일,서울특별시 구로구 개봉동,중상사고,0,1,0,0,차대사람 - 기타,안전운전불이행,건조,맑음,교차로 - 교차로안,승용,남,46세,상해없음,보행자,여,76.0,중상,서울특별시 구로구
2020080100100439,2020년 8월 1일 18시,토요일,서울특별시 동대문구 장안동,중상사고,0,1,0,0,차대사람 - 기타,안전운전불이행,젖음/습기,흐림,교차로 - 교차로안,이륜,남,38세,상해없음,보행자,남,66.0,중상,서울특별시 동대문구
2020080100100497,2020년 8월 1일 20시,토요일,서울특별시 도봉구 도봉동,경상사고,0,0,1,0,차대사람 - 기타,안전운전불이행,건조,흐림,교차로 - 교차로안,승용,여,56세,상해없음,보행자,남,65.0,경상,서울특별시 도봉구
2020080200100010,2020년 8월 2일 01시,일요일,서울특별시 중랑구 상봉동,경상사고,0,0,1,0,차대사람 - 기타,안전운전불이행,젖음/습기,비,단일로 - 기타,승용,남,53세,상해없음,보행자,남,73.0,경상,서울특별시 중랑구
2020080200100047,2020년 8월 2일 05시,일요일,서울특별시 송파구 마천동,경상사고,0,0,1,0,차대사람 - 횡단중,보행자보호의무위반,건조,맑음,교차로 - 교차로횡단보도내,승용,남,61세,상해없음,보행자,남,72.0,경상,서울특별시 송파구
2020080200100102,2020년 8월 2일 11시,일요일,서울특별시 강서구 화곡동,경상사고,0,0,1,0,차대사람 - 보도통행중,안전운전불이행,젖음/습기,비,단일로 - 기타,승합,남,64세,기타불명,보행자,여,66.0,경상,서울특별시 강서구
2020080200100123,2020년 8월 2일 12시,일요일,서울특별시 도봉구 방학동,경상사고,0,0,1,0,차대사람 - 차도통행중,안전운전불이행,젖음/습기,비,교차로 - 교차로안,승용,남,73세,상해없음,보행자,여,85.0,경상,서울특별시 도봉구
2020080300100172,2020년 8월 3일 11시,월요일,서울특별시 금천구 가산동,경상사고,0,0,1,0,차대사람 - 기타,안전운전불이행,젖음/습기,비,단일로 - 기타,자전거,남,66세,상해없음,보행자,여,67.0,경상,서울특별시 금천구
2020080300100283,2020년 8월 3일 14시,월요일,서울특별시 성동구 금호동3가,부상신고사고,0,0,0,1,차대사람 - 차도통행중,안전운전불이행,젖음/습기,비,교차로 - 교차로부근,승용,남,65세,상해없음,보행자,남,75.0,부상신고,서울특별시 성동구
2020080300100289,2020년 8월 3일 14시,월요일,서울특별시 성북구 석관동,경상사고,0,0,1,0,차대사람 - 보도통행중,신호위반,젖음/습기,비,교차로 - 교차로횡단보도내,승용,남,70세,상해없음,보행자,남,65.0,경상,서울특별시 성북구
2020080400100106,2020년 8월 4일 09시,화요일,서울특별시 관악구 봉천동,경상사고,0,0,1,0,차대사람 - 횡단중,안전운전불이행,건조,맑음,교차로 - 교차로안,승용,여,41세,상해없음,보행자,여,68.0,경상,서울특별시 관악구
2020080400100301,2020년 8월 4일 15시,화요일,서울특별시 용산구 문배동,중상사고,0,1,0,0,차대사람 - 기타,안전운전불이행,건조,맑음,교차로 - 교차로안,이륜,남,42세,상해없음,보행자,여,70.0,중상,서울특별시 용산구
2020080400100520,2020년 8월 4일 21시,화요일,서울특별시 강서구 화곡동,중상사고,0,1,0,0,차대사람 - 기타,안전운전불이행,건조,맑음,교차로 - 교차로부근,승용,남,65세,기타불명,보행자,남,69.0,중상,서울특별시 강서구
2020080500100039,2020년 8월 5일 04시,수요일,서울특별시 강남구 삼성동,중상사고,0,1,0,0,차대사람 - 횡단중,신호위반,기타,기타,기타 - 기타,승용,남,25세,상해없음,보행자,남,76.0,중상,서울특별시 강남구
2020080500100073,2020년 8월 5일 08시,수요일,서울특별시 중랑구 묵동,경상사고,0,0,1,0,차대사람 - 기타,안전운전불이행,젖음/습기,비,단일로 - 기타,승용,남,48세,상해없음,보행자,여,68.0,경상,서울특별시 중랑구
2020080500100189,2020년 8월 5일 12시,수요일,서울특별시 성동구 금호동4가,경상사고,0,0,1,0,차대사람 - 보도통행중,신호위반,건조,맑음,교차로 - 교차로횡단보도내,이륜,남,56세,상해없음,보행자,여,74.0,경상,서울특별시 성동구
2020080500100284,2020년 8월 5일 15시,수요일,서울특별시 마포구 아현동,경상사고,0,0,1,0,차대사람 - 횡단중,안전운전불이행,건조,맑음,단일로 - 기타,화물,남,42세,상해없음,보행자,여,70.0,경상,서울특별시 마포구
2020080500100424,2020년 8월 5일 19시,수요일,서울특별시 용산구 청파동3가,경상사고,0,0,1,0,차대사람 - 기타,안전운전불이행,건조,맑음,단일로 - 기타,이륜,남,53세,상해없음,보행자,남,70.0,경상,서울특별시 용산구
2020080500100426,2020년 8월 5일 19시,수요일,서울특별시 동작구 노량진동,경상사고,0,0,1,0,차대사람 - 기타,보행자보호의무위반,젖음/습기,비,단일로 - 기타,승용,여,59세,상해없음,보행자,여,78.0,경상,서울특별시 동작구
2020080600100003,2020년 8월 6일 00시,목요일,서울특별시 동작구 상도동,중상사고,0,1,0,0,차대사람 - 횡단중,보행자보호의무위반,젖음/습기,비,교차로 - 교차로횡단보도내,이륜,남,22세,기타불명,보행자,남,70.0,중상,서울특별시 동작구
2020080600100075,2020년 8월 6일 06시,목요일,서울특별시 서초구 방배동,중상사고,0,1,0,0,차대사람 - 차도통행중,안전운전불이행,젖음/습기,비,교차로 - 교차로안,승용,여,54세,상해없음,보행자,여,72.0,중상,서울특별시 서초구
2020080600100084,2020년 8월 6일 07시,목요일,서울특별시 송파구 풍납동,경상사고,0,0,1,0,차대사람 - 횡단중,보행자보호의무위반,건조,맑음,기타 - 기타,승용,남,59세,상해없음,보행자,여,65.0,경상,서울특별시 송파구
2020080600100146,2020년 8월 6일 09시,목요일,서울특별시 노원구 상계동,중상사고,0,1,0,0,차대사람 - 차도통행중,안전운전불이행,건조,맑음,주차장 - 주차장,승용,남,29세,상해없음,보행자,남,81.0,중상,서울특별시 노원구
2020080600100297,2020년 8월 6일 14시,목요일,서울특별시 성북구 종암동,중상사고,0,1,0,0,차대사람 - 차도통행중,안전운전불이행,건조,맑음,기타 - 기타,승용,남,57세,상해없음,보행자,여,86.0,중상,서울특별시 성북구
2020080600100449,2020년 8월 6일 18시,목요일,서울특별시 양천구 신월동,중상사고,0,1,0,0,차대사람 - 기타,기타,건조,맑음,단일로 - 기타,화물,남,39세,상해없음,보행자,여,65.0,중상,서울특별시 양천구
2020080700100125,2020년 8월 7일 09시,금요일,서울특별시 영등포구 양평동,중상사고,0,1,0,0,차대사람 - 횡단중,안전운전불이행,건조,맑음,단일로 - 교량,승용,남,49세,상해없음,보행자,남,74.0,중상,서울특별시 영등포구
2020080700100159,2020년 8월 7일 10시,금요일,서울특별시 송파구 마천동,경상사고,0,0,1,0,차대사람 - 횡단중,신호위반,건조,맑음,교차로 - 교차로횡단보도내,승용,남,57세,상해없음,보행자,여,67.0,경상,서울특별시 송파구
2020080700100190,2020년 8월 7일 11시,금요일,서울특별시 중구 중림동,중상사고,0,1,0,0,차대사람 - 기타,안전운전불이행,건조,맑음,단일로 - 기타,승용,남,35세,상해없음,보행자,여,70.0,중상,서울특별시 중구
2020080700100191,2020년 8월 7일 11시,금요일,서울특별시 서초구 방배동,중상사고,0,1,0,0,차대사람 - 기타,안전운전불이행,건조,맑음,교차로 - 교차로안,승합,남,33세,상해없음,보행자,여,78.0,중상,서울특별시 서초구
2020080700100252,2020년 8월 7일 13시,금요일,서울특별시 노원구 상계동,중상사고,0,1,0,0,차대사람 - 횡단중,안전운전불이행,건조,맑음,기타 - 기타,자전거,여,41세,기타불명,보행자,여,65.0,중상,서울특별시 노원구
2020080700100271,2020년 8월 7일 14시,금요일,서울특별시 중구 주교동,경상사고,0,0,1,0,차대사람 - 횡단중,안전운전불이행,건조,흐림,교차로 - 교차로안,화물,남,59세,상해없음,보행자,남,70.0,경상,서울특별시 중구
2020080800100070,2020년 8월 8일 05시,토요일,서울특별시 은평구 불광동,중상사고,0,1,0,0,차대사람 - 횡단중,신호위반,건조,맑음,단일로 - 기타,승용,남,55세,상해없음,보행자,여,78.0,중상,서울특별시 은평구
2020080800100077,2020년 8월 8일 06시,토요일,서울특별시 영등포구 영등포동1가,중상사고,0,1,0,0,차대사람 - 횡단중,안전운전불이행,건조,맑음,단일로 - 기타,승용,남,60세,상해없음,보행자,남,70.0,중상,서울특별시 영등포구
2020080800100148,2020년 8월 8일 10시,토요일,서울특별시 금천구 시흥동,경상사고,0,0,1,0,차대사람 - 기타,안전운전불이행,건조,맑음,교차로 - 교차로안,승용,남,47세,상해없음,보행자,여,74.0,경상,서울특별시 금천구
2020080800100432,2020년 8월 8일 19시,토요일,서울특별시 강동구 명일동,경상사고,0,0,1,0,차대사람 - 기타,안전운전불이행,건조,맑음,교차로 - 교차로안,기타불명,기타불명,미분류,기타불명,보행자,여,78.0,경상,서울특별시 강동구
2020081000100098,2020년 8월 10일 09시,월요일,서울특별시 동작구 상도동,중상사고,0,1,0,0,차대사람 - 횡단중,보행자보호의무위반,건조,맑음,단일로 - 터널,승용,여,35세,상해없음,보행자,여,81.0,중상,서울특별시 동작구
2020081000100105,2020년 8월 10일 09시,월요일,서울특별시 은평구 갈현동,경상사고,0,0,1,0,차대사람 - 보도통행중,기타,젖음/습기,비,미분류 - 미분류,승용,남,73세,상해없음,보행자,여,83.0,경상,서울특별시 은평구
2020081000100137,2020년 8월 10일 10시,월요일,서울특별시 용산구 청파동3가,중상사고,0,1,0,0,차대사람 - 횡단중,안전운전불이행,건조,맑음,교차로 - 교차로부근,승용,남,27세,상해없음,보행자,남,79.0,중상,서울특별시 용산구
2020081000100400,2020년 8월 10일 18시,월요일,서울특별시 용산구 신창동,경상사고,0,0,1,0,차대사람 - 횡단중,보행자보호의무위반,젖음/습기,비,교차로 - 교차로안,승용,남,57세,상해없음,보행자,남,75.0,경상,서울특별시 용산구
2020081000100498,2020년 8월 10일 21시,월요일,서울특별시 동작구 사당동,중상사고,0,1,0,0,차대사람 - 차도통행중,안전운전불이행,젖음/습기,비,단일로 - 기타,승용,남,37세,상해없음,보행자,여,75.0,중상,서울특별시 동작구
2020081100100003,2020년 8월 11일 00시,화요일,서울특별시 영등포구 영등포동3가,경상사고,0,0,1,0,차대사람 - 기타,안전운전불이행,젖음/습기,비,단일로 - 기타,승용,남,38세,상해없음,보행자,남,73.0,경상,서울특별시 영등포구
2020081100100052,2020년 8월 11일 04시,화요일,서울특별시 동작구 노량진동,중상사고,0,1,0,0,차대사람 - 횡단중,안전운전불이행,젖음/습기,비,단일로 - 기타,승용,여,69세,상해없음,보행자,여,65.0,중상,서울특별시 동작구
2020081100100177,2020년 8월 11일 10시,화요일,서울특별시 마포구 염리동,경상사고,0,0,1,0,차대사람 - 횡단중,안전운전불이행,젖음/습기,맑음,단일로 - 기타,원동기,남,28세,상해없음,보행자,여,67.0,경상,서울특별시 마포구
2020081100100178,2020년 8월 11일 10시,화요일,서울특별시 관악구 신림동,중상사고,0,1,0,0,차대사람 - 기타,기타,건조,맑음,교차로 - 교차로부근,승용,남,49세,상해없음,보행자,남,65.0,중상,서울특별시 관악구
2020081100100253,2020년 8월 11일 12시,화요일,서울특별시 노원구 중계동,중상사고,0,2,1,0,차대사람 - 보도통행중,기타,건조,맑음,단일로 - 기타,승용,여,54세,상해없음,보행자,여,83.0,중상,서울특별시 노원구
2020081100100275,2020년 8월 11일 13시,화요일,서울특별시 강서구 화곡동,중상사고,0,1,0,0,차대사람 - 기타,안전운전불이행,젖음/습기,흐림,교차로 - 교차로부근,승용,남,28세,상해없음,보행자,여,68.0,중상,서울특별시 강서구
2020081100100312,2020년 8월 11일 14시,화요일,서울특별시 강남구 대치동,중상사고,0,1,0,0,차대사람 - 보도통행중,기타,건조,맑음,기타 - 기타,자전거,남,15세,상해없음,보행자,남,72.0,중상,서울특별시 강남구
2020081100100445,2020년 8월 11일 18시,화요일,서울특별시 관악구 신림동,중상사고,0,1,1,0,차대사람 - 차도통행중,안전운전불이행,건조,맑음,단일로 - 기타,개인형이동수단(PM),남,23세,경상,보행자,남,68.0,중상,서울특별시 관악구
2020081200100126,2020년 8월 12일 09시,수요일,서울특별시 마포구 합정동,경상사고,0,0,1,0,차대사람 - 횡단중,안전운전불이행,건조,맑음,교차로 - 교차로안,승용,여,51세,상해없음,보행자,여,66.0,경상,서울특별시 마포구
2020081200100128,2020년 8월 12일 09시,수요일,서울특별시 관악구 봉천동,경상사고,0,0,1,0,차대사람 - 보도통행중,기타,건조,맑음,기타 - 기타,화물,남,45세,상해없음,보행자,남,68.0,경상,서울특별시 관악구
2020081200100195,2020년 8월 12일 11시,수요일,서울특별시 동작구 상도동,중상사고,0,1,0,0,차대사람 - 차도통행중,안전운전불이행,건조,맑음,단일로 - 기타,승용,남,56세,기타불명,보행자,여,78.0,중상,서울특별시 동작구
2020081300100047,2020년 8월 13일 07시,목요일,서울특별시 동대문구 휘경동,중상사고,0,1,0,0,차대사람 - 기타,안전운전불이행,건조,흐림,교차로 - 교차로안,화물,남,64세,상해없음,보행자,여,70.0,중상,서울특별시 동대문구
2020081300100051,2020년 8월 13일 07시,목요일,서울특별시 구로구 온수동,중상사고,0,1,0,0,차대사람 - 횡단중,안전운전불이행,건조,맑음,교차로 - 교차로횡단보도내,승용,남,81세,상해없음,보행자,남,84.0,중상,서울특별시 구로구
2020081300100104,2020년 8월 13일 09시,목요일,서울특별시 관악구 남현동,중상사고,0,1,1,0,차대사람 - 차도통행중,안전운전불이행,건조,맑음,교차로 - 교차로부근,승용,여,37세,상해없음,보행자,여,65.0,중상,서울특별시 관악구
2020081300100276,2020년 8월 13일 14시,목요일,서울특별시 강동구 길동,경상사고,0,0,1,0,차대사람 - 길가장자리구역통행중,안전운전불이행,건조,맑음,단일로 - 기타,승용,여,73세,상해없음,보행자,여,68.0,경상,서울특별시 강동구
2020081300100277,2020년 8월 13일 14시,목요일,서울특별시 강동구 암사동,경상사고,0,0,1,0,차대사람 - 횡단중,보행자보호의무위반,기타,맑음,교차로 - 교차로횡단보도내,이륜,남,22세,상해없음,보행자,남,70.0,경상,서울특별시 강동구
2020081300100433,2020년 8월 13일 18시,목요일,서울특별시 성동구 도선동,경상사고,0,0,1,0,차대사람 - 보도통행중,기타,건조,맑음,교차로 - 교차로부근,기타불명,기타불명,미분류,기타불명,보행자,여,73.0,경상,서울특별시 성동구
2020081300100553,2020년 8월 13일 21시,목요일,서울특별시 용산구 보광동,경상사고,0,0,1,0,차대사람 - 기타,안전운전불이행,건조,맑음,단일로 - 기타,기타불명,기타불명,미분류,기타불명,보행자,남,68.0,경상,서울특별시 용산구
2020081400100200,2020년 8월 14일 11시,금요일,서울특별시 송파구 잠실동,중상사고,0,1,0,0,차대사람 - 보도통행중,기타,건조,맑음,단일로 - 기타,승용,남,70세,상해없음,보행자,남,73.0,중상,서울특별시 송파구
2020081400100587,2020년 8월 14일 20시,금요일,서울특별시 관악구 남현동,경상사고,0,0,1,0,차대사람 - 기타,안전운전불이행,건조,맑음,단일로 - 기타,승합,남,58세,상해없음,보행자,남,65.0,경상,서울특별시 관악구
2020081400100629,2020년 8월 14일 21시,금요일,서울특별시 마포구 도화동,경상사고,0,0,1,0,차대사람 - 횡단중,보행자보호의무위반,건조,맑음,교차로 - 교차로부근,이륜,남,23세,상해없음,보행자,여,74.0,경상,서울특별시 마포구
2020081500100096,2020년 8월 15일 06시,토요일,서울특별시 양천구 신월동,중상사고,0,1,0,0,차대사람 - 횡단중,신호위반,젖음/습기,비,교차로 - 교차로횡단보도내,승용,남,53세,상해없음,보행자,여,69.0,중상,서울특별시 양천구
2020081500100110,2020년 8월 15일 07시,토요일,서울특별시 노원구 상계동,경상사고,0,0,2,0,차대사람 - 기타,기타,젖음/습기,비,기타 - 기타,화물,남,62세,상해없음,보행자,남,68.0,경상,서울특별시 노원구
2020081500100176,2020년 8월 15일 11시,토요일,서울특별시 강북구 미아동,경상사고,0,0,1,0,차대사람 - 횡단중,안전운전불이행,건조,맑음,단일로 - 기타,승용,남,41세,상해없음,보행자,여,73.0,경상,서울특별시 강북구
2020081600100074,2020년 8월 16일 06시,일요일,서울특별시 용산구 이촌동,중상사고,0,1,0,0,차대사람 - 기타,안전운전불이행,건조,맑음,단일로 - 기타,자전거,남,56세,상해없음,보행자,여,77.0,중상,서울특별시 용산구
2020081600100374,2020년 8월 16일 18시,일요일,서울특별시 중랑구 상봉동,경상사고,0,0,1,0,차대사람 - 길가장자리구역통행중,안전운전불이행,건조,맑음,교차로 - 교차로안,승용,여,56세,상해없음,보행자,여,69.0,경상,서울특별시 중랑구
2020081600100474,2020년 8월 16일 21시,일요일,서울특별시 마포구 서교동,사망사고,1,0,0,0,차대사람 - 횡단중,안전운전불이행,건조,맑음,교차로 - 교차로횡단보도내,승용,남,68세,상해없음,보행자,여,79.0,사망,서울특별시 마포구