사고번호,사고일시,요일,시군구,사고내용,사망자수,중상자수,경상자수,부상신고자수,사고유형,법규위반,노면상태,기상상태,도로형태,가해운전자 차종,가해운전자 성별,가해운전자 연령,가해운전자 상해정도,피해운전자 차종,피해운전자 성별,피해운전자 연령,피해운전자 상해정도,구
2020081700100068,2020년 8월 17일 08시,월요일,서울특별시 노원구 상계동,부상신고사고,0,0,0,1,차대사람 - 횡단중,보행자보호의무위반,건조,맑음,단일로 - 기타,승용,남,41세,상해없음,보행자,남,75.0,부상신고,서울특별시 노원구
2020081700100083,2020년 8월 17일 09시,월요일,서울특별시 중구 신당동,부상신고사고,0,0,0,1,차대사람 - 기타,안전운전불이행,건조,맑음,단일로 - 기타,화물,남,38세,상해없음,보행자,여,90.0,부상신고,서울특별시 중구
2020081700100248,2020년 8월 17일 14시,월요일,서울특별시 종로구 숭인동,사망사고,1,0,0,0,차대사람 - 기타,안전운전불이행,건조,맑음,기타 - 기타,승용,남,38세,상해없음,보행자,남,67.0,사망,서울특별시 종로구
2020081700100249,2020년 8월 17일 14시,월요일,서울특별시 마포구 성산동,경상사고,0,0,1,0,차대사람 - 차도통행중,안전운전불이행,건조,맑음,교차로 - 교차로부근,승용,여,49세,상해없음,보행자,여,83.0,경상,서울특별시 마포구
2020081700100330,2020년 8월 17일 16시,월요일,서울특별시 영등포구 여의도동,경상사고,0,0,1,0,차대사람 - 기타,안전운전불이행,건조,맑음,단일로 - 기타,자전거,여,55세,상해없음,보행자,여,67.0,경상,서울특별시 영등포구
2020081700100543,2020년 8월 17일 22시,월요일,서울특별시 동대문구 이문동,중상사고,0,1,0,0,차대사람 - 횡단중,안전운전불이행,건조,맑음,교차로 - 교차로횡단보도내,승용,남,34세,상해없음,보행자,여,76.0,중상,서울특별시 동대문구
2020081800100038,2020년 8월 18일 05시,화요일,서울특별시 구로구 오류동,부상신고사고,0,0,0,1,차대사람 - 차도통행중,안전운전불이행,건조,맑음,단일로 - 기타,승용,여,70세,상해없음,보행자,여,72.0,부상신고,서울특별시 구로구
2020081800100080,2020년 8월 18일 08시,화요일,서울특별시 동작구 사당동,중상사고,0,1,0,0,차대사람 - 기타,안전운전불이행,건조,맑음,단일로 - 기타,승합,남,69세,상해없음,보행자,남,67.0,중상,서울특별시 동작구
2020081800100121,2020년 8월 18일 09시,화요일,서울특별시 성동구 성수동1가,경상사고,0,0,1,0,차대사람 - 기타,안전운전불이행,건조,맑음,교차로 - 교차로안,승용,남,58세,상해없음,보행자,여,88.0,경상,서울특별시 성동구
2020081800100124,2020년 8월 18일 09시,화요일,서울특별시 구로구 구로동,경상사고,0,0,1,0,차대사람 - 기타,안전운전불이행,건조,맑음,교차로 - 교차로안,화물,남,59세,상해없음,보행자,여,77.0,경상,서울특별시 구로구
2020081800100151,2020년 8월 18일 10시,화요일,서울특별시 마포구 노고산동,중상사고,0,1,0,0,차대사람 - 기타,안전운전불이행,건조,맑음,단일로 - 기타,화물,남,62세,상해없음,보행자,여,67.0,중상,서울특별시 마포구
2020081800100232,2020년 8월 18일 12시,화요일,서울특별시 동작구 상도동,경상사고,0,0,1,0,차대사람 - 기타,안전운전불이행,건조,맑음,교차로 - 교차로안,승합,남,46세,상해없음,보행자,여,86.0,경상,서울특별시 동작구
2020081800100682,2020년 8월 18일 23시,화요일,서울특별시 강서구 개화동,중상사고,0,1,0,0,차대사람 - 차도통행중,기타,건조,맑음,단일로 - 기타,승합,남,56세,상해없음,보행자,남,68.0,중상,서울특별시 강서구
2020081900100063,2020년 8월 19일 07시,수요일,서울특별시 성북구 하월곡동,중상사고,0,1,0,0,차대사람 - 횡단중,보행자보호의무위반,건조,맑음,기타 - 기타,승용,여,38세,상해없음,보행자,남,85.0,중상,서울특별시 성북구
2020081900100222,2020년 8월 19일 12시,수요일,서울특별시 성동구 하왕십리동,중상사고,0,1,0,0,차대사람 - 기타,안전운전불이행,건조,맑음,단일로 - 기타,승용,남,72세,상해없음,보행자,여,80.0,중상,서울특별시 성동구
2020081900100269,2020년 8월 19일 13시,수요일,서울특별시 서초구 잠원동,중상사고,0,1,0,0,차대사람 - 기타,보행자보호의무위반,건조,맑음,기타 - 기타,승용,남,61세,상해없음,보행자,여,82.0,중상,서울특별시 서초구
2020081900100351,2020년 8월 19일 15시,수요일,서울특별시 양천구 목동,중상사고,0,1,0,0,차대사람 - 기타,안전운전불이행,건조,맑음,단일로 - 기타,승용,여,23세,상해없음,보행자,여,85.0,중상,서울특별시 양천구
2020081900100472,2020년 8월 19일 18시,수요일,서울특별시 구로구 고척동,경상사고,0,0,1,0,차대사람 - 차도통행중,안전운전불이행,건조,맑음,단일로 - 기타,화물,남,47세,상해없음,보행자,여,66.0,경상,서울특별시 구로구
2020081900100523,2020년 8월 19일 19시,수요일,서울특별시 성동구 송정동,부상신고사고,0,0,0,1,차대사람 - 차도통행중,안전운전불이행,건조,맑음,단일로 - 기타,자전거,남,14세,상해없음,보행자,여,84.0,부상신고,서울특별시 성동구
2020081900100647,2020년 8월 19일 23시,수요일,서울특별시 중랑구 면목동,중상사고,0,1,0,0,차대사람 - 기타,불법유턴,건조,맑음,기타 - 기타,화물,남,56세,상해없음,보행자,여,74.0,중상,서울특별시 중랑구
2020082000100182,2020년 8월 20일 11시,목요일,서울특별시 용산구 용문동,중상사고,0,1,0,0,차대사람 - 횡단중,안전운전불이행,건조,맑음,교차로 - 교차로안,승용,남,53세,상해없음,보행자,남,70.0,중상,서울특별시 용산구
2020082100100088,2020년 8월 21일 08시,금요일,서울특별시 광진구 중곡동,경상사고,0,0,1,0,차대사람 - 기타,안전운전불이행,건조,맑음,단일로 - 기타,개인형이동수단(PM),여,26세,상해없음,보행자,여,81.0,경상,서울특별시 광진구
2020082100100508,2020년 8월 21일 20시,금요일,서울특별시 강북구 수유동,경상사고,0,0,1,0,차대사람 - 횡단중,안전운전불이행,건조,맑음,교차로 - 교차로안,승용,여,49세,상해없음,보행자,여,73.0,경상,서울특별시 강북구
2020082100100554,2020년 8월 21일 21시,금요일,서울특별시 도봉구 창동,경상사고,0,0,1,0,차대사람 - 횡단중,안전운전불이행,건조,맑음,단일로 - 기타,승용,여,51세,상해없음,보행자,여,65.0,경상,서울특별시 도봉구
2020082100100585,2020년 8월 21일 22시,금요일,서울특별시 양천구 목동,경상사고,0,0,1,0,차대사람 - 기타,안전운전불이행,건조,맑음,교차로 - 교차로부근,이륜,기타불명,미분류,기타불명,보행자,남,80.0,경상,서울특별시 양천구
2020082200100001,2020년 8월 22일 00시,토요일,서울특별시 중구 을지로4가,중상사고,0,1,0,0,차대사람 - 횡단중,안전운전불이행,건조,맑음,단일로 - 기타,승용,남,66세,상해없음,보행자,남,83.0,중상,서울특별시 중구
2020082200100064,2020년 8월 22일 05시,토요일,서울특별시 노원구 중계동,중상사고,0,1,0,0,차대사람 - 기타,안전운전불이행,건조,맑음,단일로 - 기타,승용,남,46세,상해없음,보행자,남,73.0,중상,서울특별시 노원구
2020082200100074,2020년 8월 22일 06시,토요일,서울특별시 성동구 사근동,경상사고,0,0,1,0,차대사람 - 횡단중,안전운전불이행,건조,맑음,단일로 - 기타,자전거,남,68세,상해없음,보행자,남,73.0,경상,서울특별시 성동구
2020082200100377,2020년 8월 22일 16시,토요일,서울특별시 강서구 방화동,중상사고,0,1,0,0,차대사람 - 차도통행중,안전운전불이행,건조,맑음,교차로 - 교차로안,승용,남,56세,상해없음,보행자,여,67.0,중상,서울특별시 강서구
2020082200100378,2020년 8월 22일 16시,토요일,서울특별시 강동구 천호동,경상사고,0,0,1,0,차대사람 - 차도통행중,안전운전불이행,젖음/습기,비,교차로 - 교차로안,승용,남,57세,상해없음,보행자,남,68.0,경상,서울특별시 강동구
2020082200100570,2020년 8월 22일 21시,토요일,서울특별시 송파구 가락동,중상사고,0,1,0,0,차대사람 - 횡단중,안전운전불이행,젖음/습기,흐림,교차로 - 교차로부근,승용,남,66세,상해없음,보행자,남,66.0,중상,서울특별시 송파구
2020082300100348,2020년 8월 23일 19시,일요일,서울특별시 중구 황학동,중상사고,0,1,0,0,차대사람 - 차도통행중,안전운전불이행,건조,맑음,단일로 - 기타,원동기,남,31세,상해없음,보행자,여,83.0,중상,서울특별시 중구
2020082300100350,2020년 8월 23일 19시,일요일,서울특별시 성동구 성수동2가,사망사고,1,0,0,0,차대사람 - 횡단중,안전운전불이행,건조,맑음,단일로 - 기타,승용,남,27세,상해없음,보행자,남,70.0,사망,서울특별시 성동구
2020082400100062,2020년 8월 24일 07시,월요일,서울특별시 관악구 봉천동,중상사고,0,1,0,0,차대사람 - 횡단중,신호위반,건조,맑음,단일로 - 기타,승용,남,52세,상해없음,보행자,여,78.0,중상,서울특별시 관악구
2020082400100168,2020년 8월 24일 10시,월요일,서울특별시 강남구 세곡동,중상사고,0,1,0,0,차대사람 - 횡단중,보행자보호의무위반,건조,맑음,단일로 - 기타,승용,여,40세,상해없음,보행자,여,80.0,중상,서울특별시 강남구
2020082400100390,2020년 8월 24일 16시,월요일,서울특별시 강서구 공항동,중상사고,0,1,0,0,차대사람 - 기타,안전운전불이행,건조,맑음,기타 - 기타,승용,남,67세,상해없음,보행자,남,71.0,중상,서울특별시 강서구
2020082400100474,2020년 8월 24일 18시,월요일,서울특별시 송파구 잠실동,중상사고,0,1,0,0,차대사람 - 기타,안전운전불이행,건조,맑음,단일로 - 기타,승용,남,71세,상해없음,보행자,여,66.0,중상,서울특별시 송파구
2020082500100001,2020년 8월 25일 00시,화요일,서울특별시 금천구 독산동,중상사고,0,1,1,0,차대사람 - 기타,안전운전불이행,건조,맑음,교차로 - 교차로안,승용,남,58세,상해없음,보행자,남,70.0,중상,서울특별시 금천구
2020082500100248,2020년 8월 25일 12시,화요일,서울특별시 양천구 신월동,중상사고,0,1,0,0,차대사람 - 횡단중,안전운전불이행,건조,맑음,단일로 - 기타,화물,남,63세,상해없음,보행자,남,72.0,중상,서울특별시 양천구
2020082500100353,2020년 8월 25일 15시,화요일,서울특별시 금천구 독산동,경상사고,0,0,1,0,차대사람 - 기타,안전운전불이행,건조,맑음,교차로 - 교차로안,승합,남,53세,상해없음,보행자,여,73.0,경상,서울특별시 금천구
2020082500100387,2020년 8월 25일 16시,화요일,서울특별시 마포구 동교동,중상사고,0,1,0,0,차대사람 - 기타,안전운전불이행,기타,맑음,기타 - 기타,개인형이동수단(PM),여,21세,상해없음,보행자,여,75.0,중상,서울특별시 마포구
2020082500100519,2020년 8월 25일 19시,화요일,서울특별시 중랑구 망우동,중상사고,0,1,0,0,차대사람 - 기타,안전운전불이행,건조,맑음,단일로 - 기타,이륜,남,17세,상해없음,보행자,여,70.0,중상,서울특별시 중랑구
2020082500100628,2020년 8월 25일 22시,화요일,서울특별시 강동구 성내동,경상사고,0,0,1,0,차대사람 - 기타,안전운전불이행,건조,흐림,단일로 - 기타,기타불명,기타불명,미분류,기타불명,보행자,남,65.0,경상,서울특별시 강동구
2020082600100085,2020년 8월 26일 08시,수요일,서울특별시 동작구 사당동,부상신고사고,0,0,0,1,차대사람 - 차도통행중,안전운전불이행,건조,맑음,단일로 - 기타,화물,남,48세,상해없음,보행자,여,66.0,부상신고,서울특별시 동작구
2020082600100135,2020년 8월 26일 10시,수요일,서울특별시 종로구 종로4가,중상사고,0,1,0,0,차대사람 - 횡단중,안전운전불이행,건조,맑음,단일로 - 기타,이륜,남,60세,상해없음,보행자,여,65.0,중상,서울특별시 종로구
2020082600100158,2020년 8월 26일 11시,수요일,서울특별시 동대문구 청량리동,중상사고,0,1,0,0,차대사람 - 횡단중,보행자보호의무위반,건조,맑음,교차로 - 교차로횡단보도내,승용,남,47세,상해없음,보행자,여,71.0,중상,서울특별시 동대문구
2020082600100296,2020년 8월 26일 15시,수요일,서울특별시 노원구 상계동,경상사고,0,0,1,0,차대사람 - 차도통행중,보행자보호의무위반,건조,흐림,교차로 - 교차로횡단보도내,승용,남,59세,상해없음,보행자,남,65.0,경상,서울특별시 노원구
2020082600100353,2020년 8월 26일 17시,수요일,서울특별시 중랑구 망우동,중상사고,0,1,0,0,차대사람 - 횡단중,안전운전불이행,건조,맑음,교차로 - 교차로횡단보도내,이륜,남,19세,상해없음,보행자,남,65.0,중상,서울특별시 중랑구
2020082600100356,2020년 8월 26일 17시,수요일,서울특별시 강동구 암사동,중상사고,0,1,0,0,차대사람 - 기타,안전운전불이행,건조,맑음,기타 - 기타,자전거,남,54세,상해없음,보행자,여,70.0,중상,서울특별시 강동구
2020082700100118,2020년 8월 27일 09시,목요일,서울특별시 중구 인현동2가,경상사고,0,0,1,0,차대사람 - 차도통행중,안전운전불이행,젖음/습기,흐림,교차로 - 교차로안,이륜,남,71세,상해없음,보행자,남,79.0,경상,서울특별시 중구
2020082700100120,2020년 8월 27일 09시,목요일,서울특별시 종로구 종로5가,중상사고,0,1,0,0,차대사람 - 기타,안전운전불이행,건조,맑음,단일로 - 기타,승용,남,68세,상해없음,보행자,여,76.0,중상,서울특별시 종로구
2020082700100122,2020년 8월 27일 09시,목요일,서울특별시 중랑구 묵동,경상사고,0,0,1,0,차대사람 - 기타,안전운전불이행,건조,맑음,단일로 - 기타,화물,남,42세,기타불명,보행자,남,79.0,경상,서울특별시 중랑구
2020082800100281,2020년 8월 28일 14시,금요일,서울특별시 강남구 역삼동,중상사고,0,1,0,0,차대사람 - 기타,안전운전불이행,젖음/습기,비,단일로 - 기타,승용,남,63세,상해없음,보행자,남,76.0,중상,서울특별시 강남구
2020082800100405,2020년 8월 28일 17시,금요일,서울특별시 종로구 누상동,경상사고,0,0,1,0,차대사람 - 차도통행중,안전운전불이행,젖음/습기,흐림,교차로 - 교차로안,승용,남,50세,상해없음,보행자,남,72.0,경상,서울특별시 종로구
2020082900100291,2020년 8월 29일 14시,토요일,서울특별시 은평구 갈현동,중상사고,0,1,0,0,차대사람 - 기타,신호위반,건조,맑음,교차로 - 교차로부근,개인형이동수단(PM),남,22세,상해없음,보행자,남,82.0,중상,서울특별시 은평구
2020082900100382,2020년 8월 29일 17시,토요일,서울특별시 마포구 노고산동,중상사고,0,1,0,0,차대사람 - 기타,안전운전불이행,건조,흐림,단일로 - 기타,승용,남,24세,상해없음,보행자,여,79.0,중상,서울특별시 마포구
2020082900100482,2020년 8월 29일 20시,토요일,서울특별시 성북구 동소문동6가,경상사고,0,0,1,0,차대사람 - 횡단중,안전운전불이행,젖음/습기,비,단일로 - 기타,승용,남,35세,상해없음,보행자,여,74.0,경상,서울특별시 성북구
2020083000100124,2020년 8월 30일 11시,일요일,서울특별시 은평구 불광동,중상사고,0,1,0,0,차대사람 - 길가장자리구역통행중,안전운전불이행,건조,맑음,단일로 - 기타,승용,남,28세,상해없음,보행자,여,80.0,중상,서울특별시 은평구
2020083100100137,2020년 8월 31일 10시,월요일,서울특별시 용산구 용문동,부상신고사고,0,0,0,1,차대사람 - 기타,안전운전불이행,건조,맑음,기타 - 기타,승용,남,37세,상해없음,보행자,여,83.0,부상신고,서울특별시 용산구
2020083100100254,2020년 8월 31일 14시,월요일,서울특별시 성북구 안암동2가,중상사고,0,1,0,0,차대사람 - 기타,기타,건조,맑음,단일로 - 기타,승합,남,67세,상해없음,보행자,남,76.0,중상,서울특별시 성북구
2020083100100257,2020년 8월 31일 14시,월요일,서울특별시 중랑구 신내동,중상사고,0,1,0,0,차대사람 - 횡단중,안전운전불이행,건조,맑음,교차로 - 교차로안,승용,남,59세,상해없음,보행자,여,71.0,중상,서울특별시 중랑구
2020083100100292,2020년 8월 31일 15시,월요일,서울특별시 강서구 화곡동,경상사고,0,0,1,0,차대사람 - 횡단중,안전운전불이행,기타,맑음,교차로 - 교차로부근,승용,남,34세,상해없음,보행자,여,73.0,경상,서울특별시 강서구
2020083100100299,2020년 8월 31일 15시,월요일,서울특별시 도봉구 방학동,중상사고,0,1,0,0,차대사람 - 횡단중,보행자보호의무위반,건조,흐림,교차로 - 교차로안,승용,남,57세,기타불명,보행자,여,72.0,중상,서울특별시 도봉구
2020083100100335,2020년 8월 31일 16시,월요일,서울특별시 강동구 명일동,중상사고,0,1,0,0,차대사람 - 기타,신호위반,건조,맑음,단일로 - 기타,승용,남,68세,상해없음,보행자,여,65.0,중상,서울특별시 강동구
2020083100100375,2020년 8월 31일 17시,월요일,서울특별시 중랑구 중화동,중상사고,0,1,0,0,차대사람 - 기타,안전운전불이행,건조,맑음,단일로 - 기타,이륜,남,61세,상해없음,보행자,여,86.0,중상,서울특별시 중랑구
2020090100100136,2020년 9월 1일 10시,화요일,서울특별시 관악구 남현동,중상사고,0,1,0,0,차대사람 - 횡단중,안전운전불이행,건조,맑음,교차로 - 교차로부근,승용,남,29세,상해없음,보행자,여,72.0,중상,서울특별시 관악구
2020090100100209,2020년 9월 1일 13시,화요일,서울특별시 동대문구 용두동,중상사고,0,1,0,0,차대사람 - 횡단중,보행자보호의무위반,건조,맑음,단일로 - 기타,화물,남,56세,상해없음,보행자,여,76.0,중상,서울특별시 동대문구
2020090100100211,2020년 9월 1일 13시,화요일,서울특별시 강서구 화곡동,중상사고,0,1,0,0,차대사람 - 횡단중,안전운전불이행,건조,맑음,단일로 - 기타,승용,남,46세,상해없음,보행자,여,80.0,중상,서울특별시 강서구
2020090100100277,2020년 9월 1일 15시,화요일,서울특별시 강남구 개포동,중상사고,0,1,0,0,차대사람 - 횡단중,안전운전불이행,건조,맑음,기타 - 기타,자전거,남,65세,상해없음,보행자,남,72.0,중상,서울특별시 강남구
2020090100100347,2020년 9월 1일 17시,화요일,서울특별시 중랑구 망우동,부상신고사고,0,0,0,1,차대사람 - 기타,안전운전불이행,건조,맑음,단일로 - 기타,승용,남,68세,상해없음,보행자,남,70.0,부상신고,서울특별시 중랑구
2020090100100474,2020년 9월 1일 20시,화요일,서울특별시 양천구 신정동,중상사고,0,1,0,0,차대사람 - 횡단중,신호위반,건조,맑음,단일로 - 기타,이륜,남,25세,상해없음,보행자,여,83.0,중상,서울특별시 양천구
2020090200100148,2020년 9월 2일 11시,수요일,서울특별시 동대문구 신설동,경상사고,0,0,1,0,차대사람 - 보도통행중,기타,젖음/습기,비,기타 - 기타,이륜,남,32세,상해없음,보행자,남,71.0,경상,서울특별시 동대문구
2020090200100297,2020년 9월 2일 17시,수요일,서울특별시 영등포구 영등포동2가,중상사고,0,1,0,0,차대사람 - 기타,안전운전불이행,젖음/습기,비,교차로 - 교차로부근,승용,여,41세,상해없음,보행자,남,87.0,중상,서울특별시 영등포구
2020090300100209,2020년 9월 3일 13시,목요일,서울특별시 금천구 시흥동,경상사고,0,0,1,0,차대사람 - 기타,안전운전불이행,건조,맑음,단일로 - 기타,승용,남,34세,상해없음,보행자,남,74.0,경상,서울특별시 금천구
2020090300100442,2020년 9월 3일 20시,목요일,서울특별시 강서구 외발산동,경상사고,0,0,1,0,차대사람 - 횡단중,보행자보호의무위반,젖음/습기,비,교차로 - 교차로안,화물,남,27세,상해없음,보행자,남,67.0,경상,서울특별시 강서구
2020090300100446,2020년 9월 3일 20시,목요일,서울특별시 노원구 중계동,사망사고,1,0,0,0,차대사람 - 차도통행중,과속,건조,맑음,단일로 - 기타,승용,남,61세,상해없음,보행자,여,70.0,사망,서울특별시 노원구
2020090400100145,2020년 9월 4일 10시,금요일,서울특별시 양천구 신월동,부상신고사고,0,0,0,1,차대사람 - 횡단중,안전운전불이행,건조,맑음,기타 - 기타,화물,남,34세,상해없음,보행자,남,87.0,부상신고,서울특별시 양천구
2020090400100247,2020년 9월 4일 13시,금요일,서울특별시 송파구 오금동,경상사고,0,0,1,0,차대사람 - 횡단중,보행자보호의무위반,건조,맑음,교차로 - 교차로횡단보도내,승용,남,65세,상해없음,보행자,남,65.0,경상,서울특별시 송파구
2020090400100277,2020년 9월 4일 14시,금요일,서울특별시 송파구 문정동,경상사고,0,0,1,0,차대사람 - 차도통행중,안전운전불이행,건조,맑음,교차로 - 교차로안,승용,여,40세,상해없음,보행자,여,73.0,경상,서울특별시 송파구
2020090400100389,2020년 9월 4일 17시,금요일,서울특별시 중랑구 면목동,중상사고,0,1,0,0,차대사람 - 차도통행중,교차로운행방법위반,건조,맑음,교차로 - 교차로안,화물,남,59세,상해없음,보행자,여,73.0,중상,서울특별시 중랑구
2020090400100490,2020년 9월 4일 19시,금요일,서울특별시 동작구 상도동,경상사고,0,0,1,0,차대사람 - 기타,안전운전불이행,건조,맑음,교차로 - 교차로안,승용,남,69세,상해없음,보행자,남,67.0,경상,서울특별시 동작구
2020090400100491,2020년 9월 4일 19시,금요일,서울특별시 강서구 화곡동,경상사고,0,0,4,0,차대사람 - 횡단중,안전운전불이행,건조,맑음,교차로 - 교차로안,승합,남,69세,상해없음,보행자,여,77.0,경상,서울특별시 강서구
2020090500100112,2020년 9월 5일 10시,토요일,서울특별시 강동구 명일동,중상사고,0,1,0,0,차대사람 - 보도통행중,기타,건조,맑음,단일로 - 기타,승용,남,79세,상해없음,보행자,남,72.0,중상,서울특별시 강동구
2020090500100167,2020년 9월 5일 12시,토요일,서울특별시 강동구 길동,경상사고,0,0,1,0,차대사람 - 기타,안전운전불이행,건조,맑음,교차로 - 교차로부근,승용,여,60세,상해없음,보행자,여,73.0,경상,서울특별시 강동구
2020090500100324,2020년 9월 5일 16시,토요일,서울특별시 영등포구 신길동,중상사고,0,1,0,0,차대사람 - 기타,보행자보호의무위반,건조,맑음,교차로 - 교차로안,화물,남,56세,상해없음,보행자,남,70.0,중상,서울특별시 영등포구
2020090600100060,2020년 9월 6일 07시,일요일,서울특별시 영등포구 문래동5가,경상사고,0,0,1,0,차대사람 - 횡단중,안전운전불이행,건조,맑음,교차로 - 교차로안,자전거,남,30세,기타불명,보행자,남,79.0,경상,서울특별시 영등포구
2020090600100115,2020년 9월 6일 12시,일요일,서울특별시 구로구 구로동,경상사고,0,0,1,0,차대사람 - 기타,안전운전불이행,건조,맑음,단일로 - 기타,이륜,남,24세,상해없음,보행자,여,78.0,경상,서울특별시 구로구
2020090600100208,2020년 9월 6일 16시,일요일,서울특별시 송파구 방이동,경상사고,0,0,1,0,차대사람 - 길가장자리구역통행중,안전운전불이행,건조,흐림,교차로 - 교차로부근,승용,남,67세,상해없음,보행자,여,65.0,경상,서울특별시 송파구
2020090600100234,2020년 9월 6일 17시,일요일,서울특별시 구로구 개봉동,경상사고,0,0,1,0,차대사람 - 차도통행중,안전운전불이행,건조,맑음,교차로 - 교차로부근,승용,남,21세,상해없음,보행자,여,71.0,경상,서울특별시 구로구
2020090700100164,2020년 9월 7일 11시,월요일,서울특별시 강동구 강일동,경상사고,0,0,1,0,차대사람 - 기타,안전운전불이행,건조,맑음,주차장 - 주차장,승용,남,46세,상해없음,보행자,남,75.0,경상,서울특별시 강동구
2020090700100398,2020년 9월 7일 18시,월요일,서울특별시 관악구 신림동,경상사고,0,0,1,0,차대사람 - 횡단중,안전운전불이행,젖음/습기,비,교차로 - 교차로횡단보도내,승용,남,35세,상해없음,보행자,남,78.0,경상,서울특별시 관악구
2020090700100554,2020년 9월 7일 22시,월요일,서울특별시 강서구 방화동,경상사고,0,0,1,0,차대사람 - 길가장자리구역통행중,안전운전불이행,건조,맑음,교차로 - 교차로안,승용,남,45세,상해없음,보행자,여,75.0,경상,서울특별시 강서구
2020090800100163,2020년 9월 8일 10시,화요일,서울특별시 중구 신당동,중상사고,0,1,0,0,차대사람 - 기타,안전운전불이행,건조,맑음,단일로 - 기타,승용,남,71세,상해없음,보행자,여,72.0,중상,서울특별시 중구
2020090800100318,2020년 9월 8일 15시,화요일,서울특별시 동작구 상도동,사망사고,1,0,0,0,차대사람 - 길가장자리구역통행중,안전운전불이행,건조,맑음,교차로 - 교차로안,건설기계,남,52세,상해없음,보행자,여,70.0,사망,서울특별시 동작구
2020090800100320,2020년 9월 8일 15시,화요일,서울특별시 양천구 신정동,부상신고사고,0,0,0,1,차대사람 - 기타,안전운전불이행,건조,맑음,기타 - 기타,화물,남,49세,상해없음,보행자,여,72.0,부상신고,서울특별시 양천구
2020090800100415,2020년 9월 8일 17시,화요일,서울특별시 강동구 성내동,중상사고,0,1,0,0,차대사람 - 기타,안전운전불이행,건조,맑음,교차로 - 교차로안,화물,남,50세,상해없음,보행자,여,66.0,중상,서울특별시 강동구
2020090900100074,2020년 9월 9일 08시,수요일,서울특별시 중랑구 신내동,중상사고,0,1,0,0,차대사람 - 기타,안전운전불이행,건조,맑음,단일로 - 기타,이륜,여,60세,상해없음,보행자,여,79.0,중상,서울특별시 중랑구
2020090900100239,2020년 9월 9일 14시,수요일,서울특별시 종로구 누상동,경상사고,0,0,1,0,차대사람 - 기타,안전운전불이행,건조,맑음,단일로 - 기타,승용,여,80세,상해없음,보행자,남,65.0,경상,서울특별시 종로구
2020090900100279,2020년 9월 9일 15시,수요일,서울특별시 종로구 종로3가,중상사고,0,1,0,0,차대사람 - 기타,안전운전불이행,건조,맑음,단일로 - 기타,승합,남,56세,상해없음,보행자,여,78.0,중상,서울특별시 종로구
2020090900100387,2020년 9월 9일 18시,수요일,서울특별시 동대문구 전농동,경상사고,0,0,1,0,차대사람 - 보도통행중,안전운전불이행,건조,맑음,기타 - 기타,승용,남,28세,상해없음,보행자,남,66.0,경상,서울특별시 동대문구
2020091000100068,2020년 9월 10일 08시,목요일,서울특별시 성북구 하월곡동,중상사고,0,1,0,0,차대사람 - 보도통행중,기타,건조,맑음,기타 - 기타,자전거,남,68세,상해없음,보행자,여,75.0,중상,서울특별시 성북구
2020091000100115,2020년 9월 10일 10시,목요일,서울특별시 양천구 신정동,중상사고,0,1,0,0,차대사람 - 기타,안전운전불이행,건조,맑음,단일로 - 기타,승용,여,48세,상해없음,보행자,남,75.0,중상,서울특별시 양천구
2020091000100224,2020년 9월 10일 13시,목요일,서울특별시 중랑구 망우동,중상사고,0,1,0,0,차대사람 - 기타,안전운전불이행,건조,맑음,단일로 - 지하차도(도로)내,승용,남,90세,상해없음,보행자,여,66.0,중상,서울특별시 중랑구
2020091000100253,2020년 9월 10일 14시,목요일,서울특별시 강서구 화곡동,중상사고,0,1,0,0,차대사람 - 보도통행중,기타,건조,맑음,기타 - 기타,승용,남,58세,상해없음,보행자,여,83.0,중상,서울특별시 강서구
2020091000100353,2020년 9월 10일 17시,목요일,서울특별시 강남구 신사동,중상사고,0,1,0,0,차대사람 - 보도통행중,기타,건조,맑음,기타 - 기타,개인형이동수단(PM),여,33세,상해없음,보행자,남,79.0,중상,서울특별시 강남구
2020091000100459,2020년 9월 10일 19시,목요일,서울특별시 강동구 명일동,부상신고사고,0,0,0,1,차대사람 - 기타,안전운전불이행,건조,맑음,교차로 - 교차로부근,자전거,남,17세,상해없음,보행자,여,65.0,부상신고,서울특별시 강동구
2020091000100575,2020년 9월 10일 23시,목요일,서울특별시 서초구 반포동,중상사고,0,1,0,0,차대사람 - 기타,안전운전불이행,건조,맑음,단일로 - 기타,승용,남,31세,상해없음,보행자,남,67.0,중상,서울특별시 서초구
2020091100100003,2020년 9월 11일 00시,금요일,서울특별시 강서구 가양동,중상사고,0,1,0,0,차대사람 - 횡단중,과속,건조,맑음,단일로 - 기타,승용,남,65세,상해없음,보행자,남,66.0,중상,서울특별시 강서구
2020091100100113,2020년 9월 11일 09시,금요일,서울특별시 동대문구 장안동,중상사고,0,1,0,0,차대사람 - 기타,보행자보호의무위반,건조,맑음,단일로 - 기타,화물,남,49세,상해없음,보행자,남,73.0,중상,서울특별시 동대문구
2020091100100138,2020년 9월 11일 10시,금요일,서울특별시 서초구 서초동,중상사고,0,1,0,0,차대사람 - 횡단중,안전운전불이행,건조,맑음,교차로 - 교차로안,특수,남,46세,상해없음,보행자,남,78.0,중상,서울특별시 서초구
2020091100100223,2020년 9월 11일 13시,금요일,서울특별시 관악구 신림동,중상사고,0,1,0,0,차대사람 - 기타,안전운전불이행,건조,맑음,단일로 - 기타,승용,남,40세,상해없음,보행자,여,66.0,중상,서울특별시 관악구