사고번호,사고일시,요일,시군구,사고내용,사망자수,중상자수,경상자수,부상신고자수,사고유형,법규위반,노면상태,기상상태,도로형태,가해운전자 차종,가해운전자 성별,가해운전자 연령,가해운전자 상해정도,피해운전자 차종,피해운전자 성별,피해운전자 연령,피해운전자 상해정도,구
2020113000100026,2020년 11월 30일 05시,월요일,서울특별시 동작구 사당동,중상사고,0,1,0,0,차대사람 - 보도통행중,안전운전불이행,기타,맑음,교차로 - 교차로안,승용,남,56세,상해없음,보행자,남,78.0,중상,서울특별시 동작구
2020113000100034,2020년 11월 30일 06시,월요일,서울특별시 노원구 중계동,중상사고,0,1,0,0,차대사람 - 기타,안전운전불이행,건조,맑음,단일로 - 기타,자전거,남,69세,상해없음,보행자,여,77.0,중상,서울특별시 노원구
2020113000100193,2020년 11월 30일 11시,월요일,서울특별시 중랑구 면목동,중상사고,0,1,0,0,차대사람 - 기타,안전운전불이행,건조,맑음,기타 - 기타,화물,남,53세,상해없음,보행자,여,85.0,중상,서울특별시 중랑구
2020113000100332,2020년 11월 30일 15시,월요일,서울특별시 은평구 갈현동,중상사고,0,1,0,0,차대사람 - 횡단중,신호위반,건조,맑음,교차로 - 교차로부근,이륜,남,31세,상해없음,보행자,여,80.0,중상,서울특별시 은평구
2020113000100374,2020년 11월 30일 16시,월요일,서울특별시 강서구 가양동,중상사고,0,1,0,0,차대사람 - 기타,안전운전불이행,건조,맑음,단일로 - 기타,승합,남,59세,상해없음,보행자,여,73.0,중상,서울특별시 강서구
2020113000100378,2020년 11월 30일 16시,월요일,서울특별시 구로구 개봉동,중상사고,0,1,0,0,차대사람 - 기타,안전운전불이행,건조,맑음,단일로 - 기타,화물,남,51세,상해없음,보행자,여,66.0,중상,서울특별시 구로구
2020113000100380,2020년 11월 30일 16시,월요일,서울특별시 강남구 수서동,중상사고,0,1,0,0,차대사람 - 길가장자리구역통행중,안전운전불이행,건조,맑음,교차로 - 교차로안,승용,여,46세,상해없음,보행자,여,66.0,중상,서울특별시 강남구
2020113000100418,2020년 11월 30일 17시,월요일,서울특별시 강북구 미아동,중상사고,0,1,0,0,차대사람 - 길가장자리구역통행중,안전운전불이행,건조,맑음,교차로 - 교차로안,승용,남,59세,상해없음,보행자,남,77.0,중상,서울특별시 강북구
2020120100100190,2020년 12월 1일 11시,화요일,서울특별시 양천구 신정동,중상사고,0,1,0,0,차대사람 - 횡단중,보행자보호의무위반,건조,맑음,단일로 - 기타,승용,남,69세,상해없음,보행자,여,76.0,중상,서울특별시 양천구
2020120100100264,2020년 12월 1일 13시,화요일,서울특별시 동대문구 회기동,경상사고,0,0,1,0,차대사람 - 횡단중,보행자보호의무위반,건조,맑음,교차로 - 교차로횡단보도내,승용,남,83세,상해없음,보행자,남,78.0,경상,서울특별시 동대문구
2020120100100271,2020년 12월 1일 13시,화요일,서울특별시 서초구 서초동,경상사고,0,0,1,0,차대사람 - 기타,신호위반,건조,맑음,단일로 - 기타,승용,여,48세,상해없음,보행자,남,67.0,경상,서울특별시 서초구
2020120100100387,2020년 12월 1일 16시,화요일,서울특별시 중랑구 중화동,경상사고,0,0,1,0,차대사람 - 길가장자리구역통행중,안전운전불이행,건조,맑음,교차로 - 교차로부근,화물,남,50세,상해없음,보행자,여,82.0,경상,서울특별시 중랑구
2020120200100065,2020년 12월 2일 08시,수요일,서울특별시 강남구 자곡동,중상사고,0,1,0,0,차대사람 - 보도통행중,중앙선침범,건조,맑음,단일로 - 기타,자전거,남,49세,상해없음,보행자,여,65.0,중상,서울특별시 강남구
2020120200100142,2020년 12월 2일 11시,수요일,서울특별시 강서구 화곡동,경상사고,0,0,1,0,차대사람 - 기타,안전운전불이행,건조,맑음,단일로 - 기타,승용,남,60세,상해없음,보행자,남,79.0,경상,서울특별시 강서구
2020120200100273,2020년 12월 2일 15시,수요일,서울특별시 강남구 삼성동,부상신고사고,0,0,0,1,차대사람 - 기타,안전운전불이행,건조,맑음,단일로 - 기타,승합,남,52세,상해없음,보행자,여,77.0,부상신고,서울특별시 강남구
2020120200100337,2020년 12월 2일 17시,수요일,서울특별시 구로구 구로동,중상사고,0,1,0,0,차대사람 - 횡단중,안전운전불이행,건조,맑음,교차로 - 교차로횡단보도내,승합,남,64세,상해없음,보행자,남,80.0,중상,서울특별시 구로구
2020120200100464,2020년 12월 2일 19시,수요일,서울특별시 양천구 신정동,경상사고,0,0,1,0,차대사람 - 기타,안전운전불이행,건조,맑음,단일로 - 기타,승용,남,51세,상해없음,보행자,여,73.0,경상,서울특별시 양천구
2020120300100021,2020년 12월 3일 04시,목요일,서울특별시 은평구 응암동,경상사고,0,0,1,0,차대사람 - 횡단중,신호위반,건조,맑음,교차로 - 교차로횡단보도내,승용,남,46세,상해없음,보행자,남,73.0,경상,서울특별시 은평구
2020120300100184,2020년 12월 3일 12시,목요일,서울특별시 성동구 마장동,경상사고,0,0,1,0,차대사람 - 기타,안전운전불이행,건조,맑음,단일로 - 기타,승용,남,62세,기타불명,보행자,여,75.0,경상,서울특별시 성동구
2020120300100188,2020년 12월 3일 12시,목요일,서울특별시 구로구 오류동,중상사고,0,1,0,0,차대사람 - 횡단중,안전운전불이행,건조,맑음,교차로 - 교차로횡단보도내,승용,남,75세,상해없음,보행자,남,67.0,중상,서울특별시 구로구
2020120300100245,2020년 12월 3일 14시,목요일,서울특별시 용산구 용문동,사망사고,1,0,0,0,차대사람 - 횡단중,안전운전불이행,건조,맑음,기타 - 기타,화물,남,59세,상해없음,보행자,여,95.0,사망,서울특별시 용산구
2020120300100407,2020년 12월 3일 18시,목요일,서울특별시 은평구 구산동,중상사고,0,1,0,0,차대사람 - 차도통행중,안전운전불이행,건조,맑음,단일로 - 기타,승용,남,28세,상해없음,보행자,여,79.0,중상,서울특별시 은평구
2020120300100510,2020년 12월 3일 21시,목요일,서울특별시 관악구 신림동,경상사고,0,0,1,0,차대사람 - 기타,안전운전불이행,건조,맑음,교차로 - 교차로부근,이륜,남,16세,상해없음,보행자,여,70.0,경상,서울특별시 관악구
2020120400100044,2020년 12월 4일 06시,금요일,서울특별시 서초구 서초동,중상사고,0,1,0,0,차대사람 - 차도통행중,안전운전불이행,건조,맑음,교차로 - 교차로부근,승용,남,47세,상해없음,보행자,여,78.0,중상,서울특별시 서초구
2020120400100164,2020년 12월 4일 10시,금요일,서울특별시 동대문구 장안동,중상사고,0,1,0,0,차대사람 - 기타,안전운전불이행,건조,맑음,교차로 - 교차로안,승용,여,43세,상해없음,보행자,남,77.0,중상,서울특별시 동대문구
2020120400100194,2020년 12월 4일 11시,금요일,서울특별시 금천구 시흥동,경상사고,0,0,1,0,차대사람 - 기타,안전운전불이행,건조,맑음,단일로 - 기타,자전거,남,35세,상해없음,보행자,남,76.0,경상,서울특별시 금천구
2020120400100319,2020년 12월 4일 15시,금요일,서울특별시 강북구 미아동,경상사고,0,0,4,1,차대사람 - 기타,안전운전불이행,건조,맑음,단일로 - 기타,승합,남,63세,상해없음,보행자,여,68.0,경상,서울특별시 강북구
2020120400100324,2020년 12월 4일 15시,금요일,서울특별시 양천구 신월동,중상사고,0,1,0,0,차대사람 - 횡단중,중앙선침범,건조,맑음,단일로 - 기타,이륜,남,40세,상해없음,보행자,남,68.0,중상,서울특별시 양천구
2020120600100329,2020년 12월 6일 19시,일요일,서울특별시 성북구 정릉동,중상사고,0,1,0,0,차대사람 - 횡단중,안전운전불이행,건조,맑음,단일로 - 기타,승용,남,31세,상해없음,보행자,여,68.0,중상,서울특별시 성북구
2020120700100101,2020년 12월 7일 09시,월요일,서울특별시 동대문구 회기동,중상사고,0,1,0,0,차대사람 - 기타,안전운전불이행,건조,맑음,단일로 - 기타,승용,여,55세,상해없음,보행자,여,78.0,중상,서울특별시 동대문구
2020120700100131,2020년 12월 7일 10시,월요일,서울특별시 동대문구 장안동,중상사고,0,1,0,0,차대사람 - 횡단중,안전운전불이행,건조,맑음,교차로 - 교차로안,화물,남,54세,상해없음,보행자,여,89.0,중상,서울특별시 동대문구
2020120700100337,2020년 12월 7일 17시,월요일,서울특별시 동작구 상도동,경상사고,0,0,1,0,차대사람 - 기타,안전운전불이행,건조,맑음,교차로 - 교차로부근,승용,남,60세,상해없음,보행자,여,65.0,경상,서울특별시 동작구
2020120700100338,2020년 12월 7일 17시,월요일,서울특별시 동작구 노량진동,경상사고,0,0,1,0,차대사람 - 길가장자리구역통행중,안전운전불이행,건조,맑음,단일로 - 기타,승용,남,58세,상해없음,보행자,여,80.0,경상,서울특별시 동작구
2020120700100381,2020년 12월 7일 18시,월요일,서울특별시 성북구 장위동,중상사고,0,1,0,0,차대사람 - 횡단중,보행자보호의무위반,건조,맑음,교차로 - 교차로안,승용,남,70세,상해없음,보행자,남,70.0,중상,서울특별시 성북구
2020120700100426,2020년 12월 7일 19시,월요일,서울특별시 강동구 고덕동,경상사고,0,0,1,0,차대사람 - 횡단중,보행자보호의무위반,건조,맑음,교차로 - 교차로횡단보도내,승용,남,62세,상해없음,보행자,남,68.0,경상,서울특별시 강동구
2020120700100459,2020년 12월 7일 20시,월요일,서울특별시 성동구 홍익동,중상사고,0,1,0,0,차대사람 - 길가장자리구역통행중,안전운전불이행,건조,맑음,단일로 - 기타,화물,남,53세,상해없음,보행자,여,82.0,중상,서울특별시 성동구
2020120800100357,2020년 12월 8일 16시,화요일,서울특별시 강서구 화곡동,경상사고,0,0,1,0,차대사람 - 기타,안전운전불이행,건조,맑음,교차로 - 교차로안,화물,남,66세,상해없음,보행자,여,72.0,경상,서울특별시 강서구
2020120800100396,2020년 12월 8일 17시,화요일,서울특별시 동대문구 장안동,경상사고,0,0,1,0,차대사람 - 기타,기타,건조,맑음,단일로 - 기타,승합,여,53세,상해없음,보행자,여,76.0,경상,서울특별시 동대문구
2020120800100544,2020년 12월 8일 20시,화요일,서울특별시 용산구 용문동,경상사고,0,0,1,0,차대사람 - 횡단중,안전운전불이행,건조,맑음,단일로 - 기타,이륜,남,50세,상해없음,보행자,남,66.0,경상,서울특별시 용산구
2020120800100576,2020년 12월 8일 21시,화요일,서울특별시 강서구 화곡동,경상사고,0,0,1,0,차대사람 - 기타,안전운전불이행,건조,맑음,단일로 - 기타,승용,남,27세,상해없음,보행자,남,73.0,경상,서울특별시 강서구
2020120900100120,2020년 12월 9일 09시,수요일,서울특별시 강동구 성내동,경상사고,0,0,1,0,차대사람 - 횡단중,보행자보호의무위반,건조,맑음,교차로 - 교차로횡단보도내,화물,남,42세,상해없음,보행자,남,68.0,경상,서울특별시 강동구
2020120900100238,2020년 12월 9일 13시,수요일,서울특별시 도봉구 창동,사망사고,1,0,0,0,차대사람 - 차도통행중,안전운전불이행,건조,맑음,교차로 - 교차로부근,화물,남,55세,상해없음,보행자,여,84.0,사망,서울특별시 도봉구
2020121000100091,2020년 12월 10일 09시,목요일,서울특별시 서초구 방배동,중상사고,0,1,0,0,차대사람 - 보도통행중,기타,건조,맑음,단일로 - 기타,이륜,남,41세,상해없음,보행자,여,76.0,중상,서울특별시 서초구
2020121000100187,2020년 12월 10일 13시,목요일,서울특별시 성북구 하월곡동,경상사고,0,0,1,0,차대사람 - 차도통행중,안전운전불이행,건조,맑음,교차로 - 교차로안,화물,남,57세,상해없음,보행자,남,71.0,경상,서울특별시 성북구
2020121000100188,2020년 12월 10일 13시,목요일,서울특별시 도봉구 도봉동,사망사고,1,0,0,0,차대사람 - 횡단중,안전운전불이행,건조,맑음,교차로 - 교차로횡단보도내,화물,남,54세,상해없음,보행자,여,76.0,사망,서울특별시 도봉구
2020121000100235,2020년 12월 10일 15시,목요일,서울특별시 동대문구 제기동,중상사고,0,1,0,0,차대사람 - 길가장자리구역통행중,안전운전불이행,건조,맑음,단일로 - 기타,승용,남,50세,상해없음,보행자,남,73.0,중상,서울특별시 동대문구
2020121000100402,2020년 12월 10일 19시,목요일,서울특별시 강동구 고덕동,중상사고,0,1,0,0,차대사람 - 기타,보행자보호의무위반,건조,맑음,교차로 - 교차로안,승용,남,58세,상해없음,보행자,여,71.0,중상,서울특별시 강동구
2020121100100103,2020년 12월 11일 10시,금요일,서울특별시 강동구 천호동,중상사고,0,1,0,0,차대사람 - 횡단중,안전운전불이행,건조,맑음,단일로 - 기타,승용,남,56세,상해없음,보행자,여,81.0,중상,서울특별시 강동구
2020121100100129,2020년 12월 11일 11시,금요일,서울특별시 서초구 방배동,경상사고,0,0,1,0,차대사람 - 횡단중,안전운전불이행,건조,맑음,단일로 - 기타,승용,여,60세,기타불명,보행자,남,80.0,경상,서울특별시 서초구
2020121100100265,2020년 12월 11일 15시,금요일,서울특별시 중구 신당동,경상사고,0,0,1,0,차대사람 - 기타,보행자보호의무위반,건조,맑음,단일로 - 기타,승용,남,60세,상해없음,보행자,여,65.0,경상,서울특별시 중구
2020121100100386,2020년 12월 11일 18시,금요일,서울특별시 관악구 봉천동,경상사고,0,0,1,0,차대사람 - 차도통행중,중앙선침범,건조,맑음,단일로 - 기타,이륜,남,24세,상해없음,보행자,여,66.0,경상,서울특별시 관악구
2020121200100086,2020년 12월 12일 10시,토요일,서울특별시 동대문구 제기동,사망사고,1,1,1,0,차대사람 - 기타,신호위반,건조,맑음,교차로 - 교차로횡단보도내,승용,여,63세,상해없음,보행자,남,66.0,사망,서울특별시 동대문구
2020121200100309,2020년 12월 12일 17시,토요일,서울특별시 노원구 상계동,경상사고,0,0,1,0,차대사람 - 차도통행중,안전운전불이행,건조,맑음,기타 - 기타,승용,남,63세,상해없음,보행자,여,66.0,경상,서울특별시 노원구
2020121300100267,2020년 12월 13일 18시,일요일,서울특별시 송파구 신천동,경상사고,0,0,1,0,차대사람 - 횡단중,보행자보호의무위반,건조,맑음,교차로 - 교차로횡단보도내,승합,남,40세,상해없음,보행자,남,79.0,경상,서울특별시 송파구
2020121300100298,2020년 12월 13일 19시,일요일,서울특별시 송파구 장지동,중상사고,0,1,0,0,차대사람 - 횡단중,신호위반,젖음/습기,눈,교차로 - 교차로횡단보도내,이륜,남,57세,상해없음,보행자,여,66.0,중상,서울특별시 송파구
2020121400100067,2020년 12월 14일 08시,월요일,서울특별시 도봉구 쌍문동,중상사고,0,1,0,0,차대사람 - 횡단중,보행자보호의무위반,건조,맑음,교차로 - 교차로횡단보도내,화물,남,38세,상해없음,보행자,여,71.0,중상,서울특별시 도봉구
2020121400100153,2020년 12월 14일 11시,월요일,서울특별시 중랑구 면목동,경상사고,0,0,1,0,차대사람 - 차도통행중,안전운전불이행,건조,맑음,교차로 - 교차로안,승용,남,44세,상해없음,보행자,여,88.0,경상,서울특별시 중랑구
2020121400100156,2020년 12월 14일 11시,월요일,서울특별시 강남구 신사동,중상사고,0,1,0,0,차대사람 - 기타,안전운전불이행,건조,맑음,교차로 - 교차로부근,승용,남,62세,상해없음,보행자,남,79.0,중상,서울특별시 강남구
2020121400100210,2020년 12월 14일 13시,월요일,서울특별시 서대문구 대현동,경상사고,0,0,1,0,차대사람 - 횡단중,보행자보호의무위반,건조,맑음,교차로 - 교차로횡단보도내,화물,남,51세,상해없음,보행자,여,77.0,경상,서울특별시 서대문구
2020121400100316,2020년 12월 14일 16시,월요일,서울특별시 은평구 응암동,부상신고사고,0,0,0,1,차대사람 - 횡단중,안전운전불이행,건조,맑음,단일로 - 기타,승용,남,59세,상해없음,보행자,여,69.0,부상신고,서울특별시 은평구
2020121400100350,2020년 12월 14일 17시,월요일,서울특별시 은평구 갈현동,경상사고,0,0,1,0,차대사람 - 기타,안전운전불이행,건조,맑음,단일로 - 기타,승용,남,62세,상해없음,보행자,여,65.0,경상,서울특별시 은평구
2020121500100197,2020년 12월 15일 13시,화요일,서울특별시 은평구 불광동,중상사고,0,1,0,0,차대사람 - 기타,안전운전불이행,건조,맑음,기타 - 기타,승용,남,55세,상해없음,보행자,여,82.0,중상,서울특별시 은평구
2020121500100268,2020년 12월 15일 15시,화요일,서울특별시 서초구 양재동,경상사고,0,0,1,0,차대사람 - 기타,안전운전불이행,건조,맑음,단일로 - 기타,승합,남,63세,상해없음,보행자,여,69.0,경상,서울특별시 서초구
2020121600100223,2020년 12월 16일 14시,수요일,서울특별시 종로구 구기동,중상사고,0,1,0,0,차대사람 - 횡단중,보행자보호의무위반,건조,맑음,교차로 - 교차로부근,승용,남,72세,상해없음,보행자,남,87.0,중상,서울특별시 종로구
2020121600100227,2020년 12월 16일 14시,수요일,서울특별시 동작구 사당동,경상사고,0,0,1,0,차대사람 - 기타,안전운전불이행,건조,맑음,단일로 - 기타,승용,남,38세,상해없음,보행자,여,73.0,경상,서울특별시 동작구
2020121600100374,2020년 12월 16일 18시,수요일,서울특별시 송파구 잠실동,중상사고,0,1,0,0,차대사람 - 횡단중,안전운전불이행,건조,맑음,기타 - 기타,자전거,남,51세,상해없음,보행자,남,67.0,중상,서울특별시 송파구
2020121600100501,2020년 12월 16일 21시,수요일,서울특별시 중구 만리동2가,중상사고,0,1,0,0,차대사람 - 횡단중,신호위반,건조,맑음,단일로 - 기타,이륜,남,17세,상해없음,보행자,여,65.0,중상,서울특별시 중구
2020121600100556,2020년 12월 16일 23시,수요일,서울특별시 구로구 가리봉동,경상사고,0,0,1,0,차대사람 - 횡단중,안전운전불이행,건조,맑음,교차로 - 교차로안,승용,여,45세,상해없음,보행자,여,72.0,경상,서울특별시 구로구
2020121700100023,2020년 12월 17일 06시,목요일,서울특별시 종로구 평창동,중상사고,0,1,0,0,차대사람 - 횡단중,안전운전불이행,건조,맑음,교차로 - 교차로부근,승용,남,69세,상해없음,보행자,남,76.0,중상,서울특별시 종로구
2020121700100186,2020년 12월 17일 11시,목요일,서울특별시 양천구 목동,경상사고,0,0,1,0,차대사람 - 기타,안전운전불이행,건조,맑음,단일로 - 기타,승용,남,71세,상해없음,보행자,남,68.0,경상,서울특별시 양천구
2020121700100344,2020년 12월 17일 16시,목요일,서울특별시 동대문구 용두동,경상사고,0,0,1,0,차대사람 - 기타,안전운전불이행,건조,맑음,단일로 - 기타,승용,남,60세,상해없음,보행자,남,73.0,경상,서울특별시 동대문구
2020121800100025,2020년 12월 18일 06시,금요일,서울특별시 서대문구 홍은동,경상사고,0,0,1,0,차대사람 - 횡단중,보행자보호의무위반,젖음/습기,맑음,교차로 - 교차로횡단보도내,승용,남,58세,상해없음,보행자,남,68.0,경상,서울특별시 서대문구
2020121800100043,2020년 12월 18일 07시,금요일,서울특별시 중구 남대문로5가,중상사고,0,1,0,0,차대사람 - 횡단중,신호위반,건조,맑음,기타 - 기타,승용,여,48세,상해없음,보행자,여,73.0,중상,서울특별시 중구
2020121800100108,2020년 12월 18일 09시,금요일,서울특별시 도봉구 방학동,중상사고,0,1,0,0,차대사람 - 횡단중,안전운전불이행,젖음/습기,흐림,교차로 - 교차로안,승용,여,48세,상해없음,보행자,남,66.0,중상,서울특별시 도봉구
2020121800100129,2020년 12월 18일 10시,금요일,서울특별시 영등포구 당산동1가,중상사고,0,1,0,0,차대사람 - 보도통행중,보행자보호의무위반,젖음/습기,흐림,교차로 - 교차로횡단보도내,화물,남,64세,상해없음,보행자,여,84.0,중상,서울특별시 영등포구
2020121800100331,2020년 12월 18일 16시,금요일,서울특별시 노원구 공릉동,중상사고,0,1,0,0,차대사람 - 기타,안전운전불이행,건조,맑음,단일로 - 기타,화물,남,67세,상해없음,보행자,여,78.0,중상,서울특별시 노원구
2020121800100514,2020년 12월 18일 19시,금요일,서울특별시 송파구 방이동,경상사고,0,0,1,0,차대사람 - 기타,안전운전불이행,건조,맑음,단일로 - 기타,개인형이동수단(PM),남,24세,기타불명,보행자,여,69.0,경상,서울특별시 송파구
2020121800100567,2020년 12월 18일 20시,금요일,서울특별시 성북구 장위동,부상신고사고,0,0,0,1,차대사람 - 길가장자리구역통행중,안전운전불이행,건조,맑음,단일로 - 기타,승용,남,55세,상해없음,보행자,여,81.0,부상신고,서울특별시 성북구
2020121900100035,2020년 12월 19일 06시,토요일,서울특별시 성북구 하월곡동,부상신고사고,0,0,0,1,차대사람 - 횡단중,보행자보호의무위반,건조,맑음,교차로 - 교차로횡단보도내,승용,남,63세,상해없음,보행자,남,74.0,부상신고,서울특별시 성북구
2020121900100070,2020년 12월 19일 09시,토요일,서울특별시 도봉구 창동,중상사고,0,1,0,0,차대사람 - 횡단중,보행자보호의무위반,건조,맑음,교차로 - 교차로안,화물,남,38세,상해없음,보행자,여,76.0,중상,서울특별시 도봉구
2020121900100118,2020년 12월 19일 11시,토요일,서울특별시 영등포구 당산동1가,경상사고,0,0,1,0,차대사람 - 기타,보행자보호의무위반,건조,맑음,단일로 - 기타,승용,여,38세,상해없음,보행자,남,70.0,경상,서울특별시 영등포구
2020121900100365,2020년 12월 19일 18시,토요일,서울특별시 강서구 화곡동,중상사고,0,1,0,0,차대사람 - 기타,안전운전불이행,건조,맑음,단일로 - 기타,승용,여,49세,상해없음,보행자,여,68.0,중상,서울특별시 강서구
2020122000100201,2020년 12월 20일 17시,일요일,서울특별시 중구 신당동,중상사고,0,1,0,0,차대사람 - 횡단중,안전운전불이행,건조,맑음,교차로 - 교차로부근,승용,남,74세,상해없음,보행자,여,73.0,중상,서울특별시 중구
2020122100100020,2020년 12월 21일 05시,월요일,서울특별시 금천구 시흥동,경상사고,0,0,1,0,차대사람 - 횡단중,보행자보호의무위반,건조,맑음,교차로 - 교차로안,승용,남,70세,상해없음,보행자,남,66.0,경상,서울특별시 금천구
2020122100100113,2020년 12월 21일 09시,월요일,서울특별시 중구 신당동,중상사고,0,1,0,0,차대사람 - 기타,안전운전불이행,건조,맑음,단일로 - 기타,승용,여,65세,상해없음,보행자,여,74.0,중상,서울특별시 중구
2020122100100181,2020년 12월 21일 11시,월요일,서울특별시 강북구 미아동,부상신고사고,0,0,0,1,차대사람 - 기타,안전운전불이행,건조,맑음,교차로 - 교차로안,승용,남,34세,상해없음,보행자,여,90.0,부상신고,서울특별시 강북구
2020122100100319,2020년 12월 21일 15시,월요일,서울특별시 서초구 양재동,경상사고,0,0,1,0,차대사람 - 기타,안전운전불이행,건조,맑음,기타 - 기타,승합,남,56세,상해없음,보행자,여,68.0,경상,서울특별시 서초구
2020122100100394,2020년 12월 21일 17시,월요일,서울특별시 금천구 가산동,경상사고,0,0,1,0,차대사람 - 기타,안전운전불이행,건조,맑음,단일로 - 기타,이륜,남,31세,상해없음,보행자,남,65.0,경상,서울특별시 금천구
2020122200100280,2020년 12월 22일 15시,화요일,서울특별시 성동구 성수동2가,경상사고,0,0,1,0,차대사람 - 횡단중,안전운전불이행,건조,맑음,교차로 - 교차로부근,승용,여,50세,상해없음,보행자,여,71.0,경상,서울특별시 성동구
2020122200100347,2020년 12월 22일 17시,화요일,서울특별시 은평구 증산동,사망사고,1,0,0,0,차대사람 - 기타,안전운전불이행,건조,맑음,단일로 - 기타,원동기,남,28세,상해없음,보행자,남,70.0,사망,서울특별시 은평구
2020122200100387,2020년 12월 22일 18시,화요일,서울특별시 노원구 공릉동,경상사고,0,0,1,0,차대사람 - 횡단중,보행자보호의무위반,건조,맑음,교차로 - 교차로안,승용,남,50세,상해없음,보행자,남,65.0,경상,서울특별시 노원구
2020122200100534,2020년 12월 22일 21시,화요일,서울특별시 강남구 도곡동,경상사고,0,0,1,0,차대사람 - 횡단중,보행자보호의무위반,건조,맑음,교차로 - 교차로부근,승용,남,66세,상해없음,보행자,남,80.0,경상,서울특별시 강남구
2020122300100175,2020년 12월 23일 11시,수요일,서울특별시 강동구 고덕동,경상사고,0,0,1,0,차대사람 - 차도통행중,기타,건조,맑음,단일로 - 기타,승합,여,66세,상해없음,보행자,여,76.0,경상,서울특별시 강동구
2020122300100176,2020년 12월 23일 11시,수요일,서울특별시 노원구 상계동,경상사고,0,0,1,0,차대사람 - 횡단중,보행자보호의무위반,건조,흐림,기타 - 기타,기타불명,기타불명,미분류,기타불명,보행자,여,67.0,경상,서울특별시 노원구
2020122300100286,2020년 12월 23일 15시,수요일,서울특별시 영등포구 양평동4가,중상사고,0,1,0,0,차대사람 - 기타,안전운전불이행,건조,맑음,단일로 - 기타,화물,남,47세,상해없음,보행자,남,85.0,중상,서울특별시 영등포구
2020122300100288,2020년 12월 23일 15시,수요일,서울특별시 구로구 개봉동,경상사고,0,0,1,0,차대사람 - 기타,안전운전불이행,건조,맑음,교차로 - 교차로안,승합,남,68세,상해없음,보행자,여,72.0,경상,서울특별시 구로구
2020122300100406,2020년 12월 23일 18시,수요일,서울특별시 강북구 미아동,중상사고,0,1,0,0,차대사람 - 기타,안전운전불이행,건조,맑음,교차로 - 교차로안,승용,남,54세,상해없음,보행자,여,78.0,중상,서울특별시 강북구
2020122300100528,2020년 12월 23일 20시,수요일,서울특별시 영등포구 영등포동5가,경상사고,0,0,1,0,차대사람 - 기타,기타,건조,맑음,단일로 - 기타,승합,남,55세,상해없음,보행자,남,67.0,경상,서울특별시 영등포구
2020122400100127,2020년 12월 24일 10시,목요일,서울특별시 노원구 공릉동,경상사고,0,0,1,0,차대사람 - 횡단중,보행자보호의무위반,건조,맑음,교차로 - 교차로횡단보도내,화물,남,43세,상해없음,보행자,남,78.0,경상,서울특별시 노원구
2020122400100223,2020년 12월 24일 13시,목요일,서울특별시 동대문구 신설동,부상신고사고,0,0,0,1,차대사람 - 기타,안전운전불이행,건조,맑음,단일로 - 기타,승용,남,62세,기타불명,보행자,남,70.0,부상신고,서울특별시 동대문구
2020122400100227,2020년 12월 24일 13시,목요일,서울특별시 송파구 마천동,중상사고,0,1,0,0,차대사람 - 횡단중,보행자보호의무위반,건조,맑음,교차로 - 교차로횡단보도내,화물,남,52세,상해없음,보행자,남,66.0,중상,서울특별시 송파구
2020122400100254,2020년 12월 24일 14시,목요일,서울특별시 은평구 증산동,경상사고,0,0,1,0,차대사람 - 기타,안전운전불이행,건조,맑음,교차로 - 교차로안,승용,남,43세,상해없음,보행자,남,66.0,경상,서울특별시 은평구
2020122500100094,2020년 12월 25일 12시,금요일,서울특별시 성북구 정릉동,중상사고,0,1,0,0,차대사람 - 횡단중,보행자보호의무위반,건조,맑음,단일로 - 기타,승용,남,37세,상해없음,보행자,여,66.0,중상,서울특별시 성북구
2020122500100171,2020년 12월 25일 15시,금요일,서울특별시 마포구 성산동,중상사고,0,1,0,0,차대사람 - 기타,기타,건조,맑음,교차로 - 교차로부근,승합,남,62세,상해없음,보행자,여,72.0,중상,서울특별시 마포구
2020122500100285,2020년 12월 25일 19시,금요일,서울특별시 중구 황학동,중상사고,0,1,0,0,차대사람 - 기타,안전운전불이행,건조,맑음,단일로 - 기타,원동기,남,60세,상해없음,보행자,여,74.0,중상,서울특별시 중구
2020122600100076,2020년 12월 26일 10시,토요일,서울특별시 영등포구 신길동,중상사고,0,1,0,0,차대사람 - 횡단중,안전운전불이행,건조,맑음,단일로 - 기타,화물,남,59세,상해없음,보행자,여,78.0,중상,서울특별시 영등포구
2020122600100079,2020년 12월 26일 10시,토요일,서울특별시 도봉구 방학동,경상사고,0,0,1,0,차대사람 - 기타,안전운전불이행,건조,맑음,단일로 - 기타,승용,남,56세,상해없음,보행자,여,65.0,경상,서울특별시 도봉구
2020122600100163,2020년 12월 26일 14시,토요일,서울특별시 관악구 신림동,경상사고,0,0,1,0,차대사람 - 보도통행중,안전운전불이행,건조,맑음,기타 - 기타,자전거,남,75세,상해없음,보행자,여,78.0,경상,서울특별시 관악구
2020122600100380,2020년 12월 26일 21시,토요일,서울특별시 중랑구 면목동,중상사고,0,1,0,0,차대사람 - 횡단중,보행자보호의무위반,건조,맑음,교차로 - 교차로안,승용,남,51세,상해없음,보행자,여,70.0,중상,서울특별시 중랑구
2020122700100131,2020년 12월 27일 16시,일요일,서울특별시 영등포구 대림동,경상사고,0,0,1,0,차대사람 - 기타,안전운전불이행,건조,맑음,단일로 - 기타,승용,남,65세,상해없음,보행자,남,78.0,경상,서울특별시 영등포구