사고번호,사고일시,요일,시군구,사고내용,사망자수,중상자수,경상자수,부상신고자수,사고유형,법규위반,노면상태,기상상태,도로형태,가해운전자 차종,가해운전자 성별,가해운전자 연령,가해운전자 상해정도,피해운전자 차종,피해운전자 성별,피해운전자 연령,피해운전자 상해정도,구
2020122700100191,2020년 12월 27일 18시,일요일,서울특별시 동대문구 이문동,중상사고,0,1,0,0,차대사람 - 차도통행중,안전운전불이행,건조,흐림,기타 - 기타,승용,남,42세,상해없음,보행자,남,72.0,중상,서울특별시 동대문구
2020122700100227,2020년 12월 27일 19시,일요일,서울특별시 강서구 화곡동,중상사고,0,1,0,0,차대사람 - 횡단중,안전운전불이행,건조,맑음,단일로 - 고가도로위,이륜,남,20세,상해없음,보행자,여,68.0,중상,서울특별시 강서구
2020122800100233,2020년 12월 28일 13시,월요일,서울특별시 송파구 마천동,경상사고,0,0,1,0,차대사람 - 차도통행중,안전운전불이행,건조,맑음,교차로 - 교차로안,화물,남,25세,상해없음,보행자,여,83.0,경상,서울특별시 송파구
2020122800100235,2020년 12월 28일 13시,월요일,서울특별시 구로구 고척동,경상사고,0,0,1,0,차대사람 - 차도통행중,안전운전불이행,건조,맑음,기타 - 기타,승용,남,41세,상해없음,보행자,여,67.0,경상,서울특별시 구로구
2020122800100314,2020년 12월 28일 15시,월요일,서울특별시 양천구 신월동,경상사고,0,0,1,0,차대사람 - 기타,신호위반,건조,맑음,단일로 - 기타,승용,남,33세,상해없음,보행자,여,70.0,경상,서울특별시 양천구
2020122800100427,2020년 12월 28일 18시,월요일,서울특별시 강서구 방화동,중상사고,0,1,0,0,차대사람 - 횡단중,안전운전불이행,건조,맑음,교차로 - 교차로안,화물,남,58세,상해없음,보행자,여,70.0,중상,서울특별시 강서구
2020122800100432,2020년 12월 28일 18시,월요일,서울특별시 서초구 잠원동,경상사고,0,0,1,0,차대사람 - 기타,안전운전불이행,건조,맑음,교차로 - 교차로횡단보도내,승용,남,55세,상해없음,보행자,남,65.0,경상,서울특별시 서초구
2020122900100084,2020년 12월 29일 10시,화요일,서울특별시 은평구 응암동,경상사고,0,0,1,0,차대사람 - 횡단중,보행자보호의무위반,건조,맑음,교차로 - 교차로안,승용,남,30세,상해없음,보행자,남,77.0,경상,서울특별시 은평구
2020122900100219,2020년 12월 29일 16시,화요일,서울특별시 금천구 독산동,중상사고,0,1,0,0,차대사람 - 기타,안전운전불이행,건조,맑음,단일로 - 기타,승용,남,48세,상해없음,보행자,여,74.0,중상,서울특별시 금천구
2020123000100259,2020년 12월 30일 15시,수요일,서울특별시 마포구 망원동,경상사고,0,0,1,0,차대사람 - 횡단중,보행자보호의무위반,건조,맑음,교차로 - 교차로횡단보도내,승용,남,35세,상해없음,보행자,여,79.0,경상,서울특별시 마포구
2020123000100322,2020년 12월 30일 17시,수요일,서울특별시 동작구 상도1동,경상사고,0,0,1,0,차대사람 - 횡단중,보행자보호의무위반,건조,맑음,단일로 - 기타,승용,여,49세,상해없음,보행자,남,65.0,경상,서울특별시 동작구
2020123000100487,2020년 12월 30일 21시,수요일,서울특별시 동작구 상도동,중상사고,0,1,0,0,차대사람 - 횡단중,보행자보호의무위반,건조,맑음,교차로 - 교차로횡단보도내,화물,남,65세,상해없음,보행자,남,70.0,중상,서울특별시 동작구
2020123100100067,2020년 12월 31일 09시,목요일,서울특별시 구로구 개봉동,중상사고,0,1,0,0,차대사람 - 횡단중,안전운전불이행,건조,맑음,교차로 - 교차로부근,승용,남,50세,상해없음,보행자,여,82.0,중상,서울특별시 구로구
2020123100100114,2020년 12월 31일 11시,목요일,서울특별시 관악구 남현동,중상사고,0,1,0,0,차대사람 - 기타,안전운전불이행,건조,맑음,교차로 - 교차로부근,승용,여,58세,상해없음,보행자,여,77.0,중상,서울특별시 관악구
2020123100100274,2020년 12월 31일 16시,목요일,서울특별시 성북구 정릉동,중상사고,0,1,0,0,차대사람 - 횡단중,안전운전불이행,건조,맑음,단일로 - 기타,승용,남,27세,상해없음,보행자,여,79.0,중상,서울특별시 성북구
2021010200100072,2021년 1월 2일 11시,토요일,서울특별시 성북구 하월곡동,중상사고,0,1,0,0,차대사람 - 보도통행중,기타,건조,맑음,단일로 - 기타,화물,남,67세,상해없음,보행자,여,84.0,중상,서울특별시 성북구
2021010200100096,2021년 1월 2일 12시,토요일,서울특별시 강북구 미아동,경상사고,0,0,1,0,차대사람 - 횡단중,보행자보호의무위반,건조,맑음,교차로 - 교차로안,자전거,남,81세,상해없음,보행자,남,81.0,경상,서울특별시 강북구
2021010200100173,2021년 1월 2일 14시,토요일,서울특별시 관악구 신림동,중상사고,0,1,0,0,차대사람 - 횡단중,중앙선침범,건조,맑음,교차로 - 교차로부근,승용,남,72세,상해없음,보행자,여,66.0,중상,서울특별시 관악구
2021010200100204,2021년 1월 2일 15시,토요일,서울특별시 중랑구 중화동,중상사고,0,1,0,0,차대사람 - 기타,보행자보호의무위반,건조,맑음,단일로 - 기타,화물,남,51세,상해없음,보행자,남,66.0,중상,서울특별시 중랑구
2021010200100205,2021년 1월 2일 15시,토요일,서울특별시 강서구 화곡동,경상사고,0,0,1,0,차대사람 - 횡단중,보행자보호의무위반,건조,맑음,단일로 - 기타,이륜,남,38세,상해없음,보행자,여,72.0,경상,서울특별시 강서구
2021010200100231,2021년 1월 2일 16시,토요일,서울특별시 광진구 구의동,경상사고,0,0,1,0,차대사람 - 보도통행중,기타,건조,맑음,단일로 - 기타,승용,남,37세,상해없음,보행자,남,76.0,경상,서울특별시 광진구
2021010300100061,2021년 1월 3일 12시,일요일,서울특별시 종로구 명륜2가,사망사고,1,0,0,0,차대사람 - 횡단중,신호위반,건조,맑음,교차로 - 교차로횡단보도내,승합,남,58세,상해없음,보행자,여,77.0,사망,서울특별시 종로구
2021010400100201,2021년 1월 4일 15시,월요일,서울특별시 강동구 명일동,중상사고,0,1,0,0,차대사람 - 기타,안전운전불이행,건조,맑음,단일로 - 기타,승용,여,43세,상해없음,보행자,여,71.0,중상,서울특별시 강동구
2021010400100223,2021년 1월 4일 16시,월요일,서울특별시 강서구 화곡동,경상사고,0,0,1,0,차대사람 - 기타,안전운전불이행,건조,맑음,교차로 - 교차로부근,화물,남,60세,상해없음,보행자,남,87.0,경상,서울특별시 강서구
2021010400100293,2021년 1월 4일 18시,월요일,서울특별시 도봉구 쌍문동,중상사고,0,1,0,0,차대사람 - 횡단중,안전운전불이행,건조,맑음,교차로 - 교차로안,승용,여,47세,상해없음,보행자,여,77.0,중상,서울특별시 도봉구
2021010400100377,2021년 1월 4일 20시,월요일,서울특별시 구로구 개봉동,중상사고,0,1,0,0,차대사람 - 횡단중,보행자보호의무위반,건조,맑음,교차로 - 교차로횡단보도내,승용,여,36세,상해없음,보행자,남,66.0,중상,서울특별시 구로구
2021010500100017,2021년 1월 5일 06시,화요일,서울특별시 동대문구 용두동,중상사고,0,1,0,0,차대사람 - 기타,안전운전불이행,건조,맑음,교차로 - 교차로안,자전거,기타불명,미분류,기타불명,보행자,여,73.0,중상,서울특별시 동대문구
2021010500100061,2021년 1월 5일 09시,화요일,서울특별시 도봉구 창동,중상사고,0,1,0,0,차대사람 - 횡단중,보행자보호의무위반,건조,맑음,단일로 - 기타,승용,남,35세,상해없음,보행자,남,79.0,중상,서울특별시 도봉구
2021010500100083,2021년 1월 5일 10시,화요일,서울특별시 성북구 하월곡동,중상사고,0,1,0,0,차대사람 - 횡단중,보행자보호의무위반,건조,맑음,단일로 - 기타,화물,남,65세,상해없음,보행자,남,80.0,중상,서울특별시 성북구
2021010500100399,2021년 1월 5일 21시,화요일,서울특별시 은평구 역촌동,중상사고,0,1,0,0,차대사람 - 횡단중,보행자보호의무위반,건조,맑음,교차로 - 교차로부근,승용,남,68세,상해없음,보행자,여,65.0,중상,서울특별시 은평구
2021010600100241,2021년 1월 6일 15시,수요일,서울특별시 강북구 미아동,중상사고,0,1,0,0,차대사람 - 길가장자리구역통행중,안전운전불이행,건조,맑음,교차로 - 교차로부근,승용,남,25세,상해없음,보행자,남,71.0,중상,서울특별시 강북구
2021010600100338,2021년 1월 6일 18시,수요일,서울특별시 용산구 이촌동,중상사고,0,1,0,0,차대사람 - 횡단중,보행자보호의무위반,건조,맑음,교차로 - 교차로횡단보도내,승용,여,45세,상해없음,보행자,여,75.0,중상,서울특별시 용산구
2021010700100076,2021년 1월 7일 09시,목요일,서울특별시 영등포구 양평동1가,중상사고,0,1,0,0,차대사람 - 횡단중,보행자보호의무위반,젖음/습기,흐림,교차로 - 교차로횡단보도내,승용,여,53세,상해없음,보행자,여,77.0,중상,서울특별시 영등포구
2021010700100120,2021년 1월 7일 11시,목요일,서울특별시 서대문구 홍은동,부상신고사고,0,0,0,1,차대사람 - 횡단중,안전운전불이행,서리/결빙,맑음,단일로 - 기타,화물,남,49세,상해없음,보행자,여,68.0,부상신고,서울특별시 서대문구
2021010700100175,2021년 1월 7일 13시,목요일,서울특별시 마포구 망원동,경상사고,0,0,1,0,차대사람 - 보도통행중,보행자보호의무위반,건조,맑음,교차로 - 교차로안,승용,남,50세,상해없음,보행자,여,87.0,경상,서울특별시 마포구
2021010700100368,2021년 1월 7일 22시,목요일,서울특별시 중랑구 면목동,경상사고,0,0,1,0,차대사람 - 횡단중,보행자보호의무위반,건조,맑음,교차로 - 교차로안,승용,남,54세,상해없음,보행자,남,69.0,경상,서울특별시 중랑구
2021010800100010,2021년 1월 8일 05시,금요일,서울특별시 강동구 암사동,중상사고,0,1,0,0,차대사람 - 기타,신호위반,젖음/습기,맑음,교차로 - 교차로안,승용,남,65세,상해없음,보행자,여,66.0,중상,서울특별시 강동구
2021010800100025,2021년 1월 8일 07시,금요일,서울특별시 종로구 종로4가,중상사고,0,1,0,0,차대사람 - 횡단중,신호위반,서리/결빙,맑음,교차로 - 교차로부근,승용,남,73세,상해없음,보행자,여,70.0,중상,서울특별시 종로구
2021010800100161,2021년 1월 8일 13시,금요일,서울특별시 동대문구 용두동,중상사고,0,1,0,0,차대사람 - 보도통행중,기타,건조,맑음,단일로 - 기타,화물,남,59세,상해없음,보행자,여,82.0,중상,서울특별시 동대문구
2021010800100203,2021년 1월 8일 14시,금요일,서울특별시 동대문구 용두동,경상사고,0,0,1,0,차대사람 - 차도통행중,안전운전불이행,건조,맑음,단일로 - 기타,화물,남,27세,상해없음,보행자,여,77.0,경상,서울특별시 동대문구
2021010800100274,2021년 1월 8일 16시,금요일,서울특별시 동대문구 용두동,중상사고,0,1,0,0,차대사람 - 횡단중,안전운전불이행,젖음/습기,맑음,단일로 - 기타,승용,여,28세,상해없음,보행자,여,81.0,중상,서울특별시 동대문구
2021010800100310,2021년 1월 8일 17시,금요일,서울특별시 관악구 신림동,중상사고,0,1,0,0,차대사람 - 횡단중,안전운전불이행,건조,맑음,기타 - 기타,화물,남,62세,상해없음,보행자,여,71.0,중상,서울특별시 관악구
2021010800100311,2021년 1월 8일 17시,금요일,서울특별시 송파구 풍납동,중상사고,0,1,0,0,차대사람 - 보도통행중,기타,서리/결빙,눈,단일로 - 기타,승용,남,37세,상해없음,보행자,남,67.0,중상,서울특별시 송파구
2021010900100336,2021년 1월 9일 18시,토요일,서울특별시 양천구 신정동,중상사고,0,1,0,0,차대사람 - 횡단중,안전운전불이행,젖음/습기,흐림,단일로 - 기타,화물,남,56세,상해없음,보행자,여,66.0,중상,서울특별시 양천구
2021010900100427,2021년 1월 9일 21시,토요일,서울특별시 금천구 독산동,중상사고,0,1,0,0,차대사람 - 횡단중,안전운전불이행,젖음/습기,맑음,단일로 - 기타,승용,남,58세,상해없음,보행자,여,76.0,중상,서울특별시 금천구
2021010900100429,2021년 1월 9일 21시,토요일,서울특별시 구로구 가리봉동,중상사고,0,1,0,0,차대사람 - 기타,안전운전불이행,서리/결빙,눈,단일로 - 기타,원동기,남,61세,상해없음,보행자,여,73.0,중상,서울특별시 구로구
2021011000100021,2021년 1월 10일 07시,일요일,서울특별시 은평구 불광동,중상사고,0,1,0,0,차대사람 - 횡단중,안전운전불이행,건조,맑음,단일로 - 기타,승용,남,34세,상해없음,보행자,여,71.0,중상,서울특별시 은평구
2021011000100064,2021년 1월 10일 12시,일요일,서울특별시 강북구 번동,중상사고,0,1,0,0,차대사람 - 기타,안전운전불이행,건조,맑음,교차로 - 교차로안,승용,남,64세,상해없음,보행자,여,76.0,중상,서울특별시 강북구
2021011000100292,2021년 1월 10일 20시,일요일,서울특별시 강남구 수서동,경상사고,0,0,1,0,차대사람 - 기타,기타,건조,맑음,단일로 - 기타,승합,남,41세,상해없음,보행자,남,68.0,경상,서울특별시 강남구
2021011000100318,2021년 1월 10일 21시,일요일,서울특별시 강서구 내발산동,중상사고,0,1,0,0,차대사람 - 기타,안전운전불이행,건조,맑음,단일로 - 기타,승합,남,69세,상해없음,보행자,여,68.0,중상,서울특별시 강서구
2021011100100011,2021년 1월 11일 06시,월요일,서울특별시 동대문구 용두동,중상사고,0,1,0,0,차대사람 - 횡단중,안전운전불이행,건조,맑음,교차로 - 교차로횡단보도내,승용,여,38세,상해없음,보행자,남,79.0,중상,서울특별시 동대문구
2021011100100029,2021년 1월 11일 07시,월요일,서울특별시 마포구 염리동,중상사고,0,1,0,0,차대사람 - 차도통행중,안전운전불이행,건조,맑음,교차로 - 교차로안,승용,남,53세,상해없음,보행자,여,67.0,중상,서울특별시 마포구
2021011100100165,2021년 1월 11일 12시,월요일,서울특별시 성북구 정릉동,부상신고사고,0,0,0,1,차대사람 - 기타,안전운전불이행,서리/결빙,맑음,단일로 - 기타,승용,남,56세,상해없음,보행자,여,80.0,부상신고,서울특별시 성북구
2021011100100193,2021년 1월 11일 13시,월요일,서울특별시 동작구 본동,사망사고,1,0,0,0,차대사람 - 기타,안전운전불이행,젖음/습기,흐림,교차로 - 교차로부근,화물,남,58세,상해없음,보행자,남,82.0,사망,서울특별시 동작구
2021011100100227,2021년 1월 11일 14시,월요일,서울특별시 구로구 개봉동,중상사고,0,1,0,0,차대사람 - 길가장자리구역통행중,안전운전불이행,젖음/습기,흐림,교차로 - 교차로안,승용,여,40세,상해없음,보행자,여,85.0,중상,서울특별시 구로구
2021011100100487,2021년 1월 11일 21시,월요일,서울특별시 송파구 방이동,중상사고,0,1,0,0,차대사람 - 차도통행중,안전운전불이행,젖음/습기,맑음,단일로 - 기타,승용,남,37세,상해없음,보행자,남,83.0,중상,서울특별시 송파구
2021011200100010,2021년 1월 12일 05시,화요일,서울특별시 성북구 길음동,중상사고,0,1,0,0,차대사람 - 횡단중,안전운전불이행,젖음/습기,흐림,교차로 - 교차로부근,승합,여,54세,기타불명,보행자,여,65.0,중상,서울특별시 성북구
2021011200100014,2021년 1월 12일 06시,화요일,서울특별시 은평구 증산동,중상사고,0,1,1,0,차대사람 - 횡단중,보행자보호의무위반,건조,맑음,단일로 - 기타,승용,남,51세,상해없음,보행자,남,85.0,중상,서울특별시 은평구
2021011200100142,2021년 1월 12일 12시,화요일,서울특별시 서대문구 옥천동,경상사고,0,0,1,0,차대사람 - 기타,기타,젖음/습기,맑음,단일로 - 기타,승합,남,59세,상해없음,보행자,여,66.0,경상,서울특별시 서대문구
2021011200100148,2021년 1월 12일 12시,화요일,서울특별시 양천구 신정동,중상사고,0,1,0,0,차대사람 - 횡단중,안전운전불이행,기타,맑음,단일로 - 기타,승용,남,34세,기타불명,보행자,여,72.0,중상,서울특별시 양천구
2021011300100025,2021년 1월 13일 06시,수요일,서울특별시 종로구 충신동,사망사고,1,0,0,0,차대사람 - 횡단중,안전운전불이행,젖음/습기,흐림,교차로 - 교차로안,원동기,남,66세,상해없음,보행자,여,81.0,사망,서울특별시 종로구
2021011300100027,2021년 1월 13일 06시,수요일,서울특별시 서초구 서초동,경상사고,0,0,1,0,차대사람 - 기타,안전운전불이행,건조,흐림,단일로 - 기타,승용,남,43세,상해없음,보행자,남,66.0,경상,서울특별시 서초구
2021011300100047,2021년 1월 13일 07시,수요일,서울특별시 광진구 구의동,경상사고,0,0,1,0,차대사람 - 횡단중,안전운전불이행,젖음/습기,맑음,단일로 - 기타,승용,남,67세,상해없음,보행자,여,81.0,경상,서울특별시 광진구
2021011300100127,2021년 1월 13일 10시,수요일,서울특별시 송파구 풍납동,중상사고,0,1,0,0,차대사람 - 기타,안전운전불이행,건조,맑음,교차로 - 교차로안,화물,남,30세,상해없음,보행자,남,68.0,중상,서울특별시 송파구
2021011300100250,2021년 1월 13일 15시,수요일,서울특별시 구로구 구로동,경상사고,0,0,1,0,차대사람 - 기타,안전운전불이행,건조,맑음,단일로 - 기타,승용,남,26세,상해없음,보행자,여,71.0,경상,서울특별시 구로구
2021011300100346,2021년 1월 13일 18시,수요일,서울특별시 노원구 월계동,중상사고,0,1,0,0,차대사람 - 횡단중,보행자보호의무위반,건조,맑음,단일로 - 기타,화물,남,47세,상해없음,보행자,여,69.0,중상,서울특별시 노원구
2021011300100463,2021년 1월 13일 21시,수요일,서울특별시 강서구 등촌동,중상사고,0,1,0,0,차대사람 - 횡단중,안전운전불이행,건조,맑음,단일로 - 기타,승용,남,33세,상해없음,보행자,남,75.0,중상,서울특별시 강서구
2021011400100212,2021년 1월 14일 12시,목요일,서울특별시 성북구 길음동,경상사고,0,0,1,0,차대사람 - 횡단중,보행자보호의무위반,건조,맑음,교차로 - 교차로횡단보도내,승합,남,60세,상해없음,보행자,여,85.0,경상,서울특별시 성북구
2021011400100242,2021년 1월 14일 13시,목요일,서울특별시 강북구 미아동,중상사고,0,1,0,0,차대사람 - 횡단중,보행자보호의무위반,건조,맑음,교차로 - 교차로횡단보도내,승용,여,43세,상해없음,보행자,여,76.0,중상,서울특별시 강북구
2021011400100423,2021년 1월 14일 18시,목요일,서울특별시 강서구 화곡동,부상신고사고,0,0,0,1,차대사람 - 기타,안전운전불이행,건조,맑음,단일로 - 기타,자전거,남,26세,상해없음,보행자,여,68.0,부상신고,서울특별시 강서구
2021011400100496,2021년 1월 14일 19시,목요일,서울특별시 강남구 일원동,경상사고,0,0,1,0,차대사람 - 기타,안전운전불이행,건조,맑음,교차로 - 교차로부근,승용,남,75세,상해없음,보행자,여,68.0,경상,서울특별시 강남구
2021011500100067,2021년 1월 15일 08시,금요일,서울특별시 영등포구 대림동,중상사고,0,1,0,0,차대사람 - 횡단중,신호위반,건조,맑음,단일로 - 기타,건설기계,남,59세,상해없음,보행자,여,73.0,중상,서울특별시 영등포구
2021011500100118,2021년 1월 15일 10시,금요일,서울특별시 관악구 남현동,경상사고,0,0,1,0,차대사람 - 길가장자리구역통행중,안전운전불이행,건조,맑음,단일로 - 기타,이륜,남,45세,상해없음,보행자,여,81.0,경상,서울특별시 관악구
2021011500100309,2021년 1월 15일 16시,금요일,서울특별시 강서구 화곡동,경상사고,0,0,1,0,차대사람 - 길가장자리구역통행중,안전운전불이행,건조,맑음,단일로 - 기타,승용,남,51세,상해없음,보행자,남,75.0,경상,서울특별시 강서구
2021011500100385,2021년 1월 15일 18시,금요일,서울특별시 관악구 봉천동,경상사고,0,0,1,0,차대사람 - 기타,안전운전불이행,건조,기타,교차로 - 교차로안,승용,여,43세,상해없음,보행자,남,71.0,경상,서울특별시 관악구
2021011500100387,2021년 1월 15일 18시,금요일,서울특별시 송파구 오금동,중상사고,0,1,0,0,차대사람 - 횡단중,안전운전불이행,젖음/습기,흐림,교차로 - 교차로안,승용,남,50세,상해없음,보행자,남,67.0,중상,서울특별시 송파구
2021011600100140,2021년 1월 16일 13시,토요일,서울특별시 용산구 한남동,중상사고,0,1,0,0,차대사람 - 보도통행중,보행자보호의무위반,건조,맑음,단일로 - 기타,승용,여,25세,상해없음,보행자,여,80.0,중상,서울특별시 용산구
2021011600100172,2021년 1월 16일 14시,토요일,서울특별시 성북구 정릉동,경상사고,0,0,1,0,차대사람 - 차도통행중,안전운전불이행,건조,맑음,단일로 - 기타,승용,여,43세,상해없음,보행자,남,68.0,경상,서울특별시 성북구
2021011600100207,2021년 1월 16일 15시,토요일,서울특별시 송파구 거여동,중상사고,0,1,0,0,차대사람 - 횡단중,신호위반,건조,맑음,교차로 - 교차로횡단보도내,승용,남,66세,상해없음,보행자,여,76.0,중상,서울특별시 송파구
2021011600100210,2021년 1월 16일 15시,토요일,서울특별시 도봉구 창동,경상사고,0,0,1,0,차대사람 - 기타,안전운전불이행,건조,맑음,교차로 - 교차로안,승용,남,46세,상해없음,보행자,여,82.0,경상,서울특별시 도봉구
2021011700100036,2021년 1월 17일 09시,일요일,서울특별시 강서구 방화동,중상사고,0,1,0,0,차대사람 - 기타,안전운전불이행,건조,맑음,단일로 - 기타,건설기계,남,61세,상해없음,보행자,여,71.0,중상,서울특별시 강서구
2021011700100176,2021년 1월 17일 17시,일요일,서울특별시 양천구 신월동,중상사고,0,1,0,0,차대사람 - 기타,안전운전불이행,건조,맑음,기타 - 기타,승용,남,59세,상해없음,보행자,여,66.0,중상,서울특별시 양천구
2021011800100142,2021년 1월 18일 12시,월요일,서울특별시 성동구 행당동,중상사고,0,1,0,0,차대사람 - 횡단중,신호위반,건조,맑음,단일로 - 기타,화물,남,43세,상해없음,보행자,남,68.0,중상,서울특별시 성동구
2021011800100229,2021년 1월 18일 16시,월요일,서울특별시 동대문구 제기동,경상사고,0,0,1,0,차대사람 - 기타,보행자보호의무위반,건조,맑음,교차로 - 교차로횡단보도내,화물,남,42세,상해없음,보행자,여,81.0,경상,서울특별시 동대문구
2021011800100231,2021년 1월 18일 16시,월요일,서울특별시 중랑구 면목동,경상사고,0,0,1,0,차대사람 - 기타,신호위반,건조,맑음,교차로 - 교차로부근,개인형이동수단(PM),여,49세,상해없음,보행자,여,86.0,경상,서울특별시 중랑구
2021011800100232,2021년 1월 18일 16시,월요일,서울특별시 양천구 신월동,중상사고,0,1,0,1,차대사람 - 보도통행중,안전운전불이행,건조,맑음,단일로 - 기타,이륜,남,19세,부상신고,보행자,남,76.0,중상,서울특별시 양천구
2021011900100163,2021년 1월 19일 11시,화요일,서울특별시 서대문구 북아현동,중상사고,0,1,0,0,차대사람 - 차도통행중,안전운전불이행,건조,맑음,단일로 - 기타,승용,남,35세,상해없음,보행자,남,75.0,중상,서울특별시 서대문구
2021011900100235,2021년 1월 19일 13시,화요일,서울특별시 양천구 신정동,경상사고,0,0,1,0,차대사람 - 기타,안전운전불이행,건조,맑음,교차로 - 교차로안,승용,남,66세,상해없음,보행자,남,70.0,경상,서울특별시 양천구
2021011900100264,2021년 1월 19일 14시,화요일,서울특별시 성북구 하월곡동,경상사고,0,0,1,0,차대사람 - 횡단중,안전운전불이행,건조,맑음,단일로 - 기타,승용,남,26세,상해없음,보행자,여,72.0,경상,서울특별시 성북구
2021011900100328,2021년 1월 19일 16시,화요일,서울특별시 구로구 구로동,경상사고,0,0,1,0,차대사람 - 차도통행중,안전운전불이행,건조,맑음,단일로 - 기타,승합,남,45세,상해없음,보행자,남,68.0,경상,서울특별시 구로구
2021012000100022,2021년 1월 20일 05시,수요일,서울특별시 강남구 개포동,경상사고,0,0,1,0,차대사람 - 기타,안전운전불이행,건조,맑음,교차로 - 교차로부근,기타불명,기타불명,미분류,기타불명,보행자,남,74.0,경상,서울특별시 강남구
2021012000100146,2021년 1월 20일 10시,수요일,서울특별시 중랑구 면목동,경상사고,0,0,1,0,차대사람 - 기타,안전운전불이행,건조,맑음,단일로 - 기타,승용,여,39세,상해없음,보행자,여,82.0,경상,서울특별시 중랑구
2021012000100225,2021년 1월 20일 12시,수요일,서울특별시 동대문구 용두동,경상사고,0,0,1,0,차대사람 - 횡단중,안전운전불이행,건조,맑음,단일로 - 터널,자전거,남,20세,상해없음,보행자,여,82.0,경상,서울특별시 동대문구
2021012000100393,2021년 1월 20일 17시,수요일,서울특별시 성동구 도선동,경상사고,0,0,1,0,차대사람 - 기타,안전운전불이행,건조,맑음,단일로 - 기타,화물,남,65세,상해없음,보행자,남,71.0,경상,서울특별시 성동구
2021012000100459,2021년 1월 20일 18시,수요일,서울특별시 구로구 구로동,경상사고,0,0,1,0,차대사람 - 횡단중,안전운전불이행,건조,맑음,교차로 - 교차로횡단보도내,승합,남,68세,상해없음,보행자,여,81.0,경상,서울특별시 구로구
2021012000100660,2021년 1월 20일 22시,수요일,서울특별시 동작구 동작동,사망사고,1,0,0,0,차대사람 - 차도통행중,안전운전불이행,건조,맑음,단일로 - 기타,승용,남,46세,상해없음,보행자,남,68.0,사망,서울특별시 동작구
2021012100100227,2021년 1월 21일 13시,목요일,서울특별시 종로구 묘동,경상사고,0,0,1,0,차대사람 - 차도통행중,안전운전불이행,건조,맑음,단일로 - 기타,승용,남,44세,상해없음,보행자,남,89.0,경상,서울특별시 종로구
2021012100100380,2021년 1월 21일 18시,목요일,서울특별시 영등포구 신길동,중상사고,0,1,0,0,차대사람 - 횡단중,신호위반,젖음/습기,비,단일로 - 기타,승용,남,45세,상해없음,보행자,남,73.0,중상,서울특별시 영등포구
2021012100100496,2021년 1월 21일 20시,목요일,서울특별시 강북구 미아동,중상사고,0,1,0,0,차대사람 - 기타,중앙선침범,건조,맑음,단일로 - 기타,승용,남,46세,상해없음,보행자,남,71.0,중상,서울특별시 강북구
2021012200100298,2021년 1월 22일 17시,금요일,서울특별시 강북구 우이동,중상사고,0,1,0,0,차대사람 - 차도통행중,안전운전불이행,건조,맑음,교차로 - 교차로안,승용,여,36세,상해없음,보행자,여,70.0,중상,서울특별시 강북구
2021012300100302,2021년 1월 23일 17시,토요일,서울특별시 구로구 구로동,중상사고,0,1,0,0,차대사람 - 차도통행중,안전운전불이행,건조,맑음,교차로 - 교차로안,승용,남,32세,기타불명,보행자,남,66.0,중상,서울특별시 구로구
2021012300100333,2021년 1월 23일 18시,토요일,서울특별시 종로구 장사동,경상사고,0,0,1,0,차대사람 - 기타,안전운전불이행,건조,맑음,단일로 - 기타,기타불명,기타불명,미분류,기타불명,보행자,남,69.0,경상,서울특별시 종로구
2021012400100060,2021년 1월 24일 10시,일요일,서울특별시 동작구 흑석동,중상사고,0,1,0,0,차대사람 - 기타,기타,건조,맑음,단일로 - 기타,승합,남,60세,기타불명,보행자,여,81.0,중상,서울특별시 동작구
2021012400100072,2021년 1월 24일 11시,일요일,서울특별시 은평구 진관동,중상사고,0,1,0,0,차대사람 - 기타,신호위반,건조,맑음,교차로 - 교차로횡단보도내,승용,남,62세,상해없음,보행자,여,69.0,중상,서울특별시 은평구
2021012400100290,2021년 1월 24일 20시,일요일,서울특별시 노원구 중계동,중상사고,0,1,0,0,차대사람 - 기타,안전운전불이행,건조,맑음,교차로 - 교차로부근,이륜,남,17세,상해없음,보행자,여,77.0,중상,서울특별시 노원구
2021012500100002,2021년 1월 25일 00시,월요일,서울특별시 은평구 대조동,중상사고,0,1,0,0,차대사람 - 기타,안전운전불이행,건조,맑음,단일로 - 기타,승용,남,35세,기타불명,보행자,남,65.0,중상,서울특별시 은평구
2021012500100222,2021년 1월 25일 13시,월요일,서울특별시 동작구 상도동,중상사고,0,1,0,0,차대사람 - 횡단중,보행자보호의무위반,건조,맑음,단일로 - 기타,승용,남,55세,상해없음,보행자,여,69.0,중상,서울특별시 동작구
2021012500100257,2021년 1월 25일 14시,월요일,서울특별시 강서구 염창동,중상사고,0,1,0,0,차대사람 - 횡단중,안전운전불이행,건조,맑음,단일로 - 기타,승용,남,74세,상해없음,보행자,남,86.0,중상,서울특별시 강서구
2021012500100297,2021년 1월 25일 15시,월요일,서울특별시 동작구 사당동,중상사고,0,1,0,0,차대사람 - 기타,안전운전불이행,건조,맑음,단일로 - 기타,승용,여,43세,상해없음,보행자,여,78.0,중상,서울특별시 동작구
2021012500100455,2021년 1월 25일 19시,월요일,서울특별시 종로구 궁정동,중상사고,0,1,0,0,차대사람 - 차도통행중,신호위반,건조,맑음,교차로 - 교차로부근,승용,남,53세,상해없음,보행자,여,72.0,중상,서울특별시 종로구