사고번호,사고일시,요일,시군구,사고내용,사망자수,중상자수,경상자수,부상신고자수,사고유형,법규위반,노면상태,기상상태,도로형태,가해운전자 차종,가해운전자 성별,가해운전자 연령,가해운전자 상해정도,피해운전자 차종,피해운전자 성별,피해운전자 연령,피해운전자 상해정도,구
2021021800100201,2021년 2월 18일 13시,목요일,서울특별시 구로구 개봉동,중상사고,0,1,0,0,차대사람 - 기타,신호위반,건조,맑음,단일로 - 기타,이륜,남,41세,상해없음,보행자,여,72.0,중상,서울특별시 구로구
2021021800100271,2021년 2월 18일 15시,목요일,서울특별시 은평구 불광동,중상사고,0,1,2,0,차대사람 - 횡단중,신호위반,건조,맑음,단일로 - 기타,승용,여,67세,상해없음,보행자,여,72.0,중상,서울특별시 은평구
2021021800100455,2021년 2월 18일 20시,목요일,서울특별시 송파구 마천동,중상사고,0,1,0,0,차대사람 - 기타,보행자보호의무위반,건조,맑음,단일로 - 기타,승용,남,37세,상해없음,보행자,남,67.0,중상,서울특별시 송파구
2021021800100482,2021년 2월 18일 21시,목요일,서울특별시 도봉구 방학동,경상사고,0,0,1,0,차대사람 - 횡단중,안전운전불이행,건조,맑음,단일로 - 기타,승용,남,68세,상해없음,보행자,남,68.0,경상,서울특별시 도봉구
2021021900100041,2021년 2월 19일 07시,금요일,서울특별시 광진구 중곡동,경상사고,0,0,1,0,차대사람 - 기타,안전운전불이행,건조,맑음,단일로 - 기타,이륜,남,58세,상해없음,보행자,남,80.0,경상,서울특별시 광진구
2021021900100139,2021년 2월 19일 10시,금요일,서울특별시 중랑구 망우동,경상사고,0,0,1,0,차대사람 - 횡단중,안전운전불이행,건조,맑음,교차로 - 교차로부근,자전거,남,71세,상해없음,보행자,여,70.0,경상,서울특별시 중랑구
2021021900100161,2021년 2월 19일 11시,금요일,서울특별시 종로구 종로5가,중상사고,0,1,0,0,차대사람 - 보도통행중,기타,건조,맑음,단일로 - 기타,자전거,남,53세,상해없음,보행자,여,67.0,중상,서울특별시 종로구
2021021900100338,2021년 2월 19일 15시,금요일,서울특별시 구로구 오류동,중상사고,0,1,0,0,차대사람 - 기타,안전운전불이행,건조,맑음,단일로 - 기타,승용,여,44세,상해없음,보행자,남,67.0,중상,서울특별시 구로구
2021022000100243,2021년 2월 20일 14시,토요일,서울특별시 강동구 천호동,중상사고,0,1,0,0,차대사람 - 횡단중,안전운전불이행,건조,맑음,단일로 - 기타,자전거,여,29세,상해없음,보행자,여,76.0,중상,서울특별시 강동구
2021022000100307,2021년 2월 20일 16시,토요일,서울특별시 동대문구 신설동,경상사고,0,0,1,0,차대사람 - 기타,안전운전불이행,건조,맑음,단일로 - 기타,승용,남,62세,상해없음,보행자,남,68.0,경상,서울특별시 동대문구
2021022000100313,2021년 2월 20일 16시,토요일,서울특별시 강서구 화곡동,중상사고,0,1,0,0,차대사람 - 기타,안전운전불이행,건조,맑음,단일로 - 기타,승합,남,74세,상해없음,보행자,여,69.0,중상,서울특별시 강서구
2021022000100384,2021년 2월 20일 18시,토요일,서울특별시 관악구 신림동,중상사고,0,1,0,0,차대사람 - 기타,신호위반,건조,기타,기타 - 기타,승용,남,69세,상해없음,보행자,여,71.0,중상,서울특별시 관악구
2021022100100187,2021년 2월 21일 15시,일요일,서울특별시 영등포구 대림동,중상사고,0,1,0,0,차대사람 - 차도통행중,안전운전불이행,건조,맑음,단일로 - 기타,승용,남,40세,상해없음,보행자,여,72.0,중상,서울특별시 영등포구
2021022100100188,2021년 2월 21일 15시,일요일,서울특별시 금천구 독산동,경상사고,0,0,2,0,차대사람 - 횡단중,안전운전불이행,건조,맑음,단일로 - 기타,승용,남,28세,상해없음,보행자,남,81.0,경상,서울특별시 금천구
2021022100100265,2021년 2월 21일 17시,일요일,서울특별시 성동구 도선동,중상사고,0,1,0,0,차대사람 - 보도통행중,기타,건조,맑음,단일로 - 기타,자전거,남,31세,상해없음,보행자,여,76.0,중상,서울특별시 성동구
2021022200100038,2021년 2월 22일 07시,월요일,서울특별시 서초구 방배동,경상사고,0,0,1,0,차대사람 - 보도통행중,기타,건조,맑음,단일로 - 기타,화물,남,54세,상해없음,보행자,여,74.0,경상,서울특별시 서초구
2021022200100212,2021년 2월 22일 12시,월요일,서울특별시 구로구 구로동,경상사고,0,0,1,0,차대사람 - 차도통행중,안전운전불이행,건조,맑음,단일로 - 기타,승용,여,52세,상해없음,보행자,여,70.0,경상,서울특별시 구로구
2021022200100351,2021년 2월 22일 16시,월요일,서울특별시 양천구 신월동,중상사고,0,1,0,0,차대사람 - 횡단중,안전운전불이행,건조,맑음,단일로 - 기타,화물,남,54세,상해없음,보행자,남,69.0,중상,서울특별시 양천구
2021022200100352,2021년 2월 22일 16시,월요일,서울특별시 노원구 월계동,중상사고,0,1,0,0,차대사람 - 횡단중,안전운전불이행,건조,맑음,기타 - 기타,자전거,남,42세,상해없음,보행자,남,79.0,중상,서울특별시 노원구
2021022200100528,2021년 2월 22일 21시,월요일,서울특별시 금천구 시흥동,중상사고,0,1,0,0,차대사람 - 기타,기타,건조,맑음,단일로 - 기타,승합,남,58세,상해없음,보행자,남,74.0,중상,서울특별시 금천구
2021022300100065,2021년 2월 23일 08시,화요일,서울특별시 성동구 사근동,경상사고,0,0,1,0,차대사람 - 기타,안전운전불이행,건조,맑음,기타 - 기타,승용,여,44세,상해없음,보행자,여,71.0,경상,서울특별시 성동구
2021022300100362,2021년 2월 23일 17시,화요일,서울특별시 중구 봉래동2가,경상사고,0,0,1,0,차대사람 - 기타,안전운전불이행,건조,맑음,단일로 - 지하차도(도로)내,승합,남,57세,상해없음,보행자,남,90.0,경상,서울특별시 중구
2021022300100444,2021년 2월 23일 19시,화요일,서울특별시 은평구 녹번동,중상사고,0,2,0,0,차대사람 - 횡단중,신호위반,건조,맑음,교차로 - 교차로안,이륜,남,42세,상해없음,보행자,여,65.0,중상,서울특별시 은평구
2021022400100179,2021년 2월 24일 13시,수요일,서울특별시 송파구 신천동,경상사고,0,0,1,0,차대사람 - 횡단중,보행자보호의무위반,건조,맑음,교차로 - 교차로부근,승용,남,71세,상해없음,보행자,남,66.0,경상,서울특별시 송파구
2021022400100217,2021년 2월 24일 14시,수요일,서울특별시 서대문구 홍은동,경상사고,0,0,1,0,차대사람 - 기타,안전운전불이행,건조,맑음,단일로 - 기타,승용,남,69세,상해없음,보행자,여,67.0,경상,서울특별시 서대문구
2021022400100253,2021년 2월 24일 15시,수요일,서울특별시 중랑구 신내동,중상사고,0,1,0,0,차대사람 - 횡단중,안전운전불이행,건조,맑음,교차로 - 교차로안,화물,남,55세,상해없음,보행자,여,71.0,중상,서울특별시 중랑구
2021022400100254,2021년 2월 24일 15시,수요일,서울특별시 강남구 삼성동,경상사고,0,0,1,0,차대사람 - 기타,안전운전불이행,기타,맑음,단일로 - 기타,건설기계,남,54세,상해없음,보행자,여,68.0,경상,서울특별시 강남구
2021022400100312,2021년 2월 24일 17시,수요일,서울특별시 영등포구 영등포동3가,중상사고,0,1,0,0,차대사람 - 횡단중,신호위반,건조,맑음,단일로 - 기타,이륜,남,53세,상해없음,보행자,남,67.0,중상,서울특별시 영등포구
2021022400100517,2021년 2월 24일 23시,수요일,서울특별시 은평구 응암동,경상사고,0,0,1,0,차대사람 - 횡단중,신호위반,건조,맑음,교차로 - 교차로횡단보도내,승용,남,73세,상해없음,보행자,남,65.0,경상,서울특별시 은평구
2021022500100058,2021년 2월 25일 07시,목요일,서울특별시 영등포구 대림동,중상사고,0,1,0,0,차대사람 - 횡단중,기타,건조,맑음,교차로 - 교차로부근,승용,남,57세,상해없음,보행자,여,77.0,중상,서울특별시 영등포구
2021022500100203,2021년 2월 25일 14시,목요일,서울특별시 종로구 연건동,중상사고,0,1,0,0,차대사람 - 횡단중,안전운전불이행,건조,맑음,단일로 - 기타,승용,남,70세,상해없음,보행자,여,89.0,중상,서울특별시 종로구
2021022500100204,2021년 2월 25일 14시,목요일,서울특별시 성동구 행당동,경상사고,0,0,1,0,차대사람 - 기타,안전운전불이행,건조,맑음,단일로 - 기타,화물,남,54세,상해없음,보행자,여,82.0,경상,서울특별시 성동구
2021022500100206,2021년 2월 25일 14시,목요일,서울특별시 도봉구 쌍문동,경상사고,0,0,1,0,차대사람 - 기타,안전운전불이행,건조,맑음,교차로 - 교차로부근,승용,남,47세,상해없음,보행자,여,82.0,경상,서울특별시 도봉구
2021022500100297,2021년 2월 25일 17시,목요일,서울특별시 동대문구 제기동,중상사고,0,1,0,0,차대사람 - 기타,안전운전불이행,건조,맑음,단일로 - 기타,승용,여,55세,상해없음,보행자,여,68.0,중상,서울특별시 동대문구
2021022600100039,2021년 2월 26일 06시,금요일,서울특별시 동작구 노량진동,사망사고,1,0,0,0,차대사람 - 기타,안전운전불이행,젖음/습기,맑음,단일로 - 기타,건설기계,남,43세,상해없음,보행자,남,67.0,사망,서울특별시 동작구
2021022600100156,2021년 2월 26일 11시,금요일,서울특별시 강북구 번동,사망사고,1,0,0,0,차대사람 - 횡단중,안전운전불이행,건조,맑음,교차로 - 교차로횡단보도내,화물,남,56세,상해없음,보행자,남,85.0,사망,서울특별시 강북구
2021022600100261,2021년 2월 26일 14시,금요일,서울특별시 송파구 마천동,경상사고,0,0,1,0,차대사람 - 차도통행중,안전운전불이행,건조,맑음,교차로 - 교차로안,승용,남,59세,상해없음,보행자,남,75.0,경상,서울특별시 송파구
2021022600100302,2021년 2월 26일 15시,금요일,서울특별시 성동구 성수동1가,부상신고사고,0,0,0,1,차대사람 - 길가장자리구역통행중,안전운전불이행,건조,맑음,단일로 - 기타,화물,남,71세,상해없음,보행자,여,75.0,부상신고,서울특별시 성동구
2021022600100412,2021년 2월 26일 18시,금요일,서울특별시 성북구 종암동,중상사고,0,1,0,0,차대사람 - 기타,안전운전불이행,건조,맑음,단일로 - 기타,승용,여,29세,상해없음,보행자,남,71.0,중상,서울특별시 성북구
2021022600100413,2021년 2월 26일 18시,금요일,서울특별시 성북구 장위동,경상사고,0,0,1,0,차대사람 - 보도통행중,안전운전불이행,건조,맑음,단일로 - 기타,승용,남,60세,상해없음,보행자,남,69.0,경상,서울특별시 성북구
2021022600100416,2021년 2월 26일 18시,금요일,서울특별시 노원구 상계동,경상사고,0,0,1,0,차대사람 - 보도통행중,기타,건조,맑음,기타 - 기타,자전거,남,17세,상해없음,보행자,남,80.0,경상,서울특별시 노원구
2021022700100058,2021년 2월 27일 08시,토요일,서울특별시 구로구 온수동,경상사고,0,0,1,0,차대사람 - 기타,안전운전불이행,건조,맑음,단일로 - 기타,승용,여,43세,상해없음,보행자,남,72.0,경상,서울특별시 구로구
2021022700100118,2021년 2월 27일 11시,토요일,서울특별시 은평구 역촌동,중상사고,0,1,0,0,차대사람 - 횡단중,보행자보호의무위반,건조,맑음,교차로 - 교차로안,승용,여,39세,상해없음,보행자,여,81.0,중상,서울특별시 은평구
2021022700100189,2021년 2월 27일 13시,토요일,서울특별시 광진구 화양동,중상사고,0,1,0,0,차대사람 - 길가장자리구역통행중,안전운전불이행,건조,맑음,교차로 - 교차로안,승용,남,48세,상해없음,보행자,여,84.0,중상,서울특별시 광진구
2021022700100379,2021년 2월 27일 18시,토요일,서울특별시 중랑구 신내동,중상사고,0,1,0,0,차대사람 - 횡단중,보행자보호의무위반,건조,맑음,교차로 - 교차로부근,승용,남,64세,상해없음,보행자,남,73.0,중상,서울특별시 중랑구
2021022800100087,2021년 2월 28일 11시,일요일,서울특별시 마포구 합정동,중상사고,0,2,0,0,차대사람 - 횡단중,안전운전불이행,건조,맑음,교차로 - 교차로안,승합,남,24세,중상,보행자,여,86.0,중상,서울특별시 마포구
2021022800100169,2021년 2월 28일 14시,일요일,서울특별시 중랑구 신내동,경상사고,0,0,1,0,차대사람 - 횡단중,안전운전불이행,건조,맑음,교차로 - 교차로안,화물,남,60세,상해없음,보행자,여,69.0,경상,서울특별시 중랑구
2021022800100296,2021년 2월 28일 19시,일요일,서울특별시 노원구 상계동,경상사고,0,0,1,0,차대사람 - 기타,안전운전불이행,건조,맑음,교차로 - 교차로안,승용,남,44세,상해없음,보행자,남,73.0,경상,서울특별시 노원구
2021030100100057,2021년 3월 1일 10시,월요일,서울특별시 구로구 고척동,경상사고,0,0,1,0,차대사람 - 기타,안전운전불이행,젖음/습기,비,단일로 - 기타,승합,남,57세,상해없음,보행자,여,77.0,경상,서울특별시 구로구
2021030100100316,2021년 3월 1일 19시,월요일,서울특별시 강북구 우이동,중상사고,0,1,0,0,차대사람 - 횡단중,안전운전불이행,젖음/습기,비,단일로 - 기타,승용,남,70세,상해없음,보행자,여,78.0,중상,서울특별시 강북구
2021030100100317,2021년 3월 1일 19시,월요일,서울특별시 은평구 불광동,중상사고,0,1,0,0,차대사람 - 횡단중,보행자보호의무위반,젖음/습기,비,교차로 - 교차로안,이륜,남,56세,상해없음,보행자,남,77.0,중상,서울특별시 은평구
2021030100100359,2021년 3월 1일 20시,월요일,서울특별시 강서구 방화동,중상사고,0,1,0,0,차대사람 - 횡단중,신호위반,젖음/습기,비,기타 - 기타,이륜,남,39세,상해없음,보행자,남,70.0,중상,서울특별시 강서구
2021030100100390,2021년 3월 1일 21시,월요일,서울특별시 도봉구 방학동,경상사고,0,0,1,0,차대사람 - 횡단중,안전운전불이행,젖음/습기,눈,교차로 - 교차로안,기타불명,기타불명,미분류,기타불명,보행자,여,66.0,경상,서울특별시 도봉구
2021030200100118,2021년 3월 2일 10시,화요일,서울특별시 용산구 용문동,경상사고,0,0,1,0,차대사람 - 기타,안전운전불이행,건조,맑음,단일로 - 기타,승용,남,56세,상해없음,보행자,여,76.0,경상,서울특별시 용산구
2021030200100337,2021년 3월 2일 17시,화요일,서울특별시 서초구 방배동,경상사고,0,0,1,0,차대사람 - 보도통행중,기타,건조,맑음,단일로 - 기타,승용,남,51세,상해없음,보행자,남,73.0,경상,서울특별시 서초구
2021030300100034,2021년 3월 3일 06시,수요일,서울특별시 송파구 문정동,중상사고,0,1,0,0,차대사람 - 기타,안전운전불이행,건조,맑음,교차로 - 교차로부근,승용,남,41세,상해없음,보행자,남,66.0,중상,서울특별시 송파구
2021030300100170,2021년 3월 3일 11시,수요일,서울특별시 금천구 독산동,부상신고사고,0,0,0,1,차대사람 - 기타,안전운전불이행,건조,맑음,단일로 - 기타,승합,남,62세,상해없음,보행자,남,79.0,부상신고,서울특별시 금천구
2021030300100268,2021년 3월 3일 14시,수요일,서울특별시 성동구 금호동1가,경상사고,0,0,1,0,차대사람 - 횡단중,신호위반,건조,맑음,단일로 - 기타,승용,여,63세,상해없음,보행자,남,81.0,경상,서울특별시 성동구
2021030300100301,2021년 3월 3일 15시,수요일,서울특별시 성북구 종암동,경상사고,0,0,1,0,차대사람 - 기타,안전운전불이행,건조,맑음,단일로 - 기타,승용,남,31세,상해없음,보행자,여,71.0,경상,서울특별시 성북구
2021030300100333,2021년 3월 3일 16시,수요일,서울특별시 강동구 천호동,경상사고,0,0,2,0,차대사람 - 기타,안전운전불이행,건조,맑음,단일로 - 기타,승합,남,51세,상해없음,보행자,여,66.0,경상,서울특별시 강동구
2021030300100417,2021년 3월 3일 19시,수요일,서울특별시 성동구 성수동2가,경상사고,0,0,1,0,차대사람 - 횡단중,안전운전불이행,건조,맑음,교차로 - 교차로횡단보도내,승용,남,36세,상해없음,보행자,남,78.0,경상,서울특별시 성동구
2021030400100107,2021년 3월 4일 09시,목요일,서울특별시 마포구 공덕동,경상사고,0,0,1,0,차대사람 - 기타,안전운전불이행,건조,맑음,단일로 - 기타,자전거,남,27세,상해없음,보행자,남,66.0,경상,서울특별시 마포구
2021030400100371,2021년 3월 4일 19시,목요일,서울특별시 강북구 미아동,경상사고,0,0,1,0,차대사람 - 횡단중,보행자보호의무위반,건조,맑음,교차로 - 교차로횡단보도내,화물,남,62세,상해없음,보행자,남,70.0,경상,서울특별시 강북구
2021030400100378,2021년 3월 4일 19시,목요일,서울특별시 양천구 신월동,중상사고,0,1,0,0,차대사람 - 기타,안전운전불이행,건조,맑음,단일로 - 기타,원동기,남,23세,상해없음,보행자,여,78.0,중상,서울특별시 양천구
2021030500100026,2021년 3월 5일 03시,금요일,서울특별시 강남구 역삼동,경상사고,0,0,1,0,차대사람 - 횡단중,기타,건조,맑음,단일로 - 기타,화물,남,40세,상해없음,보행자,여,66.0,경상,서울특별시 강남구
2021030500100182,2021년 3월 5일 11시,금요일,서울특별시 종로구 내자동,부상신고사고,0,0,0,1,차대사람 - 차도통행중,안전운전불이행,건조,맑음,교차로 - 교차로부근,기타불명,기타불명,미분류,기타불명,보행자,여,68.0,부상신고,서울특별시 종로구
2021030500100345,2021년 3월 5일 16시,금요일,서울특별시 종로구 인의동,중상사고,0,1,0,0,차대사람 - 횡단중,안전운전불이행,건조,맑음,교차로 - 교차로안,승용,남,41세,상해없음,보행자,여,73.0,중상,서울특별시 종로구
2021030500100504,2021년 3월 5일 20시,금요일,서울특별시 용산구 이태원동,중상사고,0,1,0,0,차대사람 - 기타,안전운전불이행,건조,기타,기타 - 기타,승용,남,63세,상해없음,보행자,남,68.0,중상,서울특별시 용산구
2021030500100568,2021년 3월 5일 22시,금요일,서울특별시 송파구 송파동,경상사고,0,0,1,0,차대사람 - 기타,안전운전불이행,건조,맑음,기타 - 기타,기타불명,남,49세,상해없음,보행자,남,66.0,경상,서울특별시 송파구
2021030600100046,2021년 3월 6일 06시,토요일,서울특별시 노원구 상계동,중상사고,0,1,0,0,차대사람 - 횡단중,보행자보호의무위반,건조,맑음,교차로 - 교차로횡단보도내,화물,남,43세,상해없음,보행자,여,72.0,중상,서울특별시 노원구
2021030600100134,2021년 3월 6일 11시,토요일,서울특별시 강남구 대치동,경상사고,0,0,1,0,차대사람 - 기타,안전운전불이행,건조,맑음,단일로 - 기타,기타불명,남,64세,상해없음,보행자,여,73.0,경상,서울특별시 강남구
2021030600100188,2021년 3월 6일 13시,토요일,서울특별시 동대문구 휘경동,경상사고,0,0,1,0,차대사람 - 횡단중,보행자보호의무위반,건조,맑음,교차로 - 교차로횡단보도내,승용,여,55세,상해없음,보행자,남,79.0,경상,서울특별시 동대문구
2021030600100216,2021년 3월 6일 14시,토요일,서울특별시 마포구 도화동,중상사고,0,1,0,0,차대사람 - 횡단중,보행자보호의무위반,건조,맑음,교차로 - 교차로안,승용,남,43세,상해없음,보행자,남,76.0,중상,서울특별시 마포구
2021030600100383,2021년 3월 6일 19시,토요일,서울특별시 양천구 신정동,중상사고,0,1,0,0,차대사람 - 기타,안전운전불이행,건조,맑음,기타 - 기타,승용,남,39세,상해없음,보행자,남,72.0,중상,서울특별시 양천구
2021030800100215,2021년 3월 8일 12시,월요일,서울특별시 노원구 중계동,중상사고,0,1,0,0,차대사람 - 보도통행중,안전운전불이행,건조,맑음,단일로 - 기타,자전거,여,20세,상해없음,보행자,여,74.0,중상,서울특별시 노원구
2021030800100387,2021년 3월 8일 17시,월요일,서울특별시 동대문구 답십리동,중상사고,0,1,0,0,차대사람 - 기타,안전운전불이행,건조,맑음,교차로 - 교차로안,승용,여,35세,상해없음,보행자,여,81.0,중상,서울특별시 동대문구
2021030800100515,2021년 3월 8일 20시,월요일,서울특별시 서대문구 홍은동,경상사고,0,0,1,0,차대사람 - 기타,안전운전불이행,건조,맑음,교차로 - 교차로안,승용,남,67세,상해없음,보행자,여,76.0,경상,서울특별시 서대문구
2021030900100027,2021년 3월 9일 06시,화요일,서울특별시 동대문구 용두동,경상사고,0,0,1,0,차대사람 - 기타,안전운전불이행,건조,맑음,기타 - 기타,화물,남,64세,상해없음,보행자,남,65.0,경상,서울특별시 동대문구
2021030900100112,2021년 3월 9일 10시,화요일,서울특별시 중랑구 면목동,중상사고,0,1,0,0,차대사람 - 보도통행중,기타,건조,맑음,기타 - 기타,화물,남,52세,상해없음,보행자,남,75.0,중상,서울특별시 중랑구
2021030900100134,2021년 3월 9일 11시,화요일,서울특별시 중구 만리동1가,경상사고,0,0,1,0,차대사람 - 보도통행중,기타,건조,맑음,단일로 - 기타,승용,여,28세,상해없음,보행자,남,65.0,경상,서울특별시 중구
2021030900100208,2021년 3월 9일 13시,화요일,서울특별시 성북구 종암동,중상사고,0,1,0,0,차대사람 - 횡단중,보행자보호의무위반,건조,맑음,단일로 - 기타,화물,남,48세,상해없음,보행자,남,78.0,중상,서울특별시 성북구
2021031000100107,2021년 3월 10일 09시,수요일,서울특별시 종로구 연건동,중상사고,0,1,0,0,차대사람 - 기타,안전운전불이행,건조,맑음,교차로 - 교차로안,승용,여,36세,상해없음,보행자,남,66.0,중상,서울특별시 종로구
2021031000100128,2021년 3월 10일 10시,수요일,서울특별시 동대문구 장안동,중상사고,0,1,0,0,차대사람 - 기타,안전운전불이행,건조,맑음,주차장 - 주차장,승용,남,47세,상해없음,보행자,남,75.0,중상,서울특별시 동대문구
2021031000100132,2021년 3월 10일 10시,수요일,서울특별시 강남구 압구정동,중상사고,0,1,0,0,차대사람 - 기타,기타,건조,맑음,단일로 - 기타,승용,남,67세,상해없음,보행자,남,69.0,중상,서울특별시 강남구
2021031000100161,2021년 3월 10일 11시,수요일,서울특별시 영등포구 영등포동6가,중상사고,0,1,0,0,차대사람 - 기타,안전운전불이행,기타,맑음,단일로 - 기타,승용,남,58세,상해없음,보행자,남,75.0,중상,서울특별시 영등포구
2021031000100348,2021년 3월 10일 16시,수요일,서울특별시 동대문구 제기동,중상사고,0,1,0,0,차대사람 - 기타,안전운전불이행,건조,맑음,교차로 - 교차로안,농기계,남,58세,상해없음,보행자,여,74.0,중상,서울특별시 동대문구
2021031100100152,2021년 3월 11일 11시,목요일,서울특별시 영등포구 여의도동,중상사고,0,1,0,0,차대사람 - 횡단중,안전운전불이행,건조,맑음,교차로 - 교차로안,승용,남,48세,상해없음,보행자,남,95.0,중상,서울특별시 영등포구
2021031100100213,2021년 3월 11일 13시,목요일,서울특별시 성동구 금호동4가,중상사고,0,1,0,0,차대사람 - 보도통행중,기타,건조,맑음,단일로 - 기타,원동기,남,81세,상해없음,보행자,남,82.0,중상,서울특별시 성동구
2021031100100343,2021년 3월 11일 17시,목요일,서울특별시 성북구 길음동,중상사고,0,1,0,0,차대사람 - 기타,안전운전불이행,건조,맑음,교차로 - 교차로부근,승용,남,75세,상해없음,보행자,여,79.0,중상,서울특별시 성북구
2021031200100041,2021년 3월 12일 07시,금요일,서울특별시 송파구 잠실동,경상사고,0,0,1,0,차대사람 - 보도통행중,안전운전불이행,건조,맑음,단일로 - 기타,화물,남,47세,상해없음,보행자,여,71.0,경상,서울특별시 송파구
2021031200100128,2021년 3월 12일 11시,금요일,서울특별시 성동구 마장동,중상사고,0,1,0,0,차대사람 - 횡단중,안전운전불이행,건조,맑음,교차로 - 교차로부근,이륜,남,30세,상해없음,보행자,여,68.0,중상,서울특별시 성동구
2021031200100132,2021년 3월 12일 11시,금요일,서울특별시 성북구 길음동,중상사고,0,1,0,0,차대사람 - 길가장자리구역통행중,안전운전불이행,건조,맑음,교차로 - 교차로안,승용,남,65세,상해없음,보행자,여,77.0,중상,서울특별시 성북구
2021031200100351,2021년 3월 12일 17시,금요일,서울특별시 용산구 한강로3가,경상사고,0,0,1,0,차대사람 - 보도통행중,기타,건조,맑음,기타 - 기타,이륜,남,24세,상해없음,보행자,여,79.0,경상,서울특별시 용산구
2021031200100439,2021년 3월 12일 19시,금요일,서울특별시 강동구 천호동,중상사고,0,1,0,0,차대사람 - 횡단중,안전운전불이행,건조,맑음,단일로 - 기타,이륜,남,62세,상해없음,보행자,남,71.0,중상,서울특별시 강동구
2021031200100493,2021년 3월 12일 20시,금요일,서울특별시 중랑구 면목동,경상사고,0,0,1,1,차대사람 - 길가장자리구역통행중,안전운전불이행,건조,맑음,단일로 - 기타,승용,여,49세,부상신고,보행자,여,73.0,경상,서울특별시 중랑구
2021031200100567,2021년 3월 12일 22시,금요일,서울특별시 성북구 동선동1가,경상사고,0,0,1,0,차대사람 - 기타,안전운전불이행,건조,맑음,기타 - 기타,승합,남,44세,상해없음,보행자,남,66.0,경상,서울특별시 성북구
2021031300100083,2021년 3월 13일 09시,토요일,서울특별시 구로구 가리봉동,중상사고,0,1,0,0,차대사람 - 기타,안전운전불이행,건조,맑음,교차로 - 교차로부근,화물,남,45세,상해없음,보행자,남,81.0,중상,서울특별시 구로구
2021031300100180,2021년 3월 13일 12시,토요일,서울특별시 은평구 진관동,중상사고,0,1,0,0,차대사람 - 횡단중,신호위반,건조,맑음,교차로 - 교차로안,승용,남,64세,상해없음,보행자,여,75.0,중상,서울특별시 은평구
2021031300100259,2021년 3월 13일 14시,토요일,서울특별시 광진구 자양동,중상사고,0,1,0,0,차대사람 - 기타,안전운전불이행,건조,맑음,단일로 - 기타,승용,남,73세,상해없음,보행자,여,68.0,중상,서울특별시 광진구
2021031300100294,2021년 3월 13일 15시,토요일,서울특별시 강서구 염창동,중상사고,0,1,0,0,차대사람 - 횡단중,보행자보호의무위반,건조,맑음,교차로 - 교차로횡단보도내,승용,여,52세,상해없음,보행자,여,75.0,중상,서울특별시 강서구
2021031300100390,2021년 3월 13일 18시,토요일,서울특별시 중구 신당동,경상사고,0,0,1,0,차대사람 - 길가장자리구역통행중,안전운전불이행,건조,맑음,단일로 - 기타,승용,남,38세,상해없음,보행자,남,69.0,경상,서울특별시 중구
2021031300100428,2021년 3월 13일 19시,토요일,서울특별시 도봉구 쌍문동,중상사고,0,1,0,0,차대사람 - 길가장자리구역통행중,안전운전불이행,건조,맑음,단일로 - 기타,승용,남,61세,상해없음,보행자,여,87.0,중상,서울특별시 도봉구
2021031400100135,2021년 3월 14일 13시,일요일,서울특별시 중랑구 중화동,경상사고,0,0,1,0,차대사람 - 기타,안전운전불이행,건조,맑음,단일로 - 기타,화물,남,44세,상해없음,보행자,여,70.0,경상,서울특별시 중랑구
2021031400100160,2021년 3월 14일 14시,일요일,서울특별시 광진구 구의동,경상사고,0,0,1,0,차대사람 - 차도통행중,안전운전불이행,건조,맑음,교차로 - 교차로안,승용,남,54세,상해없음,보행자,여,89.0,경상,서울특별시 광진구
2021031400100164,2021년 3월 14일 14시,일요일,서울특별시 중랑구 면목동,중상사고,0,1,0,0,차대사람 - 기타,안전운전불이행,건조,맑음,단일로 - 기타,승용,남,40세,상해없음,보행자,여,80.0,중상,서울특별시 중랑구
2021031500100226,2021년 3월 15일 13시,월요일,서울특별시 강동구 천호동,중상사고,0,1,0,0,차대사람 - 횡단중,안전운전불이행,건조,맑음,교차로 - 교차로안,화물,남,72세,상해없음,보행자,여,82.0,중상,서울특별시 강동구
2021031600100036,2021년 3월 16일 05시,화요일,서울특별시 노원구 상계동,중상사고,0,1,0,0,차대사람 - 기타,안전운전불이행,건조,맑음,기타 - 기타,화물,남,61세,상해없음,보행자,남,81.0,중상,서울특별시 노원구
2021031600100224,2021년 3월 16일 12시,화요일,서울특별시 종로구 종로5가,중상사고,0,1,0,0,차대사람 - 횡단중,안전운전불이행,건조,맑음,교차로 - 교차로부근,승용,남,58세,상해없음,보행자,여,88.0,중상,서울특별시 종로구
2021031600100262,2021년 3월 16일 13시,화요일,서울특별시 은평구 불광동,중상사고,0,1,0,0,차대사람 - 횡단중,안전운전불이행,건조,맑음,교차로 - 교차로횡단보도내,승용,남,50세,상해없음,보행자,남,82.0,중상,서울특별시 은평구
2021031600100288,2021년 3월 16일 14시,화요일,서울특별시 서대문구 홍은동,경상사고,0,0,1,0,차대사람 - 횡단중,보행자보호의무위반,건조,맑음,교차로 - 교차로횡단보도내,승용,남,77세,상해없음,보행자,남,88.0,경상,서울특별시 서대문구
2021031600100390,2021년 3월 16일 17시,화요일,서울특별시 도봉구 도봉동,경상사고,0,0,1,0,차대사람 - 기타,안전운전불이행,건조,맑음,교차로 - 교차로안,화물,남,40세,상해없음,보행자,남,80.0,경상,서울특별시 도봉구