사고번호,사고일시,요일,시군구,사고내용,사망자수,중상자수,경상자수,부상신고자수,사고유형,법규위반,노면상태,기상상태,도로형태,가해운전자 차종,가해운전자 성별,가해운전자 연령,가해운전자 상해정도,피해운전자 차종,피해운전자 성별,피해운전자 연령,피해운전자 상해정도,구
2021031600100427,2021년 3월 16일 18시,화요일,서울특별시 구로구 고척동,경상사고,0,0,1,0,차대사람 - 보도통행중,기타,건조,맑음,단일로 - 기타,자전거,남,71세,상해없음,보행자,남,79.0,경상,서울특별시 구로구
2021031600100480,2021년 3월 16일 19시,화요일,서울특별시 동작구 사당동,중상사고,0,1,0,0,차대사람 - 기타,안전운전불이행,건조,맑음,단일로 - 기타,승용,남,31세,상해없음,보행자,남,69.0,중상,서울특별시 동작구
2021031700100153,2021년 3월 17일 11시,수요일,서울특별시 광진구 구의동,중상사고,0,1,0,0,차대사람 - 차도통행중,안전운전불이행,건조,맑음,단일로 - 기타,승용,여,72세,상해없음,보행자,여,66.0,중상,서울특별시 광진구
2021031700100185,2021년 3월 17일 12시,수요일,서울특별시 은평구 응암동,부상신고사고,0,0,0,1,차대사람 - 차도통행중,안전운전불이행,건조,맑음,단일로 - 기타,승용,여,41세,상해없음,보행자,여,82.0,부상신고,서울특별시 은평구
2021031700100186,2021년 3월 17일 12시,수요일,서울특별시 동대문구 이문동,경상사고,0,0,1,0,차대사람 - 횡단중,안전운전불이행,건조,맑음,단일로 - 기타,승용,남,50세,상해없음,보행자,여,71.0,경상,서울특별시 동대문구
2021031700100289,2021년 3월 17일 15시,수요일,서울특별시 송파구 마천동,중상사고,0,1,0,0,차대사람 - 기타,안전운전불이행,건조,맑음,단일로 - 기타,승용,여,52세,상해없음,보행자,여,83.0,중상,서울특별시 송파구
2021031700100361,2021년 3월 17일 17시,수요일,서울특별시 관악구 봉천동,중상사고,0,1,0,0,차대사람 - 횡단중,교차로운행방법위반,건조,맑음,교차로 - 교차로안,화물,남,48세,상해없음,보행자,남,78.0,중상,서울특별시 관악구
2021031800100181,2021년 3월 18일 12시,목요일,서울특별시 종로구 익선동,경상사고,0,0,1,0,차대사람 - 기타,신호위반,건조,맑음,기타 - 기타,승용,여,37세,상해없음,보행자,남,66.0,경상,서울특별시 종로구
2021031800100244,2021년 3월 18일 14시,목요일,서울특별시 중구 신당동,경상사고,0,0,1,0,차대사람 - 기타,안전운전불이행,건조,맑음,단일로 - 기타,승용,남,50세,상해없음,보행자,여,67.0,경상,서울특별시 중구
2021031800100252,2021년 3월 18일 14시,목요일,서울특별시 강동구 명일동,경상사고,0,0,1,0,차대사람 - 보도통행중,기타,건조,맑음,기타 - 기타,승용,남,37세,상해없음,보행자,남,69.0,경상,서울특별시 강동구
2021031800100420,2021년 3월 18일 19시,목요일,서울특별시 강남구 역삼동,중상사고,0,1,0,0,차대사람 - 횡단중,보행자보호의무위반,건조,맑음,교차로 - 교차로횡단보도내,승용,남,66세,상해없음,보행자,남,69.0,중상,서울특별시 강남구
2021031900100028,2021년 3월 19일 05시,금요일,서울특별시 동작구 사당동,중상사고,0,1,1,0,차대사람 - 횡단중,보행자보호의무위반,건조,맑음,교차로 - 교차로횡단보도내,승용,남,53세,상해없음,보행자,여,60.0,중상,서울특별시 동작구
2021031900100066,2021년 3월 19일 08시,금요일,서울특별시 동작구 상도동,경상사고,0,0,1,0,차대사람 - 길가장자리구역통행중,안전운전불이행,건조,맑음,교차로 - 교차로부근,화물,남,40세,상해없음,보행자,남,73.0,경상,서울특별시 동작구
2021031900100129,2021년 3월 19일 10시,금요일,서울특별시 용산구 용산동2가,중상사고,0,2,0,0,차대사람 - 기타,안전운전불이행,건조,맑음,기타 - 기타,승합,남,63세,중상,보행자,여,74.0,중상,서울특별시 용산구
2021031900100167,2021년 3월 19일 11시,금요일,서울특별시 강동구 성내동,경상사고,0,0,1,0,차대사람 - 기타,안전운전불이행,건조,맑음,교차로 - 교차로안,승용,남,36세,상해없음,보행자,여,76.0,경상,서울특별시 강동구
2021031900100195,2021년 3월 19일 12시,금요일,서울특별시 성동구 상왕십리동,사망사고,1,0,0,0,차대사람 - 횡단중,보행자보호의무위반,건조,맑음,교차로 - 교차로안,건설기계,남,55세,상해없음,보행자,남,65.0,사망,서울특별시 성동구
2021031900100271,2021년 3월 19일 14시,금요일,서울특별시 강남구 수서동,경상사고,0,0,1,0,차대사람 - 차도통행중,안전운전불이행,건조,맑음,단일로 - 기타,승용,여,76세,상해없음,보행자,여,78.0,경상,서울특별시 강남구
2021031900100304,2021년 3월 19일 15시,금요일,서울특별시 서초구 방배동,경상사고,0,0,1,0,차대사람 - 기타,안전운전불이행,건조,맑음,단일로 - 기타,승용,여,37세,상해없음,보행자,남,77.0,경상,서울특별시 서초구
2021031900100352,2021년 3월 19일 16시,금요일,서울특별시 강동구 암사동,경상사고,0,0,1,0,차대사람 - 기타,기타,건조,맑음,단일로 - 기타,개인형이동수단(PM),여,15세,기타불명,보행자,여,70.0,경상,서울특별시 강동구
2021031900100527,2021년 3월 19일 20시,금요일,서울특별시 중구 신당동,경상사고,0,0,1,0,차대사람 - 기타,안전운전불이행,건조,흐림,단일로 - 기타,승용,남,26세,상해없음,보행자,여,67.0,경상,서울특별시 중구
2021031900100533,2021년 3월 19일 20시,금요일,서울특별시 양천구 신정동,중상사고,0,1,0,0,차대사람 - 기타,신호위반,건조,맑음,교차로 - 교차로부근,이륜,남,59세,상해없음,보행자,남,70.0,중상,서울특별시 양천구
2021031900100601,2021년 3월 19일 22시,금요일,서울특별시 종로구 홍파동,경상사고,0,0,1,0,차대사람 - 보도통행중,기타,건조,맑음,기타 - 기타,이륜,남,22세,상해없음,보행자,남,71.0,경상,서울특별시 종로구
2021032000100040,2021년 3월 20일 06시,토요일,서울특별시 강서구 내발산동,중상사고,0,1,0,0,차대사람 - 횡단중,안전운전불이행,건조,흐림,교차로 - 교차로횡단보도내,승용,여,53세,상해없음,보행자,여,78.0,중상,서울특별시 강서구
2021032000100041,2021년 3월 20일 06시,토요일,서울특별시 송파구 거여동,경상사고,0,0,1,1,차대사람 - 보도통행중,기타,건조,맑음,교차로 - 교차로안,자전거,남,41세,부상신고,보행자,여,72.0,경상,서울특별시 송파구
2021032000100052,2021년 3월 20일 07시,토요일,서울특별시 동대문구 청량리동,사망사고,1,0,0,0,차대사람 - 횡단중,안전운전불이행,건조,흐림,교차로 - 교차로부근,승합,남,42세,상해없음,보행자,여,83.0,사망,서울특별시 동대문구
2021032000100075,2021년 3월 20일 09시,토요일,서울특별시 광진구 자양동,중상사고,0,1,0,0,차대사람 - 기타,안전운전불이행,젖음/습기,비,단일로 - 기타,화물,남,59세,상해없음,보행자,여,90.0,중상,서울특별시 광진구
2021032000100145,2021년 3월 20일 12시,토요일,서울특별시 마포구 아현동,중상사고,0,1,0,0,차대사람 - 차도통행중,안전운전불이행,젖음/습기,비,교차로 - 교차로안,승용,여,33세,상해없음,보행자,여,66.0,중상,서울특별시 마포구
2021032000100345,2021년 3월 20일 18시,토요일,서울특별시 용산구 이태원동,경상사고,0,0,1,0,차대사람 - 횡단중,신호위반,건조,맑음,단일로 - 기타,승용,남,72세,상해없음,보행자,남,78.0,경상,서울특별시 용산구
2021032000100481,2021년 3월 20일 22시,토요일,서울특별시 도봉구 창동,경상사고,0,0,1,0,차대사람 - 횡단중,안전운전불이행,건조,맑음,교차로 - 교차로횡단보도내,승용,남,63세,상해없음,보행자,남,69.0,경상,서울특별시 도봉구
2021032100100128,2021년 3월 21일 13시,일요일,서울특별시 동작구 상도동,중상사고,0,1,0,0,차대사람 - 기타,안전운전불이행,건조,맑음,교차로 - 교차로부근,승용,여,36세,상해없음,보행자,여,68.0,중상,서울특별시 동작구
2021032100100129,2021년 3월 21일 13시,일요일,서울특별시 동작구 상도동,경상사고,0,0,1,0,차대사람 - 기타,안전운전불이행,젖음/습기,흐림,단일로 - 기타,승용,남,63세,상해없음,보행자,여,71.0,경상,서울특별시 동작구
2021032100100200,2021년 3월 21일 15시,일요일,서울특별시 송파구 송파동,중상사고,0,1,0,0,차대사람 - 기타,안전운전불이행,건조,맑음,단일로 - 기타,승용,여,76세,상해없음,보행자,여,74.0,중상,서울특별시 송파구
2021032100100268,2021년 3월 21일 17시,일요일,서울특별시 관악구 봉천동,중상사고,0,1,0,0,차대사람 - 횡단중,안전운전불이행,건조,맑음,단일로 - 기타,승용,남,47세,상해없음,보행자,여,69.0,중상,서울특별시 관악구
2021032100100298,2021년 3월 21일 18시,일요일,서울특별시 강동구 길동,경상사고,0,0,1,0,차대사람 - 기타,안전운전불이행,건조,맑음,교차로 - 교차로부근,승용,남,56세,상해없음,보행자,여,69.0,경상,서울특별시 강동구
2021032200100308,2021년 3월 22일 15시,월요일,서울특별시 동대문구 장안동,경상사고,0,0,1,0,차대사람 - 횡단중,신호위반,기타,맑음,교차로 - 교차로횡단보도내,화물,남,65세,상해없음,보행자,남,73.0,경상,서울특별시 동대문구
2021032300100031,2021년 3월 23일 06시,화요일,서울특별시 용산구 한강로3가,경상사고,0,0,1,0,차대사람 - 보도통행중,안전운전불이행,건조,맑음,기타 - 기타,승합,남,57세,상해없음,보행자,여,90.0,경상,서울특별시 용산구
2021032300100039,2021년 3월 23일 07시,화요일,서울특별시 동작구 노량진동,경상사고,0,0,1,0,차대사람 - 기타,안전운전불이행,건조,맑음,단일로 - 기타,화물,남,51세,기타불명,보행자,남,71.0,경상,서울특별시 동작구
2021032300100060,2021년 3월 23일 08시,화요일,서울특별시 은평구 역촌동,경상사고,0,0,1,0,차대사람 - 횡단중,안전운전불이행,건조,맑음,단일로 - 기타,승용,남,49세,상해없음,보행자,여,70.0,경상,서울특별시 은평구
2021032300100124,2021년 3월 23일 10시,화요일,서울특별시 성북구 길음동,경상사고,0,0,1,0,차대사람 - 기타,안전운전불이행,건조,맑음,단일로 - 기타,승용,남,74세,상해없음,보행자,여,69.0,경상,서울특별시 성북구
2021032300100249,2021년 3월 23일 14시,화요일,서울특별시 관악구 봉천동,중상사고,0,1,0,0,차대사람 - 횡단중,안전운전불이행,건조,맑음,교차로 - 교차로부근,승용,여,54세,상해없음,보행자,여,70.0,중상,서울특별시 관악구
2021032300100369,2021년 3월 23일 17시,화요일,서울특별시 노원구 상계동,중상사고,0,1,0,0,차대사람 - 횡단중,안전운전불이행,건조,맑음,단일로 - 기타,이륜,남,23세,상해없음,보행자,여,83.0,중상,서울특별시 노원구
2021032300100459,2021년 3월 23일 19시,화요일,서울특별시 강서구 방화동,중상사고,0,1,0,0,차대사람 - 기타,안전운전불이행,건조,맑음,교차로 - 교차로안,승용,여,46세,상해없음,보행자,남,92.0,중상,서울특별시 강서구
2021032400100080,2021년 3월 24일 08시,수요일,서울특별시 성동구 마장동,중상사고,0,1,0,0,차대사람 - 기타,안전운전불이행,건조,맑음,단일로 - 기타,원동기,남,26세,상해없음,보행자,여,65.0,중상,서울특별시 성동구
2021032400100119,2021년 3월 24일 09시,수요일,서울특별시 광진구 군자동,경상사고,0,0,1,0,차대사람 - 차도통행중,안전운전불이행,건조,맑음,단일로 - 기타,승용,남,26세,상해없음,보행자,여,67.0,경상,서울특별시 광진구
2021032400100121,2021년 3월 24일 09시,수요일,서울특별시 금천구 독산동,경상사고,0,0,1,0,차대사람 - 기타,안전운전불이행,건조,맑음,단일로 - 기타,승용,남,71세,상해없음,보행자,여,80.0,경상,서울특별시 금천구
2021032400100151,2021년 3월 24일 10시,수요일,서울특별시 동대문구 장안동,중상사고,0,1,0,0,차대사람 - 보도통행중,보행자보호의무위반,건조,맑음,교차로 - 교차로횡단보도내,승용,남,62세,상해없음,보행자,여,71.0,중상,서울특별시 동대문구
2021032400100259,2021년 3월 24일 14시,수요일,서울특별시 금천구 독산동,중상사고,0,1,0,0,차대사람 - 횡단중,보행자보호의무위반,건조,맑음,교차로 - 교차로횡단보도내,화물,남,64세,상해없음,보행자,여,82.0,중상,서울특별시 금천구
2021032400100263,2021년 3월 24일 14시,수요일,서울특별시 도봉구 쌍문동,중상사고,0,1,0,0,차대사람 - 기타,보행자보호의무위반,건조,맑음,교차로 - 교차로횡단보도내,승용,남,55세,상해없음,보행자,여,79.0,중상,서울특별시 도봉구
2021032400100293,2021년 3월 24일 15시,수요일,서울특별시 중랑구 면목동,경상사고,0,0,1,0,차대사람 - 기타,안전운전불이행,건조,맑음,기타 - 기타,자전거,남,60세,상해없음,보행자,남,75.0,경상,서울특별시 중랑구
2021032400100294,2021년 3월 24일 15시,수요일,서울특별시 강동구 천호동,경상사고,0,0,1,0,차대사람 - 보도통행중,안전운전불이행,건조,맑음,단일로 - 기타,자전거,남,11세,상해없음,보행자,여,77.0,경상,서울특별시 강동구
2021032400100295,2021년 3월 24일 15시,수요일,서울특별시 양천구 신월동,중상사고,0,1,0,0,차대사람 - 기타,안전운전불이행,건조,맑음,교차로 - 교차로부근,승용,여,62세,상해없음,보행자,여,69.0,중상,서울특별시 양천구
2021032500100163,2021년 3월 25일 11시,목요일,서울특별시 성북구 종암동,경상사고,0,0,1,0,차대사람 - 기타,안전운전불이행,건조,맑음,교차로 - 교차로안,승용,여,66세,상해없음,보행자,여,84.0,경상,서울특별시 성북구
2021032500100227,2021년 3월 25일 13시,목요일,서울특별시 양천구 신월동,경상사고,0,0,1,0,차대사람 - 기타,안전운전불이행,건조,맑음,교차로 - 교차로안,개인형이동수단(PM),남,22세,상해없음,보행자,남,80.0,경상,서울특별시 양천구
2021032500100319,2021년 3월 25일 15시,목요일,서울특별시 서대문구 천연동,중상사고,0,1,0,0,차대사람 - 차도통행중,안전운전불이행,건조,맑음,교차로 - 교차로부근,승용,남,47세,상해없음,보행자,여,88.0,중상,서울특별시 서대문구
2021032500100511,2021년 3월 25일 20시,목요일,서울특별시 서초구 내곡동,사망사고,1,0,0,0,차대사람 - 기타,안전운전불이행,건조,맑음,단일로 - 기타,승용,여,49세,상해없음,보행자,남,66.0,사망,서울특별시 서초구
2021032600100122,2021년 3월 26일 09시,금요일,서울특별시 노원구 상계동,중상사고,0,1,0,0,차대사람 - 횡단중,안전운전불이행,건조,맑음,교차로 - 교차로안,승용,남,57세,상해없음,보행자,여,77.0,중상,서울특별시 노원구
2021032600100152,2021년 3월 26일 10시,금요일,서울특별시 영등포구 영등포동2가,경상사고,0,0,1,0,차대사람 - 기타,안전운전불이행,건조,맑음,단일로 - 기타,승용,남,32세,상해없음,보행자,남,65.0,경상,서울특별시 영등포구
2021032600100274,2021년 3월 26일 14시,금요일,서울특별시 동대문구 제기동,경상사고,0,0,1,0,차대사람 - 길가장자리구역통행중,안전운전불이행,기타,맑음,단일로 - 기타,승용,여,51세,상해없음,보행자,여,85.0,경상,서울특별시 동대문구
2021032600100314,2021년 3월 26일 15시,금요일,서울특별시 강동구 천호동,중상사고,0,1,0,0,차대사람 - 기타,안전운전불이행,건조,맑음,기타 - 기타,승용,남,32세,상해없음,보행자,남,87.0,중상,서울특별시 강동구
2021032600100488,2021년 3월 26일 19시,금요일,서울특별시 서대문구 연희동,중상사고,0,1,0,0,차대사람 - 횡단중,안전운전불이행,건조,맑음,교차로 - 교차로횡단보도내,승합,남,68세,상해없음,보행자,여,94.0,중상,서울특별시 서대문구
2021032600100537,2021년 3월 26일 20시,금요일,서울특별시 동대문구 청량리동,부상신고사고,0,0,0,1,차대사람 - 차도통행중,안전운전불이행,건조,맑음,기타 - 기타,화물,남,43세,상해없음,보행자,여,66.0,부상신고,서울특별시 동대문구
2021032700100387,2021년 3월 27일 17시,토요일,서울특별시 도봉구 쌍문동,중상사고,0,1,0,0,차대사람 - 횡단중,안전운전불이행,젖음/습기,비,교차로 - 교차로안,승용,여,59세,상해없음,보행자,여,65.0,중상,서울특별시 도봉구
2021032700100433,2021년 3월 27일 18시,토요일,서울특별시 서초구 방배동,중상사고,0,1,0,0,차대사람 - 길가장자리구역통행중,안전운전불이행,젖음/습기,비,교차로 - 교차로부근,승용,남,65세,상해없음,보행자,여,70.0,중상,서울특별시 서초구
2021032700100477,2021년 3월 27일 19시,토요일,서울특별시 영등포구 당산동1가,중상사고,0,1,0,0,차대사람 - 기타,안전운전불이행,건조,맑음,교차로 - 교차로부근,승합,남,45세,기타불명,보행자,남,65.0,중상,서울특별시 영등포구
2021032700100530,2021년 3월 27일 20시,토요일,서울특별시 노원구 월계동,중상사고,0,1,0,0,차대사람 - 횡단중,보행자보호의무위반,젖음/습기,비,단일로 - 기타,승용,남,52세,상해없음,보행자,남,68.0,중상,서울특별시 노원구
2021032700100614,2021년 3월 27일 22시,토요일,서울특별시 구로구 구로동,경상사고,0,0,1,0,차대사람 - 보도통행중,기타,젖음/습기,비,단일로 - 기타,자전거,여,63세,상해없음,보행자,남,70.0,경상,서울특별시 구로구
2021032900100078,2021년 3월 29일 08시,월요일,서울특별시 강북구 우이동,경상사고,0,0,1,0,차대사람 - 기타,안전운전불이행,건조,맑음,단일로 - 기타,승합,남,58세,상해없음,보행자,여,68.0,경상,서울특별시 강북구
2021032900100201,2021년 3월 29일 11시,월요일,서울특별시 광진구 화양동,경상사고,0,0,1,0,차대사람 - 기타,안전운전불이행,건조,맑음,단일로 - 기타,이륜,남,24세,상해없음,보행자,여,71.0,경상,서울특별시 광진구
2021032900100276,2021년 3월 29일 13시,월요일,서울특별시 중구 흥인동,중상사고,0,1,0,0,차대사람 - 기타,안전운전불이행,건조,맑음,교차로 - 교차로부근,승용,여,30세,상해없음,보행자,남,67.0,중상,서울특별시 중구
2021032900100401,2021년 3월 29일 17시,월요일,서울특별시 영등포구 도림동,중상사고,0,1,0,0,차대사람 - 횡단중,안전운전불이행,건조,맑음,교차로 - 교차로안,화물,남,52세,상해없음,보행자,남,75.0,중상,서울특별시 영등포구
2021032900100541,2021년 3월 29일 21시,월요일,서울특별시 은평구 구산동,중상사고,0,1,0,0,차대사람 - 기타,안전운전불이행,건조,맑음,단일로 - 기타,승용,남,61세,상해없음,보행자,여,65.0,중상,서울특별시 은평구
2021032900100570,2021년 3월 29일 22시,월요일,서울특별시 용산구 원효로4가,경상사고,0,0,1,0,차대사람 - 차도통행중,안전운전불이행,건조,맑음,단일로 - 기타,화물,남,47세,상해없음,보행자,남,71.0,경상,서울특별시 용산구
2021033000100034,2021년 3월 30일 05시,화요일,서울특별시 용산구 이태원동,중상사고,0,1,0,0,차대사람 - 기타,기타,건조,맑음,단일로 - 기타,화물,남,35세,상해없음,보행자,남,83.0,중상,서울특별시 용산구
2021033000100043,2021년 3월 30일 06시,화요일,서울특별시 송파구 송파동,중상사고,0,1,0,0,차대사람 - 횡단중,보행자보호의무위반,건조,맑음,교차로 - 교차로부근,승용,남,45세,상해없음,보행자,여,70.0,중상,서울특별시 송파구
2021033000100085,2021년 3월 30일 08시,화요일,서울특별시 마포구 망원동,중상사고,0,1,0,0,차대사람 - 차도통행중,안전운전불이행,건조,맑음,교차로 - 교차로안,승용,여,44세,상해없음,보행자,여,78.0,중상,서울특별시 마포구
2021033000100233,2021년 3월 30일 12시,화요일,서울특별시 강북구 번동,중상사고,0,1,0,0,차대사람 - 길가장자리구역통행중,기타,건조,맑음,단일로 - 기타,승용,남,59세,상해없음,보행자,남,82.0,중상,서울특별시 강북구
2021033000100260,2021년 3월 30일 13시,화요일,서울특별시 강서구 화곡동,경상사고,0,0,1,0,차대사람 - 보도통행중,기타,건조,맑음,교차로 - 교차로횡단보도내,승용,여,52세,상해없음,보행자,여,65.0,경상,서울특별시 강서구
2021033000100296,2021년 3월 30일 14시,화요일,서울특별시 노원구 상계동,경상사고,0,0,1,0,차대사람 - 횡단중,안전운전불이행,건조,맑음,교차로 - 교차로횡단보도내,승합,남,63세,상해없음,보행자,여,66.0,경상,서울특별시 노원구
2021033000100405,2021년 3월 30일 17시,화요일,서울특별시 종로구 평창동,중상사고,0,1,0,0,차대사람 - 기타,안전운전불이행,건조,맑음,교차로 - 교차로안,승용,남,37세,상해없음,보행자,남,92.0,중상,서울특별시 종로구
2021033000100449,2021년 3월 30일 18시,화요일,서울특별시 송파구 잠실동,경상사고,0,0,1,0,차대사람 - 기타,안전운전불이행,건조,맑음,교차로 - 교차로안,기타불명,기타불명,미분류,기타불명,보행자,여,81.0,경상,서울특별시 송파구
2021033100100082,2021년 3월 31일 08시,수요일,서울특별시 노원구 공릉동,중상사고,0,1,0,0,차대사람 - 횡단중,안전운전불이행,건조,맑음,교차로 - 교차로안,승용,남,35세,상해없음,보행자,여,67.0,중상,서울특별시 노원구
2021033100100142,2021년 3월 31일 10시,수요일,서울특별시 성북구 성북동,중상사고,0,1,0,0,차대사람 - 기타,기타,건조,맑음,단일로 - 기타,승용,여,38세,상해없음,보행자,여,78.0,중상,서울특별시 성북구
2021033100100301,2021년 3월 31일 15시,수요일,서울특별시 구로구 구로동,중상사고,0,1,0,0,차대사람 - 기타,안전운전불이행,건조,맑음,교차로 - 교차로안,승용,남,38세,상해없음,보행자,여,72.0,중상,서울특별시 구로구
2021033100100439,2021년 3월 31일 18시,수요일,서울특별시 영등포구 신길동,중상사고,0,1,0,0,차대사람 - 기타,안전운전불이행,건조,맑음,단일로 - 기타,승합,남,72세,상해없음,보행자,남,68.0,중상,서울특별시 영등포구
2021040100100076,2021년 4월 1일 08시,목요일,서울특별시 송파구 풍납동,경상사고,0,0,1,0,차대사람 - 횡단중,보행자보호의무위반,건조,맑음,교차로 - 교차로횡단보도내,승용,여,56세,상해없음,보행자,여,76.0,경상,서울특별시 송파구
2021040100100116,2021년 4월 1일 09시,목요일,서울특별시 서초구 반포동,중상사고,0,1,0,0,차대사람 - 횡단중,안전운전불이행,건조,맑음,교차로 - 교차로횡단보도내,승용,여,54세,상해없음,보행자,남,80.0,중상,서울특별시 서초구
2021040100100176,2021년 4월 1일 11시,목요일,서울특별시 금천구 시흥동,중상사고,0,1,0,0,차대사람 - 횡단중,신호위반,건조,맑음,단일로 - 기타,승용,남,74세,상해없음,보행자,여,66.0,중상,서울특별시 금천구
2021040100100248,2021년 4월 1일 13시,목요일,서울특별시 은평구 응암동,중상사고,0,1,0,0,차대사람 - 횡단중,중앙선침범,건조,맑음,단일로 - 기타,화물,남,66세,상해없음,보행자,여,76.0,중상,서울특별시 은평구
2021040100100376,2021년 4월 1일 16시,목요일,서울특별시 강남구 개포동,중상사고,0,1,0,1,차대사람 - 보도통행중,안전운전불이행,건조,맑음,단일로 - 기타,자전거,남,14세,부상신고,보행자,여,67.0,중상,서울특별시 강남구
2021040100100452,2021년 4월 1일 18시,목요일,서울특별시 강북구 번동,경상사고,0,0,1,0,차대사람 - 기타,안전운전불이행,건조,맑음,단일로 - 기타,승용,남,25세,상해없음,보행자,남,71.0,경상,서울특별시 강북구
2021040200100076,2021년 4월 2일 08시,금요일,서울특별시 송파구 잠실동,경상사고,0,0,1,0,차대사람 - 차도통행중,안전운전불이행,건조,맑음,단일로 - 기타,화물,남,39세,상해없음,보행자,여,71.0,경상,서울특별시 송파구
2021040200100078,2021년 4월 2일 08시,금요일,서울특별시 강남구 대치동,부상신고사고,0,0,0,1,차대사람 - 횡단중,보행자보호의무위반,건조,맑음,단일로 - 기타,자전거,여,52세,상해없음,보행자,남,67.0,부상신고,서울특별시 강남구
2021040200100317,2021년 4월 2일 15시,금요일,서울특별시 관악구 봉천동,중상사고,0,1,0,0,차대사람 - 횡단중,안전운전불이행,건조,맑음,교차로 - 교차로안,승용,남,43세,상해없음,보행자,여,80.0,중상,서울특별시 관악구
2021040200100353,2021년 4월 2일 16시,금요일,서울특별시 동대문구 휘경동,경상사고,0,0,1,0,차대사람 - 보도통행중,보행자보호의무위반,건조,맑음,교차로 - 교차로횡단보도내,화물,남,57세,상해없음,보행자,여,80.0,경상,서울특별시 동대문구
2021040300100100,2021년 4월 3일 10시,토요일,서울특별시 마포구 연남동,경상사고,0,0,1,0,차대사람 - 기타,안전운전불이행,젖음/습기,비,교차로 - 교차로부근,승용,남,27세,상해없음,보행자,남,84.0,경상,서울특별시 마포구
2021040300100328,2021년 4월 3일 16시,토요일,서울특별시 송파구 오금동,경상사고,0,0,1,0,차대사람 - 기타,안전운전불이행,건조,맑음,단일로 - 기타,승용,여,55세,상해없음,보행자,여,72.0,경상,서울특별시 송파구
2021040300100429,2021년 4월 3일 19시,토요일,서울특별시 관악구 신림동,중상사고,0,1,0,0,차대사람 - 횡단중,신호위반,젖음/습기,비,단일로 - 기타,이륜,남,28세,상해없음,보행자,여,66.0,중상,서울특별시 관악구
2021040300100561,2021년 4월 3일 22시,토요일,서울특별시 도봉구 창동,경상사고,0,0,1,0,차대사람 - 횡단중,안전운전불이행,젖음/습기,비,단일로 - 기타,승합,남,63세,상해없음,보행자,남,71.0,경상,서울특별시 도봉구
2021040400100057,2021년 4월 4일 08시,일요일,서울특별시 구로구 가리봉동,경상사고,0,0,1,0,차대사람 - 기타,안전운전불이행,건조,맑음,단일로 - 기타,승용,남,65세,상해없음,보행자,여,81.0,경상,서울특별시 구로구
2021040400100242,2021년 4월 4일 16시,일요일,서울특별시 구로구 개봉동,중상사고,0,1,0,0,차대사람 - 보도통행중,안전운전불이행,기타,맑음,단일로 - 기타,이륜,남,45세,상해없음,보행자,여,68.0,중상,서울특별시 구로구
2021040400100276,2021년 4월 4일 17시,일요일,서울특별시 관악구 신림동,중상사고,0,1,0,0,차대사람 - 기타,안전운전불이행,건조,맑음,교차로 - 교차로안,원동기,남,31세,기타불명,보행자,여,86.0,중상,서울특별시 관악구
2021040400100397,2021년 4월 4일 22시,일요일,서울특별시 도봉구 방학동,경상사고,0,0,1,0,차대사람 - 횡단중,안전운전불이행,기타,맑음,교차로 - 교차로부근,원동기,남,19세,상해없음,보행자,여,65.0,경상,서울특별시 도봉구
2021040500100168,2021년 4월 5일 10시,월요일,서울특별시 용산구 이태원동,경상사고,0,0,1,0,차대사람 - 길가장자리구역통행중,안전운전불이행,건조,맑음,단일로 - 기타,기타불명,기타불명,미분류,기타불명,보행자,여,82.0,경상,서울특별시 용산구
2021040500100174,2021년 4월 5일 10시,월요일,서울특별시 강서구 마곡동,중상사고,0,1,1,0,차대사람 - 기타,안전운전불이행,건조,맑음,교차로 - 교차로안,승용,남,39세,상해없음,보행자,여,65.0,중상,서울특별시 강서구
2021040500100175,2021년 4월 5일 10시,월요일,서울특별시 송파구 가락동,중상사고,0,1,0,0,차대사람 - 길가장자리구역통행중,안전운전불이행,건조,맑음,교차로 - 교차로안,승용,남,48세,상해없음,보행자,남,83.0,중상,서울특별시 송파구
2021040500100268,2021년 4월 5일 13시,월요일,서울특별시 서초구 서초동,경상사고,0,0,1,0,차대사람 - 기타,안전운전불이행,건조,맑음,교차로 - 교차로안,승용,남,64세,상해없음,보행자,남,75.0,경상,서울특별시 서초구
2021040500100441,2021년 4월 5일 17시,월요일,서울특별시 강북구 미아동,경상사고,0,0,1,0,차대사람 - 기타,안전운전불이행,건조,맑음,교차로 - 교차로부근,승용,남,66세,기타불명,보행자,여,76.0,경상,서울특별시 강북구
2021040500100492,2021년 4월 5일 18시,월요일,서울특별시 구로구 궁동,부상신고사고,0,0,0,1,차대사람 - 기타,안전운전불이행,건조,맑음,단일로 - 기타,자전거,남,13세,상해없음,보행자,여,65.0,부상신고,서울특별시 구로구
2021040600100108,2021년 4월 6일 09시,화요일,서울특별시 강남구 도곡동,경상사고,0,0,1,0,차대사람 - 길가장자리구역통행중,안전운전불이행,건조,맑음,교차로 - 교차로안,승용,남,36세,상해없음,보행자,여,75.0,경상,서울특별시 강남구
2021040600100188,2021년 4월 6일 12시,화요일,서울특별시 서대문구 홍제동,중상사고,0,1,0,0,차대사람 - 횡단중,보행자보호의무위반,건조,맑음,단일로 - 기타,승용,여,50세,상해없음,보행자,남,69.0,중상,서울특별시 서대문구