사고번호,사고일시,요일,시군구,사고내용,사망자수,중상자수,경상자수,부상신고자수,사고유형,법규위반,노면상태,기상상태,도로형태,가해운전자 차종,가해운전자 성별,가해운전자 연령,가해운전자 상해정도,피해운전자 차종,피해운전자 성별,피해운전자 연령,피해운전자 상해정도,구
2021040600100226,2021년 4월 6일 13시,화요일,서울특별시 강남구 논현동,사망사고,1,0,0,0,차대사람 - 기타,안전운전불이행,건조,맑음,단일로 - 기타,승용,남,25세,상해없음,보행자,남,67.0,사망,서울특별시 강남구
2021040600100321,2021년 4월 6일 16시,화요일,서울특별시 강북구 번동,중상사고,0,1,0,0,차대사람 - 기타,기타,건조,맑음,단일로 - 기타,승합,남,53세,상해없음,보행자,여,69.0,중상,서울특별시 강북구
2021040600100448,2021년 4월 6일 19시,화요일,서울특별시 동대문구 장안동,중상사고,0,1,0,0,차대사람 - 기타,안전운전불이행,건조,기타,교차로 - 교차로부근,승용,남,56세,상해없음,보행자,여,76.0,중상,서울특별시 동대문구
2021040600100451,2021년 4월 6일 19시,화요일,서울특별시 영등포구 신길동,중상사고,0,1,1,0,차대사람 - 횡단중,신호위반,건조,맑음,단일로 - 기타,이륜,남,29세,경상,보행자,남,76.0,중상,서울특별시 영등포구
2021040700100027,2021년 4월 7일 06시,수요일,서울특별시 성북구 길음동,경상사고,0,0,1,0,차대사람 - 횡단중,신호위반,건조,맑음,단일로 - 기타,승용,남,68세,상해없음,보행자,여,65.0,경상,서울특별시 성북구
2021040700100114,2021년 4월 7일 09시,수요일,서울특별시 은평구 응암동,경상사고,0,0,1,0,차대사람 - 보도통행중,보행자보호의무위반,건조,맑음,교차로 - 교차로횡단보도내,승용,남,69세,상해없음,보행자,여,81.0,경상,서울특별시 은평구
2021040700100145,2021년 4월 7일 10시,수요일,서울특별시 강서구 화곡동,중상사고,0,1,0,0,차대사람 - 횡단중,안전운전불이행,건조,맑음,교차로 - 교차로안,승용,남,62세,상해없음,보행자,여,68.0,중상,서울특별시 강서구
2021040700100270,2021년 4월 7일 14시,수요일,서울특별시 도봉구 창동,경상사고,0,0,1,0,차대사람 - 횡단중,안전운전불이행,기타,맑음,교차로 - 교차로안,화물,남,38세,상해없음,보행자,여,78.0,경상,서울특별시 도봉구
2021040700100399,2021년 4월 7일 17시,수요일,서울특별시 구로구 구로동,중상사고,0,1,0,0,차대사람 - 횡단중,안전운전불이행,건조,맑음,단일로 - 기타,승용,남,65세,상해없음,보행자,남,71.0,중상,서울특별시 구로구
2021040700100446,2021년 4월 7일 18시,수요일,서울특별시 금천구 독산동,중상사고,0,1,0,0,차대사람 - 기타,안전운전불이행,건조,맑음,단일로 - 기타,승용,남,48세,상해없음,보행자,여,87.0,중상,서울특별시 금천구
2021040700100502,2021년 4월 7일 19시,수요일,서울특별시 영등포구 여의도동,경상사고,0,0,1,0,차대사람 - 횡단중,보행자보호의무위반,건조,맑음,교차로 - 교차로안,승용,남,47세,상해없음,보행자,남,65.0,경상,서울특별시 영등포구
2021040700100576,2021년 4월 7일 21시,수요일,서울특별시 강동구 암사동,중상사고,0,1,0,0,차대사람 - 차도통행중,안전운전불이행,건조,맑음,단일로 - 기타,이륜,남,55세,상해없음,보행자,여,68.0,중상,서울특별시 강동구
2021040800100030,2021년 4월 8일 05시,목요일,서울특별시 강동구 둔촌동,중상사고,0,1,0,0,차대사람 - 기타,안전운전불이행,건조,맑음,단일로 - 기타,원동기,남,24세,기타불명,보행자,남,75.0,중상,서울특별시 강동구
2021040800100086,2021년 4월 8일 08시,목요일,서울특별시 중랑구 망우동,경상사고,0,0,1,0,차대사람 - 횡단중,보행자보호의무위반,건조,맑음,교차로 - 교차로횡단보도내,승용,여,27세,상해없음,보행자,남,66.0,경상,서울특별시 중랑구
2021040800100192,2021년 4월 8일 11시,목요일,서울특별시 중구 예장동,경상사고,0,0,2,0,차대사람 - 보도통행중,안전운전불이행,건조,맑음,단일로 - 기타,자전거,남,20세,경상,보행자,여,66.0,경상,서울특별시 중구
2021040800100193,2021년 4월 8일 11시,목요일,서울특별시 성북구 정릉동,경상사고,0,0,1,0,차대사람 - 기타,안전운전불이행,건조,맑음,단일로 - 기타,승합,남,64세,상해없음,보행자,남,85.0,경상,서울특별시 성북구
2021040800100227,2021년 4월 8일 12시,목요일,서울특별시 중구 예장동,중상사고,0,1,0,0,차대사람 - 길가장자리구역통행중,안전운전불이행,건조,맑음,단일로 - 기타,승용,남,63세,상해없음,보행자,여,74.0,중상,서울특별시 중구
2021040800100369,2021년 4월 8일 16시,목요일,서울특별시 도봉구 창동,중상사고,0,1,0,1,차대사람 - 횡단중,안전운전불이행,건조,맑음,단일로 - 기타,이륜,남,28세,부상신고,보행자,여,77.0,중상,서울특별시 도봉구
2021040800100406,2021년 4월 8일 17시,목요일,서울특별시 동대문구 제기동,중상사고,0,1,0,0,차대사람 - 기타,안전운전불이행,건조,맑음,단일로 - 기타,승용,여,42세,상해없음,보행자,여,73.0,중상,서울특별시 동대문구
2021040800100410,2021년 4월 8일 17시,목요일,서울특별시 송파구 마천동,중상사고,0,1,0,0,차대사람 - 차도통행중,보행자보호의무위반,건조,맑음,교차로 - 교차로횡단보도내,승용,남,70세,상해없음,보행자,남,78.0,중상,서울특별시 송파구
2021040900100112,2021년 4월 9일 09시,금요일,서울특별시 중구 황학동,중상사고,0,1,0,0,차대사람 - 차도통행중,안전운전불이행,건조,맑음,교차로 - 교차로부근,원동기,여,57세,상해없음,보행자,여,71.0,중상,서울특별시 중구
2021040900100316,2021년 4월 9일 15시,금요일,서울특별시 강동구 강일동,중상사고,0,1,0,0,차대사람 - 차도통행중,안전운전불이행,건조,맑음,단일로 - 기타,자전거,남,54세,상해없음,보행자,여,79.0,중상,서울특별시 강동구
2021040900100356,2021년 4월 9일 16시,금요일,서울특별시 동대문구 전농동,경상사고,0,0,1,0,차대사람 - 기타,안전운전불이행,건조,맑음,단일로 - 기타,승합,남,56세,상해없음,보행자,남,66.0,경상,서울특별시 동대문구
2021040900100473,2021년 4월 9일 18시,금요일,서울특별시 서대문구 창천동,중상사고,0,1,0,0,차대사람 - 횡단중,안전운전불이행,건조,맑음,단일로 - 기타,자전거,남,31세,상해없음,보행자,남,69.0,중상,서울특별시 서대문구
2021041000100034,2021년 4월 10일 06시,토요일,서울특별시 구로구 개봉동,중상사고,0,1,0,0,차대사람 - 횡단중,보행자보호의무위반,건조,맑음,교차로 - 교차로횡단보도내,화물,남,48세,상해없음,보행자,남,71.0,중상,서울특별시 구로구
2021041000100044,2021년 4월 10일 07시,토요일,서울특별시 도봉구 창동,중상사고,0,2,0,0,차대사람 - 횡단중,신호위반,건조,맑음,교차로 - 교차로안,이륜,남,48세,상해없음,보행자,여,74.0,중상,서울특별시 도봉구
2021041000100080,2021년 4월 10일 09시,토요일,서울특별시 노원구 중계동,경상사고,0,0,1,0,차대사람 - 차도통행중,안전운전불이행,건조,맑음,교차로 - 교차로부근,승용,남,48세,상해없음,보행자,남,71.0,경상,서울특별시 노원구
2021041000100082,2021년 4월 10일 09시,토요일,서울특별시 강남구 개포동,중상사고,0,1,0,0,차대사람 - 기타,안전운전불이행,건조,맑음,단일로 - 기타,건설기계,남,52세,상해없음,보행자,남,66.0,중상,서울특별시 강남구
2021041000100111,2021년 4월 10일 10시,토요일,서울특별시 성동구 응봉동,경상사고,0,0,1,0,차대사람 - 기타,안전운전불이행,건조,맑음,교차로 - 교차로부근,기타불명,기타불명,미분류,기타불명,보행자,여,66.0,경상,서울특별시 성동구
2021041000100145,2021년 4월 10일 11시,토요일,서울특별시 강남구 신사동,부상신고사고,0,0,0,1,차대사람 - 기타,안전운전불이행,건조,맑음,단일로 - 기타,승용,남,32세,상해없음,보행자,남,68.0,부상신고,서울특별시 강남구
2021041000100577,2021년 4월 10일 22시,토요일,서울특별시 구로구 고척동,경상사고,0,0,1,0,차대사람 - 기타,안전운전불이행,건조,맑음,단일로 - 기타,승합,남,61세,상해없음,보행자,남,67.0,경상,서울특별시 구로구
2021041100100087,2021년 4월 11일 10시,일요일,서울특별시 강남구 개포동,중상사고,0,1,0,0,차대사람 - 횡단중,보행자보호의무위반,건조,맑음,단일로 - 기타,승합,남,62세,상해없음,보행자,여,70.0,중상,서울특별시 강남구
2021041100100147,2021년 4월 11일 12시,일요일,서울특별시 강동구 강일동,부상신고사고,0,0,0,1,차대사람 - 횡단중,기타,적설,맑음,단일로 - 기타,자전거,남,24세,상해없음,보행자,여,67.0,부상신고,서울특별시 강동구
2021041100100209,2021년 4월 11일 14시,일요일,서울특별시 노원구 상계동,중상사고,0,1,0,0,차대사람 - 횡단중,보행자보호의무위반,건조,맑음,교차로 - 교차로안,승용,남,43세,상해없음,보행자,여,80.0,중상,서울특별시 노원구
2021041200100041,2021년 4월 12일 07시,월요일,서울특별시 강동구 둔촌동,부상신고사고,0,0,0,1,차대사람 - 기타,안전운전불이행,건조,맑음,교차로 - 교차로안,승용,남,47세,상해없음,보행자,남,79.0,부상신고,서울특별시 강동구
2021041200100066,2021년 4월 12일 08시,월요일,서울특별시 용산구 효창동,중상사고,0,1,0,0,차대사람 - 기타,안전운전불이행,건조,맑음,교차로 - 교차로안,승합,남,61세,상해없음,보행자,여,72.0,중상,서울특별시 용산구
2021041200100127,2021년 4월 12일 10시,월요일,서울특별시 서대문구 홍제동,경상사고,0,0,1,0,차대사람 - 차도통행중,안전운전불이행,건조,맑음,단일로 - 기타,승용,여,48세,상해없음,보행자,여,71.0,경상,서울특별시 서대문구
2021041200100159,2021년 4월 12일 11시,월요일,서울특별시 동대문구 장안동,부상신고사고,0,0,0,1,차대사람 - 차도통행중,안전운전불이행,건조,맑음,단일로 - 기타,승용,남,78세,상해없음,보행자,남,75.0,부상신고,서울특별시 동대문구
2021041200100160,2021년 4월 12일 11시,월요일,서울특별시 동작구 흑석동,중상사고,0,1,0,0,차대사람 - 횡단중,보행자보호의무위반,건조,맑음,교차로 - 교차로안,건설기계,남,57세,상해없음,보행자,남,80.0,중상,서울특별시 동작구
2021041200100191,2021년 4월 12일 12시,월요일,서울특별시 강서구 화곡동,중상사고,0,1,0,0,차대사람 - 기타,안전운전불이행,젖음/습기,비,교차로 - 교차로부근,승용,남,75세,상해없음,보행자,여,80.0,중상,서울특별시 강서구
2021041200100225,2021년 4월 12일 13시,월요일,서울특별시 강서구 화곡동,경상사고,0,0,1,0,차대사람 - 횡단중,보행자보호의무위반,젖음/습기,비,단일로 - 기타,승용,남,45세,상해없음,보행자,여,69.0,경상,서울특별시 강서구
2021041200100290,2021년 4월 12일 15시,월요일,서울특별시 서대문구 홍제동,부상신고사고,0,0,0,1,차대사람 - 기타,기타,건조,맑음,단일로 - 기타,승합,남,48세,상해없음,보행자,여,65.0,부상신고,서울특별시 서대문구
2021041200100453,2021년 4월 12일 19시,월요일,서울특별시 강남구 역삼동,중상사고,0,1,0,0,차대사람 - 기타,안전운전불이행,젖음/습기,비,단일로 - 기타,승용,남,65세,상해없음,보행자,남,65.0,중상,서울특별시 강남구
2021041300100044,2021년 4월 13일 06시,화요일,서울특별시 성북구 하월곡동,중상사고,0,1,0,0,차대사람 - 횡단중,안전운전불이행,젖음/습기,비,단일로 - 기타,승용,남,26세,상해없음,보행자,여,69.0,중상,서울특별시 성북구
2021041300100058,2021년 4월 13일 07시,화요일,서울특별시 강동구 강일동,중상사고,0,1,0,0,차대사람 - 기타,안전운전불이행,건조,맑음,단일로 - 기타,화물,남,32세,상해없음,보행자,남,84.0,중상,서울특별시 강동구
2021041300100124,2021년 4월 13일 09시,화요일,서울특별시 동작구 사당동,경상사고,0,0,1,0,차대사람 - 기타,안전운전불이행,건조,맑음,단일로 - 기타,승용,남,70세,상해없음,보행자,여,67.0,경상,서울특별시 동작구
2021041300100180,2021년 4월 13일 11시,화요일,서울특별시 강남구 대치동,경상사고,0,0,1,0,차대사람 - 길가장자리구역통행중,안전운전불이행,건조,맑음,단일로 - 기타,승용,여,40세,상해없음,보행자,여,71.0,경상,서울특별시 강남구
2021041300100203,2021년 4월 13일 12시,화요일,서울특별시 중구 신당동,중상사고,0,1,0,0,차대사람 - 보도통행중,기타,건조,맑음,단일로 - 기타,원동기,여,67세,상해없음,보행자,남,75.0,중상,서울특별시 중구
2021041300100267,2021년 4월 13일 14시,화요일,서울특별시 송파구 문정동,중상사고,0,1,0,0,차대사람 - 보도통행중,보행자보호의무위반,건조,맑음,교차로 - 교차로횡단보도내,승용,남,76세,상해없음,보행자,남,71.0,중상,서울특별시 송파구
2021041300100394,2021년 4월 13일 17시,화요일,서울특별시 성동구 성수동2가,경상사고,0,0,1,0,차대사람 - 기타,안전운전불이행,건조,맑음,기타 - 기타,승용,남,35세,상해없음,보행자,여,72.0,경상,서울특별시 성동구
2021041400100125,2021년 4월 14일 10시,수요일,서울특별시 강남구 청담동,경상사고,0,0,1,0,차대사람 - 보도통행중,보행자보호의무위반,건조,맑음,교차로 - 교차로횡단보도내,승용,남,56세,상해없음,보행자,남,82.0,경상,서울특별시 강남구
2021041400100128,2021년 4월 14일 10시,수요일,서울특별시 서초구 양재동,중상사고,0,1,0,0,차대사람 - 기타,안전운전불이행,건조,맑음,단일로 - 기타,승용,여,38세,상해없음,보행자,남,67.0,중상,서울특별시 서초구
2021041400100172,2021년 4월 14일 12시,수요일,서울특별시 성동구 용답동,경상사고,0,0,1,0,차대사람 - 차도통행중,안전운전불이행,건조,맑음,단일로 - 기타,승용,여,50세,상해없음,보행자,남,69.0,경상,서울특별시 성동구
2021041500100192,2021년 4월 15일 12시,목요일,서울특별시 동대문구 답십리동,경상사고,0,0,1,0,차대사람 - 기타,안전운전불이행,기타,맑음,교차로 - 교차로부근,승용,여,53세,상해없음,보행자,여,67.0,경상,서울특별시 동대문구
2021041500100228,2021년 4월 15일 13시,목요일,서울특별시 성북구 정릉동,중상사고,0,1,0,0,차대사람 - 횡단중,안전운전불이행,건조,맑음,단일로 - 기타,화물,남,72세,상해없음,보행자,여,82.0,중상,서울특별시 성북구
2021041500100299,2021년 4월 15일 15시,목요일,서울특별시 양천구 신월동,중상사고,0,1,0,0,차대사람 - 기타,안전운전불이행,건조,맑음,단일로 - 기타,승용,남,32세,상해없음,보행자,여,85.0,중상,서울특별시 양천구
2021041500100518,2021년 4월 15일 20시,목요일,서울특별시 관악구 봉천동,중상사고,0,1,0,0,차대사람 - 기타,안전운전불이행,건조,맑음,교차로 - 교차로안,승용,남,50세,상해없음,보행자,여,73.0,중상,서울특별시 관악구
2021041600100161,2021년 4월 16일 11시,금요일,서울특별시 강서구 가양동,사망사고,1,0,0,0,차대사람 - 횡단중,신호위반,젖음/습기,비,교차로 - 교차로횡단보도내,화물,남,61세,상해없음,보행자,남,76.0,사망,서울특별시 강서구
2021041600100187,2021년 4월 16일 12시,금요일,서울특별시 관악구 신림동,중상사고,0,1,0,0,차대사람 - 기타,기타,젖음/습기,비,단일로 - 기타,승합,남,66세,상해없음,보행자,남,85.0,중상,서울특별시 관악구
2021041600100351,2021년 4월 16일 17시,금요일,서울특별시 강서구 방화동,중상사고,0,1,0,0,차대사람 - 기타,안전운전불이행,건조,맑음,단일로 - 기타,승합,남,63세,상해없음,보행자,여,69.0,중상,서울특별시 강서구
2021041700100062,2021년 4월 17일 07시,토요일,서울특별시 성북구 종암동,경상사고,0,0,1,0,차대사람 - 기타,안전운전불이행,건조,맑음,단일로 - 기타,승용,남,31세,상해없음,보행자,남,78.0,경상,서울특별시 성북구
2021041700100079,2021년 4월 17일 08시,토요일,서울특별시 노원구 상계동,중상사고,0,1,0,0,차대사람 - 횡단중,안전운전불이행,건조,맑음,단일로 - 기타,화물,남,41세,상해없음,보행자,여,78.0,중상,서울특별시 노원구
2021041700100275,2021년 4월 17일 14시,토요일,서울특별시 송파구 마천동,중상사고,0,1,0,0,차대사람 - 기타,안전운전불이행,건조,맑음,교차로 - 교차로안,승용,남,49세,상해없음,보행자,여,72.0,중상,서울특별시 송파구
2021041700100405,2021년 4월 17일 17시,토요일,서울특별시 관악구 봉천동,중상사고,0,1,0,0,차대사람 - 횡단중,안전운전불이행,건조,맑음,단일로 - 기타,이륜,남,21세,상해없음,보행자,여,71.0,중상,서울특별시 관악구
2021041700100513,2021년 4월 17일 20시,토요일,서울특별시 동작구 신대방동,경상사고,0,0,2,0,차대사람 - 보도통행중,기타,건조,맑음,단일로 - 기타,이륜,남,29세,경상,보행자,여,69.0,경상,서울특별시 동작구
2021041800100136,2021년 4월 18일 13시,일요일,서울특별시 용산구 이태원동,중상사고,0,1,0,0,차대사람 - 횡단중,안전운전불이행,건조,맑음,단일로 - 기타,승용,남,47세,상해없음,보행자,여,77.0,중상,서울특별시 용산구
2021041800100230,2021년 4월 18일 16시,일요일,서울특별시 구로구 천왕동,경상사고,0,0,1,0,차대사람 - 기타,안전운전불이행,건조,맑음,단일로 - 교량,이륜,남,22세,상해없음,보행자,여,79.0,경상,서울특별시 구로구
2021041900100161,2021년 4월 19일 10시,월요일,서울특별시 구로구 구로동,경상사고,0,0,1,0,차대사람 - 기타,안전운전불이행,건조,맑음,단일로 - 기타,자전거,남,69세,상해없음,보행자,여,87.0,경상,서울특별시 구로구
2021041900100194,2021년 4월 19일 11시,월요일,서울특별시 성동구 금호동4가,경상사고,0,0,1,0,차대사람 - 횡단중,안전운전불이행,건조,맑음,단일로 - 기타,자전거,남,72세,상해없음,보행자,여,71.0,경상,서울특별시 성동구
2021041900100440,2021년 4월 19일 18시,월요일,서울특별시 성북구 하월곡동,경상사고,0,0,1,0,차대사람 - 횡단중,보행자보호의무위반,건조,맑음,교차로 - 교차로횡단보도내,승용,남,42세,상해없음,보행자,여,73.0,경상,서울특별시 성북구
2021041900100469,2021년 4월 19일 19시,월요일,서울특별시 구로구 구로동,경상사고,0,0,1,0,차대사람 - 횡단중,신호위반,건조,맑음,교차로 - 교차로횡단보도내,승용,남,47세,상해없음,보행자,남,65.0,경상,서울특별시 구로구
2021041900100502,2021년 4월 19일 20시,월요일,서울특별시 마포구 서교동,경상사고,0,0,1,0,차대사람 - 횡단중,신호위반,건조,맑음,교차로 - 교차로횡단보도내,이륜,남,17세,상해없음,보행자,여,77.0,경상,서울특별시 마포구
2021041900100532,2021년 4월 19일 21시,월요일,서울특별시 서초구 양재동,경상사고,0,0,1,0,차대사람 - 횡단중,신호위반,건조,맑음,교차로 - 교차로횡단보도내,승용,여,44세,상해없음,보행자,여,67.0,경상,서울특별시 서초구
2021042000100065,2021년 4월 20일 08시,화요일,서울특별시 영등포구 신길동,중상사고,0,1,0,0,차대사람 - 기타,안전운전불이행,건조,맑음,교차로 - 교차로안,승용,여,55세,상해없음,보행자,여,79.0,중상,서울특별시 영등포구
2021042000100108,2021년 4월 20일 09시,화요일,서울특별시 중구 만리동2가,중상사고,0,1,0,0,차대사람 - 횡단중,신호위반,건조,맑음,교차로 - 교차로안,승용,남,34세,상해없음,보행자,여,85.0,중상,서울특별시 중구
2021042000100152,2021년 4월 20일 10시,화요일,서울특별시 강북구 수유동,경상사고,0,0,1,0,차대사람 - 횡단중,보행자보호의무위반,건조,맑음,교차로 - 교차로횡단보도내,승용,남,53세,상해없음,보행자,여,67.0,경상,서울특별시 강북구
2021042000100183,2021년 4월 20일 11시,화요일,서울특별시 서대문구 홍은동,경상사고,0,0,1,0,차대사람 - 기타,기타,건조,맑음,단일로 - 기타,원동기,남,83세,상해없음,보행자,여,83.0,경상,서울특별시 서대문구
2021042000100299,2021년 4월 20일 14시,화요일,서울특별시 은평구 진관동,경상사고,0,0,1,0,차대사람 - 횡단중,신호위반,건조,맑음,교차로 - 교차로횡단보도내,승용,남,87세,상해없음,보행자,여,66.0,경상,서울특별시 은평구
2021042000100333,2021년 4월 20일 15시,화요일,서울특별시 동대문구 장안동,경상사고,0,0,1,0,차대사람 - 기타,안전운전불이행,건조,맑음,단일로 - 기타,승합,남,57세,상해없음,보행자,여,71.0,경상,서울특별시 동대문구
2021042000100371,2021년 4월 20일 16시,화요일,서울특별시 관악구 신림동,중상사고,0,1,0,0,차대사람 - 차도통행중,안전운전불이행,건조,맑음,교차로 - 교차로안,승용,여,46세,상해없음,보행자,여,75.0,중상,서울특별시 관악구
2021042000100412,2021년 4월 20일 17시,화요일,서울특별시 중랑구 면목동,중상사고,0,1,0,0,차대사람 - 길가장자리구역통행중,안전운전불이행,건조,맑음,교차로 - 교차로안,승용,남,61세,상해없음,보행자,여,74.0,중상,서울특별시 중랑구
2021042000100460,2021년 4월 20일 18시,화요일,서울특별시 강동구 성내동,중상사고,0,1,0,0,차대사람 - 횡단중,안전운전불이행,건조,맑음,단일로 - 기타,이륜,남,51세,상해없음,보행자,여,76.0,중상,서울특별시 강동구
2021042000100565,2021년 4월 20일 21시,화요일,서울특별시 서초구 반포동,경상사고,0,0,1,0,차대사람 - 기타,안전운전불이행,건조,맑음,기타 - 기타,승합,남,64세,상해없음,보행자,여,69.0,경상,서울특별시 서초구
2021042100100214,2021년 4월 21일 12시,수요일,서울특별시 서초구 반포동,중상사고,0,1,0,0,차대사람 - 기타,신호위반,건조,맑음,단일로 - 기타,자전거,남,60세,상해없음,보행자,여,77.0,중상,서울특별시 서초구
2021042100100360,2021년 4월 21일 16시,수요일,서울특별시 강서구 공항동,중상사고,0,1,0,0,차대사람 - 기타,안전운전불이행,건조,맑음,단일로 - 기타,승합,남,55세,상해없음,보행자,남,80.0,중상,서울특별시 강서구
2021042100100504,2021년 4월 21일 19시,수요일,서울특별시 마포구 대흥동,중상사고,0,1,0,0,차대사람 - 보도통행중,신호위반,건조,맑음,교차로 - 교차로횡단보도내,이륜,기타불명,미분류,기타불명,보행자,여,76.0,중상,서울특별시 마포구
2021042200100001,2021년 4월 22일 00시,목요일,서울특별시 중구 신당동,중상사고,0,1,0,0,차대사람 - 횡단중,안전운전불이행,건조,흐림,교차로 - 교차로안,승용,남,26세,상해없음,보행자,여,65.0,중상,서울특별시 중구
2021042200100027,2021년 4월 22일 04시,목요일,서울특별시 구로구 구로동,중상사고,0,1,0,0,차대사람 - 횡단중,안전운전불이행,건조,맑음,단일로 - 기타,화물,남,58세,상해없음,보행자,여,71.0,중상,서울특별시 구로구
2021042200100038,2021년 4월 22일 06시,목요일,서울특별시 금천구 독산동,중상사고,0,1,0,0,차대사람 - 횡단중,보행자보호의무위반,건조,맑음,단일로 - 기타,승용,남,24세,상해없음,보행자,여,77.0,중상,서울특별시 금천구
2021042200100046,2021년 4월 22일 07시,목요일,서울특별시 양천구 신월동,중상사고,0,1,0,0,차대사람 - 차도통행중,안전운전불이행,건조,맑음,단일로 - 기타,승용,여,28세,상해없음,보행자,여,66.0,중상,서울특별시 양천구
2021042200100107,2021년 4월 22일 09시,목요일,서울특별시 강동구 성내동,경상사고,0,0,1,0,차대사람 - 횡단중,안전운전불이행,건조,맑음,교차로 - 교차로안,화물,남,61세,상해없음,보행자,여,70.0,경상,서울특별시 강동구
2021042200100147,2021년 4월 22일 10시,목요일,서울특별시 서초구 양재동,중상사고,0,1,0,0,차대사람 - 차도통행중,안전운전불이행,건조,맑음,교차로 - 교차로부근,특수,남,47세,상해없음,보행자,남,65.0,중상,서울특별시 서초구
2021042200100282,2021년 4월 22일 14시,목요일,서울특별시 동대문구 제기동,경상사고,0,0,1,0,차대사람 - 차도통행중,안전운전불이행,건조,맑음,단일로 - 기타,화물,남,35세,상해없음,보행자,여,72.0,경상,서울특별시 동대문구
2021042200100559,2021년 4월 22일 22시,목요일,서울특별시 서초구 양재동,중상사고,0,1,0,0,차대사람 - 기타,안전운전불이행,건조,맑음,단일로 - 기타,승합,남,50세,상해없음,보행자,남,74.0,중상,서울특별시 서초구
2021042300100037,2021년 4월 23일 06시,금요일,서울특별시 영등포구 영등포동6가,중상사고,0,1,0,0,차대사람 - 기타,안전운전불이행,기타,맑음,주차장 - 주차장,승용,남,54세,상해없음,보행자,남,78.0,중상,서울특별시 영등포구
2021042300100342,2021년 4월 23일 15시,금요일,서울특별시 노원구 공릉동,경상사고,0,0,1,0,차대사람 - 기타,안전운전불이행,건조,맑음,기타 - 기타,이륜,남,19세,상해없음,보행자,여,93.0,경상,서울특별시 노원구
2021042300100343,2021년 4월 23일 15시,금요일,서울특별시 도봉구 도봉동,중상사고,0,1,0,0,차대사람 - 차도통행중,안전운전불이행,기타,맑음,단일로 - 기타,승용,여,32세,상해없음,보행자,남,71.0,중상,서울특별시 도봉구
2021042400100152,2021년 4월 24일 11시,토요일,서울특별시 강동구 천호동,중상사고,0,1,0,0,차대사람 - 횡단중,보행자보호의무위반,건조,맑음,교차로 - 교차로안,승용,남,40세,상해없음,보행자,여,67.0,중상,서울특별시 강동구
2021042400100156,2021년 4월 24일 11시,토요일,서울특별시 강남구 수서동,중상사고,0,1,0,0,차대사람 - 기타,안전운전불이행,건조,맑음,단일로 - 기타,자전거,남,13세,기타불명,보행자,남,67.0,중상,서울특별시 강남구
2021042400100193,2021년 4월 24일 12시,토요일,서울특별시 중랑구 중화동,사망사고,1,0,0,0,차대사람 - 횡단중,안전운전불이행,건조,맑음,단일로 - 기타,건설기계,남,51세,상해없음,보행자,여,84.0,사망,서울특별시 중랑구
2021042400100351,2021년 4월 24일 16시,토요일,서울특별시 송파구 석촌동,경상사고,0,0,1,0,차대사람 - 횡단중,보행자보호의무위반,건조,맑음,교차로 - 교차로횡단보도내,승용,남,54세,상해없음,보행자,여,65.0,경상,서울특별시 송파구
2021042400100425,2021년 4월 24일 18시,토요일,서울특별시 은평구 신사동,중상사고,0,1,0,0,차대사람 - 기타,안전운전불이행,건조,맑음,교차로 - 교차로부근,승용,남,55세,상해없음,보행자,여,77.0,중상,서울특별시 은평구
2021042400100467,2021년 4월 24일 19시,토요일,서울특별시 마포구 대흥동,경상사고,0,0,1,0,차대사람 - 기타,안전운전불이행,건조,맑음,교차로 - 교차로안,개인형이동수단(PM),남,15세,상해없음,보행자,여,66.0,경상,서울특별시 마포구
2021042400100550,2021년 4월 24일 21시,토요일,서울특별시 금천구 독산동,중상사고,0,1,0,0,차대사람 - 길가장자리구역통행중,안전운전불이행,건조,맑음,단일로 - 기타,승용,여,50세,상해없음,보행자,남,69.0,중상,서울특별시 금천구
2021042500100100,2021년 4월 25일 11시,일요일,서울특별시 광진구 중곡동,경상사고,0,0,1,0,차대사람 - 차도통행중,안전운전불이행,건조,맑음,단일로 - 기타,승용,여,35세,상해없음,보행자,남,65.0,경상,서울특별시 광진구
2021042500100135,2021년 4월 25일 12시,일요일,서울특별시 성동구 사근동,중상사고,0,1,0,0,차대사람 - 기타,안전운전불이행,건조,맑음,단일로 - 기타,자전거,남,45세,상해없음,보행자,여,71.0,중상,서울특별시 성동구
2021042500100140,2021년 4월 25일 12시,일요일,서울특별시 은평구 불광동,중상사고,0,1,0,0,차대사람 - 보도통행중,기타,건조,맑음,단일로 - 기타,자전거,남,13세,상해없음,보행자,여,73.0,중상,서울특별시 은평구
2021042500100454,2021년 4월 25일 21시,일요일,서울특별시 서초구 방배동,경상사고,0,0,1,0,차대사람 - 기타,안전운전불이행,건조,맑음,기타 - 기타,승합,남,60세,상해없음,보행자,남,76.0,경상,서울특별시 서초구
2021042600100040,2021년 4월 26일 07시,월요일,서울특별시 노원구 공릉동,사망사고,1,0,0,0,차대사람 - 차도통행중,안전운전불이행,건조,맑음,단일로 - 기타,화물,남,60세,상해없음,보행자,여,73.0,사망,서울특별시 노원구
2021042600100128,2021년 4월 26일 09시,월요일,서울특별시 강서구 방화동,사망사고,1,0,0,0,차대사람 - 보도통행중,보행자보호의무위반,건조,맑음,교차로 - 교차로부근,화물,남,35세,상해없음,보행자,여,77.0,사망,서울특별시 강서구
2021042600100198,2021년 4월 26일 11시,월요일,서울특별시 동작구 노량진동,경상사고,0,0,1,0,차대사람 - 기타,안전운전불이행,건조,맑음,단일로 - 기타,승용,여,38세,상해없음,보행자,여,69.0,경상,서울특별시 동작구