사고번호,사고일시,요일,시군구,사고내용,사망자수,중상자수,경상자수,부상신고자수,사고유형,법규위반,노면상태,기상상태,도로형태,가해운전자 차종,가해운전자 성별,가해운전자 연령,가해운전자 상해정도,피해운전자 차종,피해운전자 성별,피해운전자 연령,피해운전자 상해정도,구
2021042600100253,2021년 4월 26일 13시,월요일,서울특별시 강서구 화곡동,중상사고,0,1,0,0,차대사람 - 기타,안전운전불이행,건조,맑음,단일로 - 기타,화물,남,54세,상해없음,보행자,여,74.0,중상,서울특별시 강서구
2021042600100420,2021년 4월 26일 17시,월요일,서울특별시 구로구 구로동,경상사고,0,0,1,0,차대사람 - 차도통행중,안전운전불이행,건조,맑음,단일로 - 기타,승용,남,76세,상해없음,보행자,남,76.0,경상,서울특별시 구로구
2021042600100535,2021년 4월 26일 20시,월요일,서울특별시 성북구 삼선동5가,중상사고,0,1,0,0,차대사람 - 차도통행중,안전운전불이행,건조,맑음,교차로 - 교차로안,승용,남,34세,상해없음,보행자,여,74.0,중상,서울특별시 성북구
2021042700100160,2021년 4월 27일 11시,화요일,서울특별시 도봉구 창동,중상사고,0,1,0,0,차대사람 - 횡단중,안전운전불이행,건조,맑음,교차로 - 교차로횡단보도내,승합,남,60세,상해없음,보행자,여,72.0,중상,서울특별시 도봉구
2021042700100193,2021년 4월 27일 12시,화요일,서울특별시 양천구 목동,중상사고,0,1,0,0,차대사람 - 기타,기타,건조,맑음,기타 - 기타,승용,남,65세,상해없음,보행자,여,76.0,중상,서울특별시 양천구
2021042700100290,2021년 4월 27일 15시,화요일,서울특별시 성북구 길음동,중상사고,0,1,0,0,차대사람 - 기타,안전운전불이행,건조,맑음,단일로 - 기타,승합,남,66세,상해없음,보행자,여,84.0,중상,서울특별시 성북구
2021042700100292,2021년 4월 27일 15시,화요일,서울특별시 금천구 가산동,중상사고,0,1,0,0,차대사람 - 횡단중,보행자보호의무위반,건조,맑음,교차로 - 교차로부근,승용,남,67세,상해없음,보행자,여,73.0,중상,서울특별시 금천구
2021042700100293,2021년 4월 27일 15시,화요일,서울특별시 관악구 봉천동,중상사고,0,1,0,0,차대사람 - 차도통행중,보행자보호의무위반,건조,맑음,교차로 - 교차로안,화물,남,36세,상해없음,보행자,여,73.0,중상,서울특별시 관악구
2021042700100365,2021년 4월 27일 17시,화요일,서울특별시 강남구 역삼동,경상사고,0,0,1,0,차대사람 - 기타,안전운전불이행,젖음/습기,흐림,단일로 - 기타,승용,남,59세,상해없음,보행자,남,65.0,경상,서울특별시 강남구
2021042700100492,2021년 4월 27일 20시,화요일,서울특별시 도봉구 방학동,중상사고,0,1,1,0,차대사람 - 횡단중,보행자보호의무위반,건조,맑음,교차로 - 교차로부근,승용,남,72세,상해없음,보행자,남,74.0,경상,서울특별시 도봉구
2021042800100026,2021년 4월 28일 04시,수요일,서울특별시 강동구 암사동,중상사고,0,1,0,0,차대사람 - 차도통행중,안전운전불이행,젖음/습기,흐림,단일로 - 기타,승용,남,61세,상해없음,보행자,남,68.0,중상,서울특별시 강동구
2021042800100358,2021년 4월 28일 17시,수요일,서울특별시 동작구 노량진동,중상사고,0,1,0,0,차대사람 - 기타,기타,건조,맑음,교차로 - 교차로부근,승합,남,64세,상해없음,보행자,여,68.0,중상,서울특별시 동작구
2021042800100440,2021년 4월 28일 19시,수요일,서울특별시 구로구 개봉동,경상사고,0,0,1,0,차대사람 - 기타,안전운전불이행,건조,맑음,단일로 - 기타,승용,남,58세,상해없음,보행자,남,70.0,경상,서울특별시 구로구
2021042800100472,2021년 4월 28일 20시,수요일,서울특별시 강동구 암사동,중상사고,0,1,0,0,차대사람 - 기타,기타,건조,맑음,기타 - 기타,승용,여,53세,상해없음,보행자,여,72.0,중상,서울특별시 강동구
2021042800100533,2021년 4월 28일 22시,수요일,서울특별시 관악구 봉천동,경상사고,0,0,1,0,차대사람 - 기타,안전운전불이행,건조,맑음,단일로 - 기타,승용,남,31세,상해없음,보행자,남,69.0,경상,서울특별시 관악구
2021042900100080,2021년 4월 29일 08시,목요일,서울특별시 동대문구 회기동,경상사고,0,0,1,0,차대사람 - 기타,안전운전불이행,건조,맑음,단일로 - 기타,승용,남,40세,상해없음,보행자,여,67.0,경상,서울특별시 동대문구
2021042900100239,2021년 4월 29일 13시,목요일,서울특별시 영등포구 신길동,경상사고,0,0,1,0,차대사람 - 기타,안전운전불이행,건조,맑음,단일로 - 기타,화물,남,66세,상해없음,보행자,여,79.0,경상,서울특별시 영등포구
2021042900100305,2021년 4월 29일 15시,목요일,서울특별시 종로구 혜화동,중상사고,0,1,0,0,차대사람 - 횡단중,안전운전불이행,건조,맑음,단일로 - 기타,승용,남,31세,상해없음,보행자,여,79.0,중상,서울특별시 종로구
2021042900100309,2021년 4월 29일 15시,목요일,서울특별시 서초구 서초동,중상사고,0,1,0,0,차대사람 - 기타,안전운전불이행,건조,맑음,단일로 - 기타,화물,남,62세,상해없음,보행자,남,83.0,중상,서울특별시 서초구
2021042900100440,2021년 4월 29일 18시,목요일,서울특별시 도봉구 도봉동,경상사고,0,0,1,0,차대사람 - 횡단중,안전운전불이행,건조,맑음,교차로 - 교차로안,승용,여,66세,상해없음,보행자,여,68.0,경상,서울특별시 도봉구
2021043000100124,2021년 4월 30일 09시,금요일,서울특별시 강동구 암사동,중상사고,0,1,0,0,차대사람 - 횡단중,신호위반,건조,맑음,교차로 - 교차로안,화물,남,52세,상해없음,보행자,여,69.0,중상,서울특별시 강동구
2021043000100125,2021년 4월 30일 09시,금요일,서울특별시 은평구 불광동,중상사고,0,1,0,0,차대사람 - 횡단중,보행자보호의무위반,건조,맑음,교차로 - 교차로횡단보도내,승용,남,59세,상해없음,보행자,여,75.0,중상,서울특별시 은평구
2021043000100215,2021년 4월 30일 12시,금요일,서울특별시 구로구 오류동,중상사고,0,1,0,0,차대사람 - 차도통행중,안전운전불이행,건조,맑음,단일로 - 기타,승용,여,40세,상해없음,보행자,여,65.0,중상,서울특별시 구로구
2021043000100254,2021년 4월 30일 13시,금요일,서울특별시 동대문구 전농동,중상사고,0,1,0,0,차대사람 - 기타,안전운전불이행,건조,흐림,단일로 - 기타,승용,남,25세,상해없음,보행자,여,72.0,중상,서울특별시 동대문구
2021043000100335,2021년 4월 30일 15시,금요일,서울특별시 양천구 신정동,경상사고,0,0,1,0,차대사람 - 기타,안전운전불이행,건조,맑음,단일로 - 기타,승용,남,77세,상해없음,보행자,여,66.0,경상,서울특별시 양천구
2021043000100419,2021년 4월 30일 17시,금요일,서울특별시 구로구 구로동,경상사고,0,0,1,0,차대사람 - 차도통행중,안전운전불이행,건조,맑음,교차로 - 교차로안,승용,여,24세,상해없음,보행자,남,67.0,경상,서울특별시 구로구
2021043000100561,2021년 4월 30일 20시,금요일,서울특별시 강북구 미아동,경상사고,0,0,1,0,차대사람 - 횡단중,안전운전불이행,건조,맑음,단일로 - 기타,승용,여,47세,상해없음,보행자,여,84.0,경상,서울특별시 강북구
2021050100100200,2021년 5월 1일 13시,토요일,서울특별시 성동구 성수동1가,부상신고사고,0,0,0,1,차대사람 - 기타,기타,건조,맑음,기타 - 기타,승용,남,64세,상해없음,보행자,남,73.0,부상신고,서울특별시 성동구
2021050100100422,2021년 5월 1일 19시,토요일,서울특별시 관악구 신림동,경상사고,0,0,1,0,차대사람 - 기타,안전운전불이행,건조,맑음,기타 - 기타,승합,남,65세,상해없음,보행자,여,80.0,경상,서울특별시 관악구
2021050200100075,2021년 5월 2일 09시,일요일,서울특별시 관악구 신림동,경상사고,0,0,1,0,차대사람 - 기타,안전운전불이행,건조,맑음,교차로 - 교차로안,승용,여,79세,상해없음,보행자,남,81.0,경상,서울특별시 관악구
2021050200100120,2021년 5월 2일 11시,일요일,서울특별시 노원구 상계동,경상사고,0,0,1,0,차대사람 - 차도통행중,안전운전불이행,건조,맑음,단일로 - 기타,승용,남,54세,상해없음,보행자,여,66.0,경상,서울특별시 노원구
2021050300100022,2021년 5월 3일 05시,월요일,서울특별시 동대문구 제기동,중상사고,0,1,0,0,차대사람 - 횡단중,안전운전불이행,건조,맑음,교차로 - 교차로부근,화물,남,64세,상해없음,보행자,여,79.0,중상,서울특별시 동대문구
2021050300100317,2021년 5월 3일 14시,월요일,서울특별시 성북구 안암동5가,경상사고,0,0,1,0,차대사람 - 기타,안전운전불이행,건조,맑음,교차로 - 교차로부근,승용,여,52세,기타불명,보행자,남,78.0,경상,서울특별시 성북구
2021050300100395,2021년 5월 3일 16시,월요일,서울특별시 중랑구 묵동,부상신고사고,0,0,0,1,차대사람 - 기타,안전운전불이행,건조,맑음,단일로 - 기타,기타불명,기타불명,미분류,기타불명,보행자,여,69.0,부상신고,서울특별시 중랑구
2021050300100399,2021년 5월 3일 16시,월요일,서울특별시 노원구 상계동,중상사고,0,1,0,0,차대사람 - 기타,기타,건조,맑음,단일로 - 기타,자전거,남,38세,상해없음,보행자,여,66.0,중상,서울특별시 노원구
2021050400100176,2021년 5월 4일 12시,화요일,서울특별시 영등포구 양평동4가,중상사고,0,1,0,0,차대사람 - 횡단중,보행자보호의무위반,건조,맑음,교차로 - 교차로횡단보도내,승용,남,35세,상해없음,보행자,여,72.0,중상,서울특별시 영등포구
2021050400100206,2021년 5월 4일 13시,화요일,서울특별시 관악구 신림동,경상사고,0,0,1,0,차대사람 - 차도통행중,안전운전불이행,건조,맑음,단일로 - 기타,승용,남,48세,상해없음,보행자,여,74.0,경상,서울특별시 관악구
2021050400100244,2021년 5월 4일 14시,화요일,서울특별시 구로구 구로동,중상사고,0,1,0,0,차대사람 - 기타,안전운전불이행,젖음/습기,비,단일로 - 기타,화물,남,39세,상해없음,보행자,여,82.0,중상,서울특별시 구로구
2021050400100587,2021년 5월 4일 21시,화요일,서울특별시 성북구 장위동,경상사고,0,0,1,0,차대사람 - 기타,안전운전불이행,젖음/습기,비,단일로 - 기타,승용,남,73세,상해없음,보행자,여,66.0,경상,서울특별시 성북구
2021050400100689,2021년 5월 4일 23시,화요일,서울특별시 서초구 양재동,중상사고,0,1,0,0,차대사람 - 횡단중,보행자보호의무위반,건조,흐림,단일로 - 기타,승용,남,54세,상해없음,보행자,남,79.0,중상,서울특별시 서초구
2021050500100021,2021년 5월 5일 01시,수요일,서울특별시 양천구 신정동,사망사고,1,0,0,0,차대사람 - 기타,기타,젖음/습기,흐림,단일로 - 기타,승용,남,64세,상해없음,보행자,남,69.0,사망,서울특별시 양천구
2021050500100220,2021년 5월 5일 13시,수요일,서울특별시 성북구 하월곡동,경상사고,0,0,1,0,차대사람 - 보도통행중,기타,건조,맑음,단일로 - 기타,화물,남,53세,상해없음,보행자,남,77.0,경상,서울특별시 성북구
2021050500100428,2021년 5월 5일 18시,수요일,서울특별시 중랑구 면목동,경상사고,0,0,1,0,차대사람 - 횡단중,보행자보호의무위반,건조,맑음,기타 - 기타,화물,남,54세,상해없음,보행자,여,72.0,경상,서울특별시 중랑구
2021050500100494,2021년 5월 5일 20시,수요일,서울특별시 노원구 상계동,경상사고,0,0,1,0,차대사람 - 횡단중,교차로운행방법위반,건조,기타,교차로 - 교차로안,승용,여,44세,상해없음,보행자,남,66.0,경상,서울특별시 노원구
2021050600100041,2021년 5월 6일 07시,목요일,서울특별시 은평구 신사동,중상사고,0,1,0,0,차대사람 - 횡단중,신호위반,건조,맑음,교차로 - 교차로횡단보도내,승용,남,61세,상해없음,보행자,여,65.0,중상,서울특별시 은평구
2021050600100168,2021년 5월 6일 11시,목요일,서울특별시 도봉구 방학동,중상사고,0,1,0,0,차대사람 - 횡단중,안전운전불이행,건조,맑음,교차로 - 교차로안,이륜,남,25세,상해없음,보행자,여,77.0,중상,서울특별시 도봉구
2021050600100293,2021년 5월 6일 15시,목요일,서울특별시 동작구 사당동,경상사고,0,0,1,0,차대사람 - 길가장자리구역통행중,안전운전불이행,건조,맑음,단일로 - 기타,승용,남,65세,상해없음,보행자,남,79.0,경상,서울특별시 동작구
2021050600100398,2021년 5월 6일 18시,목요일,서울특별시 성동구 하왕십리동,경상사고,0,0,1,0,차대사람 - 보도통행중,기타,건조,맑음,기타 - 기타,개인형이동수단(PM),남,18세,상해없음,보행자,여,82.0,경상,서울특별시 성동구
2021050600100457,2021년 5월 6일 19시,목요일,서울특별시 노원구 상계동,중상사고,0,1,0,0,차대사람 - 기타,보행자보호의무위반,건조,맑음,교차로 - 교차로부근,승합,남,44세,상해없음,보행자,남,83.0,중상,서울특별시 노원구
2021050600100481,2021년 5월 6일 20시,목요일,서울특별시 동작구 흑석동,경상사고,0,0,1,0,차대사람 - 기타,안전운전불이행,건조,맑음,단일로 - 기타,승용,남,38세,상해없음,보행자,남,78.0,경상,서울특별시 동작구
2021050600100508,2021년 5월 6일 21시,목요일,서울특별시 강서구 방화동,경상사고,0,0,1,0,차대사람 - 횡단중,신호위반,건조,맑음,교차로 - 교차로횡단보도내,개인형이동수단(PM),남,17세,상해없음,보행자,여,65.0,경상,서울특별시 강서구
2021050600100541,2021년 5월 6일 22시,목요일,서울특별시 성북구 장위동,중상사고,0,1,0,0,차대사람 - 횡단중,안전운전불이행,건조,맑음,단일로 - 기타,승용,남,66세,상해없음,보행자,여,71.0,중상,서울특별시 성북구
2021050700100101,2021년 5월 7일 09시,금요일,서울특별시 관악구 봉천동,경상사고,0,0,1,0,차대사람 - 횡단중,보행자보호의무위반,젖음/습기,비,교차로 - 교차로횡단보도내,화물,남,45세,상해없음,보행자,남,76.0,경상,서울특별시 관악구
2021050700100134,2021년 5월 7일 10시,금요일,서울특별시 송파구 마천동,경상사고,0,0,1,0,차대사람 - 기타,안전운전불이행,건조,맑음,교차로 - 교차로안,이륜,남,39세,상해없음,보행자,여,66.0,경상,서울특별시 송파구
2021050700100152,2021년 5월 7일 11시,금요일,서울특별시 동대문구 용두동,중상사고,0,1,0,0,차대사람 - 차도통행중,안전운전불이행,건조,맑음,단일로 - 기타,이륜,남,24세,상해없음,보행자,남,74.0,중상,서울특별시 동대문구
2021050700100231,2021년 5월 7일 13시,금요일,서울특별시 영등포구 당산동,중상사고,0,1,0,0,차대사람 - 기타,안전운전불이행,건조,맑음,단일로 - 기타,승용,남,36세,상해없음,보행자,여,84.0,중상,서울특별시 영등포구
2021050700100343,2021년 5월 7일 16시,금요일,서울특별시 영등포구 대림동,중상사고,0,1,0,0,차대사람 - 횡단중,안전운전불이행,건조,맑음,교차로 - 교차로안,승용,남,47세,상해없음,보행자,여,97.0,중상,서울특별시 영등포구
2021050700100344,2021년 5월 7일 16시,금요일,서울특별시 강서구 화곡동,중상사고,0,1,0,0,차대사람 - 횡단중,안전운전불이행,건조,맑음,단일로 - 기타,승용,남,75세,상해없음,보행자,남,74.0,중상,서울특별시 강서구
2021050700100526,2021년 5월 7일 20시,금요일,서울특별시 강남구 대치동,중상사고,0,1,0,0,차대사람 - 횡단중,보행자보호의무위반,건조,맑음,기타 - 기타,승용,여,34세,상해없음,보행자,여,66.0,중상,서울특별시 강남구
2021050800100076,2021년 5월 8일 08시,토요일,서울특별시 동작구 노량진동,경상사고,0,0,1,0,차대사람 - 기타,안전운전불이행,건조,맑음,단일로 - 기타,화물,남,38세,상해없음,보행자,남,69.0,경상,서울특별시 동작구
2021050800100092,2021년 5월 8일 09시,토요일,서울특별시 강서구 방화동,중상사고,0,1,0,0,차대사람 - 차도통행중,신호위반,건조,맑음,교차로 - 교차로부근,승용,여,32세,상해없음,보행자,남,83.0,중상,서울특별시 강서구
2021050800100192,2021년 5월 8일 12시,토요일,서울특별시 강북구 수유동,중상사고,0,1,0,0,차대사람 - 기타,안전운전불이행,건조,맑음,단일로 - 기타,승합,남,47세,상해없음,보행자,여,68.0,중상,서울특별시 강북구
2021050800100194,2021년 5월 8일 12시,토요일,서울특별시 강서구 공항동,사망사고,1,0,0,0,차대사람 - 기타,안전운전불이행,건조,맑음,교차로 - 교차로부근,승합,남,65세,상해없음,보행자,여,78.0,사망,서울특별시 강서구
2021050800100425,2021년 5월 8일 17시,토요일,서울특별시 강동구 명일동,중상사고,0,1,0,0,차대사람 - 기타,안전운전불이행,건조,맑음,교차로 - 교차로안,승용,여,48세,상해없음,보행자,남,70.0,중상,서울특별시 강동구
2021050800100478,2021년 5월 8일 18시,토요일,서울특별시 강북구 미아동,중상사고,0,1,0,0,차대사람 - 기타,안전운전불이행,건조,맑음,단일로 - 기타,승용,여,35세,상해없음,보행자,남,66.0,중상,서울특별시 강북구
2021050800100519,2021년 5월 8일 19시,토요일,서울특별시 서초구 방배동,중상사고,0,1,0,0,차대사람 - 기타,안전운전불이행,건조,맑음,단일로 - 기타,승합,남,55세,상해없음,보행자,여,69.0,중상,서울특별시 서초구
2021050900100184,2021년 5월 9일 13시,일요일,서울특별시 중랑구 묵동,중상사고,0,1,1,0,차대사람 - 횡단중,안전운전불이행,건조,맑음,단일로 - 기타,자전거,남,30세,경상,보행자,여,74.0,중상,서울특별시 중랑구
2021050900100293,2021년 5월 9일 16시,일요일,서울특별시 양천구 목동,사망사고,1,0,0,0,차대사람 - 횡단중,신호위반,건조,맑음,교차로 - 교차로부근,승용,남,61세,상해없음,보행자,여,82.0,사망,서울특별시 양천구
2021050900100333,2021년 5월 9일 17시,일요일,서울특별시 은평구 증산동,경상사고,0,0,1,0,차대사람 - 기타,안전운전불이행,건조,맑음,교차로 - 교차로부근,개인형이동수단(PM),남,49세,상해없음,보행자,여,88.0,경상,서울특별시 은평구
2021050900100441,2021년 5월 9일 20시,일요일,서울특별시 도봉구 방학동,경상사고,0,0,1,0,차대사람 - 횡단중,보행자보호의무위반,건조,맑음,교차로 - 교차로안,이륜,남,38세,상해없음,보행자,여,76.0,경상,서울특별시 도봉구
2021051000100473,2021년 5월 10일 20시,월요일,서울특별시 노원구 상계동,중상사고,0,1,0,0,차대사람 - 횡단중,신호위반,건조,맑음,교차로 - 교차로횡단보도내,화물,남,48세,상해없음,보행자,남,73.0,중상,서울특별시 노원구
2021051100100176,2021년 5월 11일 10시,화요일,서울특별시 광진구 중곡동,중상사고,0,1,0,0,차대사람 - 횡단중,안전운전불이행,건조,맑음,교차로 - 교차로부근,이륜,남,30세,상해없음,보행자,여,80.0,중상,서울특별시 광진구
2021051100100206,2021년 5월 11일 11시,화요일,서울특별시 영등포구 도림동,중상사고,0,1,0,0,차대사람 - 기타,안전운전불이행,건조,맑음,교차로 - 교차로부근,화물,남,53세,상해없음,보행자,여,75.0,중상,서울특별시 영등포구
2021051100100207,2021년 5월 11일 11시,화요일,서울특별시 강남구 역삼동,경상사고,0,0,1,0,차대사람 - 기타,보행자보호의무위반,건조,맑음,단일로 - 기타,승용,남,71세,상해없음,보행자,여,68.0,경상,서울특별시 강남구
2021051100100273,2021년 5월 11일 13시,화요일,서울특별시 서대문구 남가좌동,중상사고,0,1,0,0,차대사람 - 횡단중,보행자보호의무위반,건조,맑음,단일로 - 기타,승용,남,59세,상해없음,보행자,여,69.0,중상,서울특별시 서대문구
2021051100100274,2021년 5월 11일 13시,화요일,서울특별시 용산구 이태원동,중상사고,0,1,0,0,차대사람 - 기타,안전운전불이행,건조,흐림,단일로 - 기타,승용,남,60세,상해없음,보행자,여,79.0,중상,서울특별시 용산구
2021051100100444,2021년 5월 11일 17시,화요일,서울특별시 강서구 방화동,중상사고,0,1,0,0,차대사람 - 기타,안전운전불이행,건조,맑음,단일로 - 기타,자전거,남,16세,상해없음,보행자,여,72.0,중상,서울특별시 강서구
2021051100100568,2021년 5월 11일 20시,화요일,서울특별시 강서구 공항동,경상사고,0,0,1,0,차대사람 - 기타,안전운전불이행,건조,맑음,단일로 - 기타,승용,남,28세,상해없음,보행자,여,74.0,경상,서울특별시 강서구
2021051200100042,2021년 5월 12일 07시,수요일,서울특별시 강남구 청담동,중상사고,0,1,0,0,차대사람 - 보도통행중,기타,건조,맑음,기타 - 기타,개인형이동수단(PM),여,28세,상해없음,보행자,여,79.0,중상,서울특별시 강남구
2021051200100138,2021년 5월 12일 10시,수요일,서울특별시 영등포구 영등포동4가,경상사고,0,0,1,0,차대사람 - 횡단중,보행자보호의무위반,건조,맑음,단일로 - 기타,승용,남,63세,상해없음,보행자,남,67.0,경상,서울특별시 영등포구
2021051200100140,2021년 5월 12일 10시,수요일,서울특별시 중랑구 면목동,중상사고,0,1,0,0,차대사람 - 기타,기타,건조,맑음,단일로 - 기타,승용,남,57세,상해없음,보행자,여,77.0,중상,서울특별시 중랑구
2021051200100172,2021년 5월 12일 11시,수요일,서울특별시 중구 남대문로5가,중상사고,0,1,0,0,차대사람 - 기타,기타,건조,맑음,단일로 - 기타,승용,남,76세,상해없음,보행자,여,81.0,중상,서울특별시 중구
2021051200100174,2021년 5월 12일 11시,수요일,서울특별시 관악구 신림동,경상사고,0,0,1,0,차대사람 - 횡단중,보행자보호의무위반,건조,맑음,기타 - 기타,승용,남,66세,상해없음,보행자,여,68.0,경상,서울특별시 관악구
2021051200100200,2021년 5월 12일 12시,수요일,서울특별시 관악구 신림동,중상사고,0,1,0,0,차대사람 - 횡단중,신호위반,건조,맑음,교차로 - 교차로횡단보도내,승용,남,55세,상해없음,보행자,남,76.0,중상,서울특별시 관악구
2021051200100347,2021년 5월 12일 16시,수요일,서울특별시 송파구 오금동,중상사고,0,1,0,0,차대사람 - 보도통행중,안전운전불이행,건조,맑음,단일로 - 기타,자전거,여,60세,상해없음,보행자,여,81.0,중상,서울특별시 송파구
2021051200100351,2021년 5월 12일 16시,수요일,서울특별시 도봉구 쌍문동,경상사고,0,0,1,0,차대사람 - 길가장자리구역통행중,안전운전불이행,건조,맑음,단일로 - 기타,승용,여,70세,상해없음,보행자,여,77.0,경상,서울특별시 도봉구
2021051300100073,2021년 5월 13일 08시,목요일,서울특별시 강북구 미아동,중상사고,0,1,0,0,차대사람 - 횡단중,안전운전불이행,건조,맑음,교차로 - 교차로안,승합,남,44세,상해없음,보행자,여,83.0,중상,서울특별시 강북구
2021051300100287,2021년 5월 13일 14시,목요일,서울특별시 중구 중림동,중상사고,0,1,0,0,차대사람 - 횡단중,신호위반,건조,맑음,단일로 - 기타,화물,남,63세,상해없음,보행자,남,68.0,중상,서울특별시 중구
2021051300100469,2021년 5월 13일 18시,목요일,서울특별시 강남구 수서동,경상사고,0,0,1,0,차대사람 - 기타,기타,건조,맑음,단일로 - 기타,자전거,남,58세,상해없음,보행자,여,73.0,경상,서울특별시 강남구
2021051400100130,2021년 5월 14일 09시,금요일,서울특별시 광진구 구의동,중상사고,0,1,1,0,차대사람 - 기타,안전운전불이행,건조,맑음,기타 - 기타,승용,여,49세,상해없음,보행자,남,73.0,경상,서울특별시 광진구
2021051400100168,2021년 5월 14일 10시,금요일,서울특별시 관악구 봉천동,중상사고,0,1,0,0,차대사람 - 기타,보행자보호의무위반,건조,맑음,교차로 - 교차로횡단보도내,특수,남,45세,상해없음,보행자,여,79.0,중상,서울특별시 관악구
2021051400100266,2021년 5월 14일 13시,금요일,서울특별시 강서구 공항동,중상사고,0,1,0,0,차대사람 - 기타,안전운전불이행,건조,맑음,단일로 - 기타,승용,남,56세,상해없음,보행자,남,66.0,중상,서울특별시 강서구
2021051400100390,2021년 5월 14일 16시,금요일,서울특별시 강북구 수유동,중상사고,0,1,0,0,차대사람 - 횡단중,보행자보호의무위반,건조,맑음,교차로 - 교차로횡단보도내,화물,남,61세,상해없음,보행자,여,79.0,중상,서울특별시 강북구
2021051400100392,2021년 5월 14일 16시,금요일,서울특별시 영등포구 신길동,경상사고,0,0,1,0,차대사람 - 횡단중,안전운전불이행,건조,맑음,교차로 - 교차로안,승용,남,27세,상해없음,보행자,여,74.0,경상,서울특별시 영등포구
2021051400100398,2021년 5월 14일 16시,금요일,서울특별시 양천구 목동,중상사고,0,1,0,0,차대사람 - 기타,안전운전불이행,건조,맑음,단일로 - 기타,승용,남,19세,상해없음,보행자,여,75.0,중상,서울특별시 양천구
2021051400100454,2021년 5월 14일 17시,금요일,서울특별시 강동구 둔촌동,경상사고,0,0,1,0,차대사람 - 차도통행중,안전운전불이행,건조,맑음,단일로 - 기타,승용,남,70세,상해없음,보행자,남,69.0,경상,서울특별시 강동구
2021051500100048,2021년 5월 15일 05시,토요일,서울특별시 관악구 봉천동,중상사고,0,1,0,0,차대사람 - 차도통행중,안전운전불이행,건조,흐림,단일로 - 기타,승용,남,51세,상해없음,보행자,여,75.0,중상,서울특별시 관악구
2021051500100228,2021년 5월 15일 13시,토요일,서울특별시 서대문구 홍제동,경상사고,0,0,1,0,차대사람 - 보도통행중,보행자보호의무위반,건조,맑음,교차로 - 교차로횡단보도내,승용,여,49세,상해없음,보행자,남,71.0,경상,서울특별시 서대문구
2021051500100229,2021년 5월 15일 13시,토요일,서울특별시 성동구 행당동,중상사고,0,1,0,0,차대사람 - 기타,안전운전불이행,건조,맑음,단일로 - 기타,자전거,남,17세,상해없음,보행자,여,65.0,중상,서울특별시 성동구
2021051600100329,2021년 5월 16일 19시,일요일,서울특별시 강남구 도곡동,경상사고,0,0,1,0,차대사람 - 횡단중,보행자보호의무위반,젖음/습기,비,단일로 - 기타,승용,남,48세,상해없음,보행자,여,68.0,경상,서울특별시 강남구
2021051700100159,2021년 5월 17일 11시,월요일,서울특별시 종로구 세종로,중상사고,0,1,0,0,차대사람 - 기타,안전운전불이행,젖음/습기,비,단일로 - 기타,화물,남,38세,상해없음,보행자,남,73.0,중상,서울특별시 종로구
2021051700100336,2021년 5월 17일 17시,월요일,서울특별시 성북구 종암동,중상사고,0,1,0,0,차대사람 - 기타,안전운전불이행,건조,맑음,교차로 - 교차로안,화물,남,60세,상해없음,보행자,여,88.0,중상,서울특별시 성북구
2021051700100416,2021년 5월 17일 19시,월요일,서울특별시 송파구 문정동,경상사고,0,0,1,0,차대사람 - 기타,안전운전불이행,건조,기타,기타 - 기타,승용,남,34세,상해없음,보행자,남,80.0,경상,서울특별시 송파구
2021051700100420,2021년 5월 17일 19시,월요일,서울특별시 양천구 목동,부상신고사고,0,0,0,1,차대사람 - 기타,안전운전불이행,건조,맑음,단일로 - 기타,승용,남,52세,상해없음,보행자,여,84.0,부상신고,서울특별시 양천구
2021051800100029,2021년 5월 18일 05시,화요일,서울특별시 중구 소공동,중상사고,0,1,0,0,차대사람 - 기타,안전운전불이행,건조,맑음,단일로 - 기타,승합,남,58세,상해없음,보행자,여,73.0,중상,서울특별시 중구
2021051800100069,2021년 5월 18일 08시,화요일,서울특별시 강서구 방화동,경상사고,0,0,1,0,차대사람 - 기타,안전운전불이행,건조,맑음,교차로 - 교차로안,화물,남,34세,상해없음,보행자,남,80.0,경상,서울특별시 강서구
2021051800100331,2021년 5월 18일 16시,화요일,서울특별시 동작구 상도동,경상사고,0,0,1,0,차대사람 - 기타,안전운전불이행,건조,맑음,기타 - 기타,자전거,남,12세,상해없음,보행자,여,76.0,경상,서울특별시 동작구
2021051800100475,2021년 5월 18일 19시,화요일,서울특별시 강동구 길동,경상사고,0,0,1,0,차대사람 - 기타,안전운전불이행,건조,맑음,단일로 - 기타,승용,남,63세,상해없음,보행자,여,69.0,경상,서울특별시 강동구
2021051900100157,2021년 5월 19일 11시,수요일,서울특별시 양천구 목동,경상사고,0,0,1,0,차대사람 - 기타,안전운전불이행,건조,맑음,교차로 - 교차로횡단보도내,화물,남,56세,상해없음,보행자,여,86.0,경상,서울특별시 양천구
2021051900100194,2021년 5월 19일 12시,수요일,서울특별시 강서구 화곡동,경상사고,0,0,1,0,차대사람 - 기타,기타,건조,맑음,기타 - 기타,승합,남,71세,상해없음,보행자,여,67.0,경상,서울특별시 강서구
2021051900100367,2021년 5월 19일 17시,수요일,서울특별시 서대문구 북가좌동,중상사고,0,1,0,0,차대사람 - 횡단중,신호위반,건조,맑음,교차로 - 교차로부근,이륜,여,30세,상해없음,보행자,남,82.0,중상,서울특별시 서대문구