사고번호,사고일시,요일,시군구,사고내용,사망자수,중상자수,경상자수,부상신고자수,사고유형,법규위반,노면상태,기상상태,도로형태,가해운전자 차종,가해운전자 성별,가해운전자 연령,가해운전자 상해정도,피해운전자 차종,피해운전자 성별,피해운전자 연령,피해운전자 상해정도,구
2021051900100372,2021년 5월 19일 17시,수요일,서울특별시 양천구 신정동,중상사고,0,1,0,0,차대사람 - 기타,안전운전불이행,건조,맑음,기타 - 기타,화물,남,57세,상해없음,보행자,남,72.0,중상,서울특별시 양천구
2021051900100413,2021년 5월 19일 18시,수요일,서울특별시 동대문구 이문동,중상사고,0,1,0,0,차대사람 - 기타,안전운전불이행,건조,맑음,단일로 - 기타,승용,여,36세,상해없음,보행자,남,76.0,중상,서울특별시 동대문구
2021051900100416,2021년 5월 19일 18시,수요일,서울특별시 강동구 길동,중상사고,0,1,0,0,차대사람 - 기타,안전운전불이행,건조,맑음,교차로 - 교차로안,승용,남,50세,상해없음,보행자,여,67.0,중상,서울특별시 강동구
2021051900100419,2021년 5월 19일 18시,수요일,서울특별시 도봉구 쌍문동,중상사고,0,1,0,0,차대사람 - 차도통행중,보행자보호의무위반,건조,맑음,단일로 - 기타,승용,남,65세,상해없음,보행자,여,80.0,중상,서울특별시 도봉구
2021052000100001,2021년 5월 20일 00시,목요일,서울특별시 강북구 번동,중상사고,0,1,0,0,차대사람 - 횡단중,기타,건조,맑음,교차로 - 교차로안,승용,남,66세,상해없음,보행자,남,73.0,중상,서울특별시 강북구
2021052000100038,2021년 5월 20일 07시,목요일,서울특별시 동대문구 전농동,중상사고,0,1,0,0,차대사람 - 횡단중,안전운전불이행,젖음/습기,비,교차로 - 교차로부근,승용,여,41세,상해없음,보행자,남,69.0,중상,서울특별시 동대문구
2021052000100292,2021년 5월 20일 16시,목요일,서울특별시 강서구 염창동,중상사고,0,1,0,0,차대사람 - 횡단중,보행자보호의무위반,건조,맑음,단일로 - 기타,승합,남,30세,상해없음,보행자,여,65.0,중상,서울특별시 강서구
2021052000100405,2021년 5월 20일 19시,목요일,서울특별시 강동구 상일동,부상신고사고,0,0,0,1,차대사람 - 기타,안전운전불이행,건조,맑음,단일로 - 기타,승합,남,51세,상해없음,보행자,여,73.0,부상신고,서울특별시 강동구
2021052100100102,2021년 5월 21일 09시,금요일,서울특별시 은평구 신사동,경상사고,0,0,1,0,차대사람 - 차도통행중,안전운전불이행,건조,맑음,단일로 - 기타,화물,남,51세,상해없음,보행자,여,71.0,경상,서울특별시 은평구
2021052100100157,2021년 5월 21일 11시,금요일,서울특별시 도봉구 쌍문동,경상사고,0,0,1,0,차대사람 - 기타,교차로운행방법위반,기타,맑음,교차로 - 교차로안,승용,여,44세,상해없음,보행자,여,77.0,경상,서울특별시 도봉구
2021052100100209,2021년 5월 21일 13시,금요일,서울특별시 송파구 송파동,경상사고,0,0,1,0,차대사람 - 기타,안전운전불이행,건조,기타,교차로 - 교차로안,이륜,남,41세,상해없음,보행자,여,87.0,경상,서울특별시 송파구
2021052100100289,2021년 5월 21일 15시,금요일,서울특별시 강남구 삼성동,중상사고,0,1,0,0,차대사람 - 차도통행중,안전운전불이행,건조,맑음,단일로 - 기타,승용,남,23세,상해없음,보행자,여,81.0,중상,서울특별시 강남구
2021052100100291,2021년 5월 21일 15시,금요일,서울특별시 송파구 거여동,경상사고,0,0,1,0,차대사람 - 횡단중,보행자보호의무위반,건조,맑음,교차로 - 교차로횡단보도내,승합,남,63세,상해없음,보행자,남,87.0,경상,서울특별시 송파구
2021052100100340,2021년 5월 21일 16시,금요일,서울특별시 강북구 번동,중상사고,0,1,0,0,차대사람 - 길가장자리구역통행중,안전운전불이행,건조,맑음,교차로 - 교차로부근,승용,여,25세,상해없음,보행자,여,68.0,중상,서울특별시 강북구
2021052100100467,2021년 5월 21일 19시,금요일,서울특별시 동작구 사당동,경상사고,0,0,1,0,차대사람 - 길가장자리구역통행중,안전운전불이행,건조,맑음,단일로 - 기타,승용,남,60세,상해없음,보행자,남,65.0,경상,서울특별시 동작구
2021052200100179,2021년 5월 22일 12시,토요일,서울특별시 영등포구 당산동3가,중상사고,0,1,0,0,차대사람 - 횡단중,신호위반,건조,맑음,단일로 - 기타,승용,남,59세,상해없음,보행자,남,86.0,중상,서울특별시 영등포구
2021052200100222,2021년 5월 22일 13시,토요일,서울특별시 은평구 신사동,중상사고,0,1,0,0,차대사람 - 기타,안전운전불이행,건조,맑음,교차로 - 교차로부근,화물,남,65세,상해없음,보행자,여,84.0,중상,서울특별시 은평구
2021052200100263,2021년 5월 22일 14시,토요일,서울특별시 동대문구 장안동,중상사고,0,1,0,0,차대사람 - 횡단중,보행자보호의무위반,건조,맑음,단일로 - 기타,승용,남,56세,상해없음,보행자,남,85.0,중상,서울특별시 동대문구
2021052200100317,2021년 5월 22일 15시,토요일,서울특별시 성북구 동선동1가,중상사고,0,1,0,0,차대사람 - 기타,기타,건조,맑음,단일로 - 기타,승합,남,52세,상해없음,보행자,여,68.0,중상,서울특별시 성북구
2021052200100367,2021년 5월 22일 16시,토요일,서울특별시 관악구 신림동,중상사고,0,1,0,0,차대사람 - 기타,안전운전불이행,기타,기타,기타 - 기타,승용,남,45세,상해없음,보행자,여,88.0,중상,서울특별시 관악구
2021052200100522,2021년 5월 22일 20시,토요일,서울특별시 구로구 개봉동,경상사고,0,0,1,0,차대사람 - 기타,안전운전불이행,건조,맑음,기타 - 기타,자전거,여,36세,상해없음,보행자,여,71.0,경상,서울특별시 구로구
2021052300100262,2021년 5월 23일 17시,일요일,서울특별시 동작구 대방동,중상사고,0,1,0,0,차대사람 - 기타,보행자보호의무위반,건조,맑음,교차로 - 교차로안,자전거,남,25세,기타불명,보행자,여,84.0,중상,서울특별시 동작구
2021052300100287,2021년 5월 23일 18시,일요일,서울특별시 영등포구 문래동6가,중상사고,0,1,0,0,차대사람 - 길가장자리구역통행중,안전운전불이행,건조,맑음,단일로 - 기타,승용,남,39세,상해없음,보행자,남,70.0,중상,서울특별시 영등포구
2021052400100098,2021년 5월 24일 09시,월요일,서울특별시 성북구 돈암동,경상사고,0,0,1,0,차대사람 - 기타,안전운전불이행,건조,맑음,단일로 - 기타,승용,남,58세,상해없음,보행자,남,67.0,경상,서울특별시 성북구
2021052400100156,2021년 5월 24일 11시,월요일,서울특별시 종로구 이화동,경상사고,0,0,1,0,차대사람 - 기타,안전운전불이행,건조,맑음,단일로 - 기타,화물,남,62세,상해없음,보행자,남,74.0,경상,서울특별시 종로구
2021052400100223,2021년 5월 24일 13시,월요일,서울특별시 관악구 봉천동,중상사고,0,1,0,0,차대사람 - 기타,안전운전불이행,건조,맑음,단일로 - 기타,승용,여,41세,상해없음,보행자,남,65.0,중상,서울특별시 관악구
2021052400100249,2021년 5월 24일 14시,월요일,서울특별시 관악구 봉천동,중상사고,0,1,0,0,차대사람 - 횡단중,신호위반,건조,맑음,교차로 - 교차로부근,화물,남,64세,상해없음,보행자,남,79.0,중상,서울특별시 관악구
2021052400100252,2021년 5월 24일 14시,월요일,서울특별시 구로구 구로동,중상사고,0,1,0,0,차대사람 - 보도통행중,기타,건조,맑음,단일로 - 기타,이륜,남,52세,상해없음,보행자,남,68.0,중상,서울특별시 구로구
2021052400100430,2021년 5월 24일 18시,월요일,서울특별시 강남구 신사동,경상사고,0,0,1,0,차대사람 - 길가장자리구역통행중,안전운전불이행,건조,맑음,단일로 - 기타,승용,여,66세,상해없음,보행자,여,74.0,경상,서울특별시 강남구
2021052500100216,2021년 5월 25일 12시,화요일,서울특별시 은평구 응암동,중상사고,0,1,0,0,차대사람 - 보도통행중,기타,건조,맑음,단일로 - 기타,승용,남,54세,상해없음,보행자,남,66.0,중상,서울특별시 은평구
2021052500100219,2021년 5월 25일 12시,화요일,서울특별시 강서구 방화동,중상사고,0,1,0,0,차대사람 - 횡단중,중앙선침범,건조,맑음,교차로 - 교차로부근,승용,남,55세,상해없음,보행자,여,72.0,중상,서울특별시 강서구
2021052500100285,2021년 5월 25일 14시,화요일,서울특별시 성북구 성북동1가,중상사고,0,1,0,0,차대사람 - 횡단중,안전운전불이행,건조,맑음,교차로 - 교차로부근,승용,남,48세,상해없음,보행자,남,68.0,중상,서울특별시 성북구
2021052500100313,2021년 5월 25일 15시,화요일,서울특별시 강북구 수유동,경상사고,0,0,1,0,차대사람 - 차도통행중,안전운전불이행,건조,맑음,단일로 - 기타,승용,남,71세,상해없음,보행자,여,75.0,경상,서울특별시 강북구
2021052500100363,2021년 5월 25일 16시,화요일,서울특별시 성북구 하월곡동,경상사고,0,0,1,0,차대사람 - 기타,기타,건조,맑음,기타 - 기타,승용,남,66세,상해없음,보행자,여,69.0,경상,서울특별시 성북구
2021052500100364,2021년 5월 25일 16시,화요일,서울특별시 양천구 신정동,경상사고,0,0,1,0,차대사람 - 기타,안전운전불이행,건조,맑음,교차로 - 교차로부근,승용,남,73세,상해없음,보행자,여,70.0,경상,서울특별시 양천구
2021052500100494,2021년 5월 25일 19시,화요일,서울특별시 은평구 역촌동,중상사고,0,1,0,0,차대사람 - 기타,안전운전불이행,건조,맑음,단일로 - 기타,이륜,남,23세,기타불명,보행자,남,70.0,중상,서울특별시 은평구
2021052600100038,2021년 5월 26일 06시,수요일,서울특별시 양천구 신월동,중상사고,0,1,0,0,차대사람 - 보도통행중,기타,건조,맑음,단일로 - 기타,승용,남,29세,상해없음,보행자,여,66.0,중상,서울특별시 양천구
2021052600100351,2021년 5월 26일 17시,수요일,서울특별시 강북구 수유동,중상사고,0,1,0,0,차대사람 - 횡단중,안전운전불이행,건조,맑음,교차로 - 교차로부근,화물,남,49세,상해없음,보행자,여,73.0,중상,서울특별시 강북구
2021052600100352,2021년 5월 26일 17시,수요일,서울특별시 광진구 자양동,중상사고,0,1,0,0,차대사람 - 기타,기타,건조,맑음,기타 - 기타,승용,남,60세,상해없음,보행자,여,67.0,중상,서울특별시 광진구
2021052600100470,2021년 5월 26일 20시,수요일,서울특별시 성동구 옥수동,경상사고,0,0,1,0,차대사람 - 기타,안전운전불이행,건조,맑음,단일로 - 기타,화물,남,50세,상해없음,보행자,남,70.0,경상,서울특별시 성동구
2021052600100494,2021년 5월 26일 21시,수요일,서울특별시 종로구 묘동,중상사고,0,1,0,0,차대사람 - 횡단중,안전운전불이행,건조,맑음,단일로 - 기타,승용,여,23세,상해없음,보행자,남,69.0,중상,서울특별시 종로구
2021052700100034,2021년 5월 27일 06시,목요일,서울특별시 서대문구 북아현동,사망사고,1,0,0,0,차대사람 - 횡단중,안전운전불이행,젖음/습기,비,교차로 - 교차로안,건설기계,남,37세,상해없음,보행자,여,65.0,사망,서울특별시 서대문구
2021052700100267,2021년 5월 27일 14시,목요일,서울특별시 동작구 흑석동,경상사고,0,0,1,0,차대사람 - 기타,안전운전불이행,건조,맑음,단일로 - 기타,화물,남,49세,상해없음,보행자,여,78.0,경상,서울특별시 동작구
2021052700100333,2021년 5월 27일 16시,목요일,서울특별시 광진구 구의동,경상사고,0,0,1,0,차대사람 - 길가장자리구역통행중,안전운전불이행,건조,맑음,단일로 - 기타,승합,남,50세,상해없음,보행자,남,74.0,경상,서울특별시 광진구
2021052800100242,2021년 5월 28일 13시,금요일,서울특별시 금천구 독산동,중상사고,0,1,0,0,차대사람 - 기타,보행자보호의무위반,건조,맑음,교차로 - 교차로부근,건설기계,남,62세,상해없음,보행자,여,75.0,중상,서울특별시 금천구
2021052800100398,2021년 5월 28일 17시,금요일,서울특별시 은평구 대조동,중상사고,0,1,0,0,차대사람 - 횡단중,보행자보호의무위반,건조,맑음,교차로 - 교차로횡단보도내,화물,남,36세,상해없음,보행자,여,78.0,중상,서울특별시 은평구
2021052900100120,2021년 5월 29일 10시,토요일,서울특별시 관악구 봉천동,경상사고,0,0,1,0,차대사람 - 보도통행중,기타,건조,맑음,단일로 - 기타,이륜,남,63세,상해없음,보행자,남,78.0,경상,서울특별시 관악구
2021052900100150,2021년 5월 29일 11시,토요일,서울특별시 영등포구 신길동,사망사고,1,0,0,0,차대사람 - 횡단중,안전운전불이행,건조,맑음,교차로 - 교차로안,화물,남,69세,상해없음,보행자,남,81.0,사망,서울특별시 영등포구
2021052900100190,2021년 5월 29일 12시,토요일,서울특별시 동작구 사당동,중상사고,0,1,0,0,차대사람 - 기타,안전운전불이행,건조,맑음,단일로 - 기타,승용,남,47세,상해없음,보행자,남,73.0,중상,서울특별시 동작구
2021052900100194,2021년 5월 29일 12시,토요일,서울특별시 구로구 구로동,경상사고,0,0,1,0,차대사람 - 기타,불법유턴,건조,맑음,단일로 - 기타,화물,남,35세,기타불명,보행자,여,71.0,경상,서울특별시 구로구
2021053000100021,2021년 5월 30일 03시,일요일,서울특별시 송파구 송파동,중상사고,0,1,0,0,차대사람 - 횡단중,안전운전불이행,건조,맑음,교차로 - 교차로횡단보도내,승용,남,28세,상해없음,보행자,여,95.0,중상,서울특별시 송파구
2021053000100027,2021년 5월 30일 05시,일요일,서울특별시 동대문구 장안동,사망사고,1,0,0,0,차대사람 - 횡단중,기타,건조,맑음,교차로 - 교차로횡단보도내,승용,남,68세,상해없음,보행자,남,81.0,사망,서울특별시 동대문구
2021053000100039,2021년 5월 30일 07시,일요일,서울특별시 은평구 증산동,경상사고,0,0,1,0,차대사람 - 보도통행중,기타,건조,맑음,기타 - 기타,자전거,기타불명,미분류,기타불명,보행자,남,82.0,경상,서울특별시 은평구
2021053000100131,2021년 5월 30일 12시,일요일,서울특별시 강서구 화곡동,중상사고,0,1,0,0,차대사람 - 기타,안전운전불이행,건조,맑음,단일로 - 기타,승용,남,51세,상해없음,보행자,남,74.0,중상,서울특별시 강서구
2021053000100271,2021년 5월 30일 16시,일요일,서울특별시 강서구 염창동,중상사고,0,1,0,0,차대사람 - 기타,안전운전불이행,건조,맑음,단일로 - 기타,자전거,남,74세,상해없음,보행자,남,69.0,중상,서울특별시 강서구
2021053000100340,2021년 5월 30일 18시,일요일,서울특별시 동대문구 전농동,경상사고,0,0,1,0,차대사람 - 기타,안전운전불이행,건조,맑음,단일로 - 기타,기타불명,기타불명,미분류,기타불명,보행자,남,78.0,경상,서울특별시 동대문구
2021053000100372,2021년 5월 30일 19시,일요일,서울특별시 서대문구 남가좌동,중상사고,0,1,0,0,차대사람 - 횡단중,안전운전불이행,젖음/습기,비,단일로 - 기타,이륜,남,18세,상해없음,보행자,여,92.0,중상,서울특별시 서대문구
2021053100100278,2021년 5월 31일 15시,월요일,서울특별시 양천구 목동,중상사고,0,1,0,0,차대사람 - 횡단중,안전운전불이행,건조,맑음,교차로 - 교차로부근,화물,남,63세,상해없음,보행자,남,65.0,중상,서울특별시 양천구
2021053100100279,2021년 5월 31일 15시,월요일,서울특별시 양천구 신월동,사망사고,1,0,0,0,차대사람 - 횡단중,안전운전불이행,건조,맑음,교차로 - 교차로안,승용,여,62세,상해없음,보행자,여,79.0,사망,서울특별시 양천구
2021053100100313,2021년 5월 31일 16시,월요일,서울특별시 강서구 화곡동,중상사고,0,1,0,0,차대사람 - 기타,안전운전불이행,건조,맑음,기타 - 기타,승용,남,59세,상해없음,보행자,여,88.0,중상,서울특별시 강서구
2021053100100354,2021년 5월 31일 17시,월요일,서울특별시 성북구 정릉동,경상사고,0,0,2,0,차대사람 - 차도통행중,안전운전불이행,건조,맑음,단일로 - 기타,승합,남,56세,상해없음,보행자,여,65.0,경상,서울특별시 성북구
2021060100100001,2021년 6월 1일 00시,화요일,서울특별시 중구 장충동1가,중상사고,0,1,0,0,차대사람 - 횡단중,안전운전불이행,건조,기타,기타 - 기타,승용,남,75세,상해없음,보행자,남,68.0,중상,서울특별시 중구
2021060100100177,2021년 6월 1일 11시,화요일,서울특별시 중구 을지로6가,부상신고사고,0,0,0,1,차대사람 - 기타,안전운전불이행,건조,맑음,단일로 - 기타,승합,남,39세,상해없음,보행자,여,86.0,부상신고,서울특별시 중구
2021060100100180,2021년 6월 1일 11시,화요일,서울특별시 강서구 마곡동,중상사고,0,1,0,0,차대사람 - 횡단중,안전운전불이행,건조,맑음,교차로 - 교차로부근,승용,여,28세,상해없음,보행자,여,78.0,중상,서울특별시 강서구
2021060100100207,2021년 6월 1일 12시,화요일,서울특별시 동대문구 용두동,중상사고,0,1,0,0,차대사람 - 보도통행중,안전운전불이행,건조,맑음,기타 - 기타,승용,남,25세,상해없음,보행자,여,82.0,중상,서울특별시 동대문구
2021060100100326,2021년 6월 1일 15시,화요일,서울특별시 양천구 신월동,경상사고,0,0,1,0,차대사람 - 차도통행중,안전운전불이행,건조,맑음,교차로 - 교차로부근,승용,여,29세,상해없음,보행자,남,68.0,경상,서울특별시 양천구
2021060100100458,2021년 6월 1일 18시,화요일,서울특별시 종로구 가회동,중상사고,0,1,0,0,차대사람 - 횡단중,보행자보호의무위반,건조,맑음,교차로 - 교차로횡단보도내,승용,남,63세,상해없음,보행자,여,82.0,중상,서울특별시 종로구
2021060100100461,2021년 6월 1일 18시,화요일,서울특별시 구로구 구로동,경상사고,0,0,1,0,차대사람 - 기타,기타,건조,맑음,단일로 - 기타,승합,남,47세,상해없음,보행자,남,67.0,경상,서울특별시 구로구
2021060100100589,2021년 6월 1일 22시,화요일,서울특별시 용산구 청파동3가,경상사고,0,0,1,0,차대사람 - 기타,안전운전불이행,건조,맑음,단일로 - 기타,승용,남,59세,상해없음,보행자,남,71.0,경상,서울특별시 용산구
2021060200100106,2021년 6월 2일 09시,수요일,서울특별시 금천구 독산동,경상사고,0,0,2,0,차대사람 - 기타,기타,건조,맑음,단일로 - 기타,이륜,남,59세,상해없음,보행자,여,69.0,경상,서울특별시 금천구
2021060200100212,2021년 6월 2일 12시,수요일,서울특별시 동대문구 장안동,경상사고,0,0,1,0,차대사람 - 차도통행중,안전운전불이행,건조,맑음,교차로 - 교차로안,승용,여,48세,상해없음,보행자,여,87.0,경상,서울특별시 동대문구
2021060200100250,2021년 6월 2일 13시,수요일,서울특별시 동작구 상도동,부상신고사고,0,0,0,1,차대사람 - 기타,안전운전불이행,건조,맑음,교차로 - 교차로안,화물,남,52세,상해없음,보행자,남,90.0,부상신고,서울특별시 동작구
2021060200100275,2021년 6월 2일 14시,수요일,서울특별시 강동구 명일동,중상사고,0,1,0,0,차대사람 - 기타,안전운전불이행,건조,맑음,단일로 - 기타,승용,여,69세,상해없음,보행자,여,78.0,중상,서울특별시 강동구
2021060200100348,2021년 6월 2일 16시,수요일,서울특별시 양천구 신정동,중상사고,0,1,0,0,차대사람 - 기타,안전운전불이행,건조,맑음,기타 - 기타,승용,남,44세,상해없음,보행자,남,74.0,중상,서울특별시 양천구
2021060200100559,2021년 6월 2일 21시,수요일,서울특별시 강동구 성내동,중상사고,0,1,0,0,차대사람 - 차도통행중,안전운전불이행,건조,맑음,단일로 - 기타,승용,남,23세,상해없음,보행자,여,74.0,중상,서울특별시 강동구
2021060200100592,2021년 6월 2일 22시,수요일,서울특별시 강남구 신사동,경상사고,0,0,1,0,차대사람 - 기타,안전운전불이행,건조,맑음,교차로 - 교차로부근,승용,여,46세,상해없음,보행자,남,68.0,경상,서울특별시 강남구
2021060300100035,2021년 6월 3일 05시,목요일,서울특별시 동작구 흑석동,사망사고,1,0,0,0,차대사람 - 횡단중,기타,건조,흐림,단일로 - 기타,승용,남,41세,상해없음,보행자,남,73.0,사망,서울특별시 동작구
2021060300100086,2021년 6월 3일 08시,목요일,서울특별시 구로구 고척동,중상사고,0,1,0,0,차대사람 - 차도통행중,안전운전불이행,건조,맑음,교차로 - 교차로부근,승용,남,46세,상해없음,보행자,남,78.0,중상,서울특별시 구로구
2021060300100141,2021년 6월 3일 10시,목요일,서울특별시 관악구 신림동,경상사고,0,0,1,0,차대사람 - 기타,안전운전불이행,건조,맑음,단일로 - 기타,승용,남,46세,상해없음,보행자,여,81.0,경상,서울특별시 관악구
2021060300100478,2021년 6월 3일 20시,목요일,서울특별시 마포구 합정동,경상사고,0,0,1,0,차대사람 - 횡단중,안전운전불이행,젖음/습기,비,교차로 - 교차로부근,이륜,남,29세,상해없음,보행자,여,73.0,경상,서울특별시 마포구
2021060300100579,2021년 6월 3일 22시,목요일,서울특별시 관악구 신림동,중상사고,0,1,0,0,차대사람 - 차도통행중,안전운전불이행,젖음/습기,비,단일로 - 기타,승용,남,45세,상해없음,보행자,남,65.0,중상,서울특별시 관악구
2021060400100028,2021년 6월 4일 04시,금요일,서울특별시 서대문구 창천동,중상사고,0,1,0,0,차대사람 - 횡단중,안전운전불이행,건조,흐림,단일로 - 기타,승합,남,48세,상해없음,보행자,여,72.0,중상,서울특별시 서대문구
2021060400100248,2021년 6월 4일 13시,금요일,서울특별시 성북구 종암동,경상사고,0,0,1,0,차대사람 - 차도통행중,안전운전불이행,건조,맑음,단일로 - 기타,이륜,남,71세,상해없음,보행자,남,79.0,경상,서울특별시 성북구
2021060400100338,2021년 6월 4일 15시,금요일,서울특별시 강남구 논현동,경상사고,0,0,1,0,차대사람 - 기타,안전운전불이행,건조,맑음,단일로 - 기타,승용,남,63세,상해없음,보행자,여,72.0,경상,서울특별시 강남구
2021060400100340,2021년 6월 4일 15시,금요일,서울특별시 강서구 화곡동,경상사고,0,0,1,0,차대사람 - 횡단중,안전운전불이행,건조,맑음,단일로 - 기타,승용,여,59세,상해없음,보행자,여,80.0,경상,서울특별시 강서구
2021060400100379,2021년 6월 4일 16시,금요일,서울특별시 마포구 연남동,중상사고,0,1,0,0,차대사람 - 차도통행중,안전운전불이행,건조,맑음,교차로 - 교차로부근,화물,남,47세,상해없음,보행자,남,74.0,중상,서울특별시 마포구
2021060400100425,2021년 6월 4일 17시,금요일,서울특별시 강북구 미아동,중상사고,0,1,0,0,차대사람 - 횡단중,중앙선침범,건조,맑음,단일로 - 기타,이륜,남,34세,상해없음,보행자,남,79.0,중상,서울특별시 강북구
2021060400100434,2021년 6월 4일 17시,금요일,서울특별시 도봉구 쌍문동,중상사고,0,1,0,0,차대사람 - 횡단중,안전운전불이행,건조,맑음,교차로 - 교차로부근,승용,남,68세,상해없음,보행자,여,81.0,중상,서울특별시 도봉구
2021060500100262,2021년 6월 5일 13시,토요일,서울특별시 강북구 수유동,경상사고,0,0,1,0,차대사람 - 보도통행중,보행자보호의무위반,건조,맑음,교차로 - 교차로안,승용,남,71세,상해없음,보행자,남,66.0,경상,서울특별시 강북구
2021060500100356,2021년 6월 5일 15시,토요일,서울특별시 종로구 창성동,중상사고,0,1,0,0,차대사람 - 길가장자리구역통행중,안전운전불이행,건조,맑음,단일로 - 기타,승용,남,48세,상해없음,보행자,여,89.0,중상,서울특별시 종로구
2021060500100405,2021년 6월 5일 16시,토요일,서울특별시 노원구 공릉동,부상신고사고,0,0,0,1,차대사람 - 기타,기타,건조,맑음,단일로 - 기타,승합,남,52세,기타불명,보행자,여,69.0,부상신고,서울특별시 노원구
2021060600100080,2021년 6월 6일 10시,일요일,서울특별시 용산구 후암동,중상사고,0,1,0,0,차대사람 - 기타,안전운전불이행,건조,맑음,단일로 - 기타,승용,남,50세,상해없음,보행자,남,66.0,중상,서울특별시 용산구
2021060600100214,2021년 6월 6일 15시,일요일,서울특별시 마포구 창전동,중상사고,0,1,0,0,차대사람 - 횡단중,신호위반,건조,맑음,단일로 - 기타,승용,여,47세,상해없음,보행자,여,74.0,중상,서울특별시 마포구
2021060600100216,2021년 6월 6일 15시,일요일,서울특별시 중랑구 중화동,경상사고,0,0,1,0,차대사람 - 기타,안전운전불이행,건조,맑음,주차장 - 주차장,화물,남,66세,상해없음,보행자,여,69.0,경상,서울특별시 중랑구
2021060600100441,2021년 6월 6일 23시,일요일,서울특별시 양천구 신정동,경상사고,0,0,1,0,차대사람 - 기타,신호위반,건조,맑음,교차로 - 교차로안,자전거,남,24세,상해없음,보행자,남,74.0,경상,서울특별시 양천구
2021060700100016,2021년 6월 7일 05시,월요일,서울특별시 구로구 구로동,중상사고,0,1,0,0,차대사람 - 기타,안전운전불이행,건조,맑음,교차로 - 교차로안,승용,남,50세,상해없음,보행자,여,72.0,중상,서울특별시 구로구
2021060700100095,2021년 6월 7일 09시,월요일,서울특별시 구로구 오류동,경상사고,0,0,1,0,차대사람 - 기타,안전운전불이행,건조,맑음,단일로 - 기타,승합,남,63세,상해없음,보행자,여,71.0,경상,서울특별시 구로구
2021060700100123,2021년 6월 7일 10시,월요일,서울특별시 중랑구 중화동,부상신고사고,0,0,0,1,차대사람 - 기타,안전운전불이행,건조,맑음,단일로 - 기타,승용,여,51세,상해없음,보행자,남,74.0,부상신고,서울특별시 중랑구
2021060700100301,2021년 6월 7일 15시,월요일,서울특별시 중랑구 면목동,경상사고,0,0,1,0,차대사람 - 보도통행중,기타,건조,맑음,기타 - 기타,이륜,여,59세,상해없음,보행자,여,69.0,경상,서울특별시 중랑구
2021060700100449,2021년 6월 7일 18시,월요일,서울특별시 송파구 가락동,경상사고,0,0,1,0,차대사람 - 횡단중,안전운전불이행,건조,맑음,교차로 - 교차로안,승용,여,48세,상해없음,보행자,남,74.0,경상,서울특별시 송파구
2021060700100525,2021년 6월 7일 20시,월요일,서울특별시 구로구 궁동,사망사고,2,0,2,0,차대사람 - 길가장자리구역통행중,안전운전불이행,건조,맑음,기타 - 기타,승용,남,51세,상해없음,보행자,남,79.0,사망,서울특별시 구로구
2021060800100039,2021년 6월 8일 07시,화요일,서울특별시 도봉구 도봉동,경상사고,0,0,1,0,차대사람 - 횡단중,보행자보호의무위반,건조,맑음,교차로 - 교차로안,화물,남,62세,상해없음,보행자,여,73.0,경상,서울특별시 도봉구
2021060800100103,2021년 6월 8일 09시,화요일,서울특별시 영등포구 당산동1가,중상사고,0,1,0,0,차대사람 - 차도통행중,안전운전불이행,건조,맑음,단일로 - 기타,화물,남,51세,상해없음,보행자,여,77.0,중상,서울특별시 영등포구
2021060800100130,2021년 6월 8일 10시,화요일,서울특별시 서대문구 북가좌동,경상사고,0,0,1,0,차대사람 - 횡단중,보행자보호의무위반,건조,맑음,교차로 - 교차로횡단보도내,화물,남,53세,상해없음,보행자,여,76.0,경상,서울특별시 서대문구
2021060800100137,2021년 6월 8일 10시,화요일,서울특별시 구로구 오류동,중상사고,0,1,0,0,차대사람 - 기타,안전운전불이행,건조,맑음,단일로 - 기타,승용,남,73세,상해없음,보행자,여,72.0,중상,서울특별시 구로구
2021060800100175,2021년 6월 8일 11시,화요일,서울특별시 중랑구 상봉동,부상신고사고,0,0,0,1,차대사람 - 기타,기타,건조,맑음,기타 - 기타,개인형이동수단(PM),남,77세,상해없음,보행자,남,80.0,부상신고,서울특별시 중랑구
2021060800100511,2021년 6월 8일 20시,화요일,서울특별시 송파구 방이동,경상사고,0,0,1,0,차대사람 - 차도통행중,안전운전불이행,건조,맑음,단일로 - 기타,승용,남,50세,상해없음,보행자,여,67.0,경상,서울특별시 송파구
2021060800100561,2021년 6월 8일 22시,화요일,서울특별시 마포구 성산동,사망사고,1,0,0,1,차대사람 - 기타,안전운전불이행,건조,맑음,기타 - 기타,이륜,남,24세,부상신고,보행자,여,73.0,사망,서울특별시 마포구
2021060900100020,2021년 6월 9일 04시,수요일,서울특별시 관악구 신림동,경상사고,0,0,1,0,차대사람 - 기타,신호위반,건조,맑음,교차로 - 교차로횡단보도내,이륜,남,27세,기타불명,보행자,여,71.0,경상,서울특별시 관악구
2021060900100112,2021년 6월 9일 09시,수요일,서울특별시 동작구 사당동,중상사고,0,1,1,0,차대사람 - 기타,안전운전불이행,기타,맑음,단일로 - 고가도로위,이륜,남,43세,상해없음,보행자,남,78.0,중상,서울특별시 동작구
2021060900100198,2021년 6월 9일 12시,수요일,서울특별시 구로구 오류동,경상사고,0,0,1,0,차대사람 - 길가장자리구역통행중,안전운전불이행,건조,맑음,교차로 - 교차로안,승용,여,77세,상해없음,보행자,여,71.0,경상,서울특별시 구로구