사고번호,사고일시,요일,시군구,사고내용,사망자수,중상자수,경상자수,부상신고자수,사고유형,법규위반,노면상태,기상상태,도로형태,가해운전자 차종,가해운전자 성별,가해운전자 연령,가해운전자 상해정도,피해운전자 차종,피해운전자 성별,피해운전자 연령,피해운전자 상해정도,구
2021072900100276,2021년 7월 29일 14시,목요일,서울특별시 강서구 가양동,사망사고,1,0,0,0,차대사람 - 기타,기타,건조,맑음,단일로 - 기타,승합,남,45세,상해없음,보행자,여,68.0,사망,서울특별시 강서구
2021072900100336,2021년 7월 29일 16시,목요일,서울특별시 성북구 동소문동2가,중상사고,0,1,0,0,차대사람 - 차도통행중,안전운전불이행,건조,맑음,단일로 - 기타,이륜,여,52세,상해없음,보행자,남,69.0,중상,서울특별시 성북구
2021072900100475,2021년 7월 29일 20시,목요일,서울특별시 서대문구 홍제동,중상사고,0,1,0,0,차대사람 - 길가장자리구역통행중,안전운전불이행,건조,맑음,단일로 - 기타,승용,남,62세,상해없음,보행자,남,66.0,중상,서울특별시 서대문구
2021073000100013,2021년 7월 30일 04시,금요일,서울특별시 서초구 방배동,중상사고,0,1,0,0,차대사람 - 보도통행중,안전운전불이행,건조,맑음,단일로 - 기타,화물,남,39세,상해없음,보행자,여,85.0,중상,서울특별시 서초구
2021073000100243,2021년 7월 30일 13시,금요일,서울특별시 은평구 갈현동,경상사고,0,0,1,0,차대사람 - 기타,안전운전불이행,건조,맑음,단일로 - 기타,이륜,남,27세,상해없음,보행자,여,65.0,경상,서울특별시 은평구
2021073000100347,2021년 7월 30일 16시,금요일,서울특별시 은평구 신사동,중상사고,0,1,0,0,차대사람 - 보도통행중,기타,건조,맑음,단일로 - 기타,화물,남,50세,상해없음,보행자,여,74.0,중상,서울특별시 은평구
2021073100100124,2021년 7월 31일 11시,토요일,서울특별시 은평구 응암동,중상사고,0,1,0,0,차대사람 - 횡단중,안전운전불이행,건조,맑음,단일로 - 기타,승용,여,52세,상해없음,보행자,여,70.0,중상,서울특별시 은평구
2021073100100265,2021년 7월 31일 14시,토요일,서울특별시 동대문구 답십리동,경상사고,0,0,1,0,차대사람 - 차도통행중,기타,건조,맑음,단일로 - 기타,승용,남,39세,상해없음,보행자,여,70.0,경상,서울특별시 동대문구
2021073100100557,2021년 7월 31일 23시,토요일,서울특별시 성북구 장위동,부상신고사고,0,0,0,1,차대사람 - 횡단중,안전운전불이행,건조,맑음,단일로 - 기타,승합,여,57세,상해없음,보행자,남,68.0,부상신고,서울특별시 성북구
2021080100100028,2021년 8월 1일 05시,일요일,서울특별시 서대문구 대현동,중상사고,0,1,0,1,차대사람 - 횡단중,신호위반,건조,맑음,단일로 - 기타,이륜,남,75세,부상신고,보행자,남,82.0,중상,서울특별시 서대문구
2021080200100084,2021년 8월 2일 09시,월요일,서울특별시 용산구 청암동,경상사고,0,0,2,0,차대사람 - 횡단중,안전운전불이행,젖음/습기,맑음,단일로 - 기타,이륜,남,32세,경상,보행자,여,82.0,경상,서울특별시 용산구
2021080200100119,2021년 8월 2일 10시,월요일,서울특별시 송파구 오금동,중상사고,0,1,0,0,차대사람 - 길가장자리구역통행중,안전운전불이행,건조,맑음,교차로 - 교차로안,건설기계,남,53세,상해없음,보행자,여,82.0,중상,서울특별시 송파구
2021080200100144,2021년 8월 2일 11시,월요일,서울특별시 중랑구 중화동,중상사고,0,2,0,0,차대사람 - 횡단중,안전운전불이행,건조,맑음,단일로 - 기타,이륜,남,47세,상해없음,보행자,여,71.0,중상,서울특별시 중랑구
2021080200100182,2021년 8월 2일 12시,월요일,서울특별시 서대문구 천연동,중상사고,0,1,0,0,차대사람 - 횡단중,안전운전불이행,건조,맑음,교차로 - 교차로횡단보도내,화물,남,69세,상해없음,보행자,남,83.0,중상,서울특별시 서대문구
2021080200100259,2021년 8월 2일 14시,월요일,서울특별시 양천구 신월동,경상사고,0,0,1,0,차대사람 - 기타,기타,건조,맑음,기타 - 기타,자전거,여,27세,상해없음,보행자,남,73.0,경상,서울특별시 양천구
2021080300100126,2021년 8월 3일 11시,화요일,서울특별시 서대문구 북아현동,중상사고,0,1,0,0,차대사람 - 횡단중,보행자보호의무위반,건조,맑음,교차로 - 교차로횡단보도내,승용,남,76세,상해없음,보행자,여,65.0,중상,서울특별시 서대문구
2021080300100220,2021년 8월 3일 14시,화요일,서울특별시 광진구 중곡동,경상사고,0,0,1,0,차대사람 - 길가장자리구역통행중,안전운전불이행,건조,맑음,단일로 - 기타,승용,여,58세,상해없음,보행자,여,67.0,경상,서울특별시 광진구
2021080300100296,2021년 8월 3일 16시,화요일,서울특별시 광진구 구의동,중상사고,0,1,0,0,차대사람 - 기타,안전운전불이행,건조,맑음,단일로 - 기타,승용,남,36세,상해없음,보행자,남,82.0,중상,서울특별시 광진구
2021080400100227,2021년 8월 4일 13시,수요일,서울특별시 관악구 신림동,중상사고,0,1,0,0,차대사람 - 차도통행중,안전운전불이행,건조,맑음,교차로 - 교차로안,승용,남,41세,상해없음,보행자,여,81.0,중상,서울특별시 관악구
2021080400100301,2021년 8월 4일 15시,수요일,서울특별시 중랑구 신내동,경상사고,0,0,1,0,차대사람 - 횡단중,안전운전불이행,건조,맑음,기타 - 기타,승용,남,28세,상해없음,보행자,여,78.0,경상,서울특별시 중랑구
2021080400100378,2021년 8월 4일 17시,수요일,서울특별시 서초구 신원동,부상신고사고,0,0,0,1,차대사람 - 차도통행중,안전운전불이행,건조,맑음,기타 - 기타,기타불명,기타불명,미분류,기타불명,보행자,여,78.0,부상신고,서울특별시 서초구
2021080400100436,2021년 8월 4일 18시,수요일,서울특별시 성북구 장위동,중상사고,0,2,0,0,차대사람 - 기타,안전운전불이행,건조,맑음,교차로 - 교차로부근,건설기계,남,64세,상해없음,보행자,남,65.0,중상,서울특별시 성북구
2021080400100482,2021년 8월 4일 19시,수요일,서울특별시 강서구 마곡동,중상사고,0,1,0,0,차대사람 - 횡단중,보행자보호의무위반,건조,맑음,교차로 - 교차로안,승용,남,52세,상해없음,보행자,여,74.0,중상,서울특별시 강서구
2021080500100031,2021년 8월 5일 06시,목요일,서울특별시 성동구 성수동1가,중상사고,0,1,0,0,차대사람 - 기타,안전운전불이행,건조,맑음,단일로 - 기타,자전거,남,28세,상해없음,보행자,여,65.0,중상,서울특별시 성동구
2021080500100062,2021년 8월 5일 08시,목요일,서울특별시 강서구 화곡동,경상사고,0,0,1,0,차대사람 - 차도통행중,안전운전불이행,건조,맑음,단일로 - 기타,승합,여,50세,상해없음,보행자,여,80.0,경상,서울특별시 강서구
2021080500100129,2021년 8월 5일 10시,목요일,서울특별시 동대문구 답십리동,중상사고,0,1,0,0,차대사람 - 횡단중,안전운전불이행,건조,맑음,단일로 - 기타,이륜,남,25세,기타불명,보행자,여,72.0,중상,서울특별시 동대문구
2021080500100210,2021년 8월 5일 12시,목요일,서울특별시 동대문구 제기동,사망사고,1,0,0,0,차대사람 - 횡단중,보행자보호의무위반,건조,흐림,교차로 - 교차로횡단보도내,화물,남,39세,상해없음,보행자,여,78.0,사망,서울특별시 동대문구
2021080500100244,2021년 8월 5일 13시,목요일,서울특별시 송파구 삼전동,중상사고,0,1,0,0,차대사람 - 차도통행중,안전운전불이행,건조,맑음,단일로 - 기타,승용,남,76세,상해없음,보행자,남,71.0,중상,서울특별시 송파구
2021080600100097,2021년 8월 6일 09시,금요일,서울특별시 동대문구 제기동,경상사고,0,0,1,0,차대사람 - 기타,안전운전불이행,건조,맑음,단일로 - 기타,승용,남,83세,상해없음,보행자,여,69.0,경상,서울특별시 동대문구
2021080600100101,2021년 8월 6일 09시,금요일,서울특별시 마포구 염리동,중상사고,0,1,0,0,차대사람 - 기타,안전운전불이행,건조,맑음,단일로 - 기타,개인형이동수단(PM),여,29세,상해없음,보행자,여,65.0,중상,서울특별시 마포구
2021080600100143,2021년 8월 6일 10시,금요일,서울특별시 관악구 신림동,경상사고,0,0,1,0,차대사람 - 기타,안전운전불이행,건조,맑음,교차로 - 교차로안,승용,남,58세,상해없음,보행자,여,84.0,경상,서울특별시 관악구
2021080600100575,2021년 8월 6일 21시,금요일,서울특별시 종로구 숭인동,중상사고,0,1,0,0,차대사람 - 횡단중,보행자보호의무위반,건조,맑음,교차로 - 교차로횡단보도내,승용,남,40세,상해없음,보행자,남,76.0,중상,서울특별시 종로구
2021080700100042,2021년 8월 7일 07시,토요일,서울특별시 송파구 오금동,경상사고,0,0,1,0,차대사람 - 기타,안전운전불이행,건조,맑음,교차로 - 교차로안,화물,남,55세,상해없음,보행자,여,81.0,경상,서울특별시 송파구
2021080700100098,2021년 8월 7일 10시,토요일,서울특별시 종로구 낙원동,중상사고,0,1,0,0,차대사람 - 기타,안전운전불이행,건조,맑음,단일로 - 기타,승용,남,42세,상해없음,보행자,남,78.0,중상,서울특별시 종로구
2021080700100130,2021년 8월 7일 11시,토요일,서울특별시 동대문구 장안동,경상사고,0,0,1,0,차대사람 - 기타,기타,건조,맑음,단일로 - 기타,화물,남,48세,상해없음,보행자,남,72.0,경상,서울특별시 동대문구
2021080700100131,2021년 8월 7일 11시,토요일,서울특별시 동대문구 장안동,사망사고,1,0,0,0,차대사람 - 차도통행중,안전운전불이행,건조,맑음,단일로 - 기타,승용,남,77세,상해없음,보행자,여,83.0,사망,서울특별시 동대문구
2021080700100132,2021년 8월 7일 11시,토요일,서울특별시 마포구 서교동,경상사고,0,0,1,0,차대사람 - 횡단중,안전운전불이행,건조,맑음,단일로 - 기타,승용,여,60세,상해없음,보행자,여,75.0,경상,서울특별시 마포구
2021080700100314,2021년 8월 7일 16시,토요일,서울특별시 종로구 종로6가,경상사고,0,0,1,0,차대사람 - 횡단중,보행자보호의무위반,건조,맑음,교차로 - 교차로안,승용,남,69세,상해없음,보행자,남,85.0,경상,서울특별시 종로구
2021080700100344,2021년 8월 7일 17시,토요일,서울특별시 서대문구 남가좌동,중상사고,0,1,0,0,차대사람 - 길가장자리구역통행중,안전운전불이행,건조,맑음,단일로 - 기타,승용,여,46세,상해없음,보행자,여,71.0,중상,서울특별시 서대문구
2021080800100060,2021년 8월 8일 08시,일요일,서울특별시 강동구 강일동,중상사고,0,1,0,0,차대사람 - 기타,안전운전불이행,건조,맑음,단일로 - 기타,자전거,남,47세,상해없음,보행자,여,67.0,중상,서울특별시 강동구
2021080800100226,2021년 8월 8일 16시,일요일,서울특별시 중랑구 면목동,경상사고,0,0,1,0,차대사람 - 기타,안전운전불이행,건조,맑음,단일로 - 지하차도(도로)내,승용,여,44세,상해없음,보행자,남,69.0,경상,서울특별시 중랑구
2021080900100152,2021년 8월 9일 10시,월요일,서울특별시 영등포구 신길동,중상사고,0,1,0,0,차대사람 - 기타,안전운전불이행,건조,맑음,단일로 - 기타,승용,여,40세,상해없음,보행자,남,76.0,중상,서울특별시 영등포구
2021080900100223,2021년 8월 9일 12시,월요일,서울특별시 서대문구 창천동,경상사고,0,0,1,0,차대사람 - 차도통행중,안전운전불이행,건조,맑음,단일로 - 기타,자전거,남,24세,상해없음,보행자,여,73.0,경상,서울특별시 서대문구
2021080900100290,2021년 8월 9일 14시,월요일,서울특별시 강북구 미아동,중상사고,0,1,0,0,차대사람 - 길가장자리구역통행중,안전운전불이행,건조,맑음,교차로 - 교차로안,승용,남,62세,상해없음,보행자,여,85.0,중상,서울특별시 강북구
2021080900100365,2021년 8월 9일 16시,월요일,서울특별시 영등포구 문래동2가,부상신고사고,0,0,0,1,차대사람 - 차도통행중,안전운전불이행,기타,기타,단일로 - 기타,이륜,남,48세,상해없음,보행자,여,67.0,부상신고,서울특별시 영등포구
2021080900100530,2021년 8월 9일 20시,월요일,서울특별시 구로구 항동,경상사고,0,0,1,0,차대사람 - 횡단중,안전운전불이행,건조,맑음,교차로 - 교차로안,승용,남,25세,상해없음,보행자,여,67.0,경상,서울특별시 구로구
2021081000100026,2021년 8월 10일 06시,화요일,서울특별시 송파구 풍납동,중상사고,0,1,0,0,차대사람 - 횡단중,보행자보호의무위반,건조,맑음,교차로 - 교차로횡단보도내,승용,남,47세,상해없음,보행자,여,87.0,중상,서울특별시 송파구
2021081000100027,2021년 8월 10일 06시,화요일,서울특별시 서초구 반포동,중상사고,0,1,0,0,차대사람 - 기타,안전운전불이행,건조,흐림,주차장 - 주차장,화물,남,57세,상해없음,보행자,여,80.0,중상,서울특별시 서초구
2021081000100039,2021년 8월 10일 07시,화요일,서울특별시 금천구 시흥동,부상신고사고,0,0,0,1,차대사람 - 기타,안전운전불이행,건조,맑음,단일로 - 기타,자전거,남,48세,상해없음,보행자,남,68.0,부상신고,서울특별시 금천구
2021081000100052,2021년 8월 10일 08시,화요일,서울특별시 중랑구 상봉동,중상사고,0,1,0,0,차대사람 - 길가장자리구역통행중,안전운전불이행,건조,맑음,단일로 - 기타,승용,남,62세,상해없음,보행자,남,80.0,중상,서울특별시 중랑구
2021081000100077,2021년 8월 10일 09시,화요일,서울특별시 노원구 월계동,중상사고,0,1,0,0,차대사람 - 차도통행중,중앙선침범,건조,맑음,단일로 - 기타,화물,남,67세,상해없음,보행자,여,78.0,중상,서울특별시 노원구
2021081000100106,2021년 8월 10일 10시,화요일,서울특별시 강남구 개포동,중상사고,0,1,0,0,차대사람 - 횡단중,안전운전불이행,건조,맑음,교차로 - 교차로안,승용,남,37세,상해없음,보행자,여,66.0,중상,서울특별시 강남구
2021081100100044,2021년 8월 11일 07시,수요일,서울특별시 양천구 신월동,중상사고,0,1,0,0,차대사람 - 기타,안전운전불이행,건조,맑음,교차로 - 교차로안,화물,남,42세,상해없음,보행자,여,77.0,중상,서울특별시 양천구
2021081100100274,2021년 8월 11일 15시,수요일,서울특별시 중랑구 묵동,경상사고,0,0,1,0,차대사람 - 횡단중,보행자보호의무위반,건조,맑음,교차로 - 교차로부근,승용,여,71세,상해없음,보행자,여,76.0,경상,서울특별시 중랑구
2021081100100338,2021년 8월 11일 17시,수요일,서울특별시 마포구 공덕동,사망사고,1,0,0,0,차대사람 - 차도통행중,교차로운행방법위반,건조,맑음,교차로 - 교차로안,화물,남,55세,상해없음,보행자,여,85.0,사망,서울특별시 마포구
2021081100100375,2021년 8월 11일 18시,수요일,서울특별시 동작구 상도동,경상사고,0,0,1,0,차대사람 - 기타,안전운전불이행,건조,맑음,단일로 - 기타,승합,남,46세,상해없음,보행자,여,74.0,경상,서울특별시 동작구
2021081200100044,2021년 8월 12일 07시,목요일,서울특별시 서초구 반포동,중상사고,0,1,0,0,차대사람 - 기타,안전운전불이행,건조,맑음,교차로 - 교차로부근,승용,남,68세,상해없음,보행자,남,66.0,중상,서울특별시 서초구
2021081200100201,2021년 8월 12일 12시,목요일,서울특별시 금천구 시흥동,경상사고,0,0,2,0,차대사람 - 보도통행중,기타,건조,맑음,기타 - 기타,이륜,남,57세,경상,보행자,여,65.0,경상,서울특별시 금천구
2021081200100404,2021년 8월 12일 18시,목요일,서울특별시 강동구 성내동,중상사고,0,1,0,0,차대사람 - 횡단중,안전운전불이행,젖음/습기,비,교차로 - 교차로안,이륜,남,45세,상해없음,보행자,여,81.0,중상,서울특별시 강동구
2021081200100409,2021년 8월 12일 18시,목요일,서울특별시 노원구 중계동,중상사고,0,1,0,0,차대사람 - 기타,안전운전불이행,젖음/습기,비,단일로 - 기타,자전거,남,39세,상해없음,보행자,여,69.0,중상,서울특별시 노원구
2021081300100090,2021년 8월 13일 09시,금요일,서울특별시 구로구 개봉동,중상사고,0,1,0,0,차대사람 - 기타,안전운전불이행,건조,맑음,기타 - 기타,승용,여,58세,상해없음,보행자,여,70.0,중상,서울특별시 구로구
2021081300100137,2021년 8월 13일 11시,금요일,서울특별시 강서구 화곡동,중상사고,0,1,0,0,차대사람 - 차도통행중,중앙선침범,건조,맑음,단일로 - 기타,화물,남,57세,상해없음,보행자,남,73.0,중상,서울특별시 강서구
2021081300100365,2021년 8월 13일 17시,금요일,서울특별시 강서구 화곡동,경상사고,0,0,1,0,차대사람 - 기타,안전운전불이행,건조,맑음,교차로 - 교차로부근,승용,남,28세,기타불명,보행자,남,65.0,경상,서울특별시 강서구
2021081300100370,2021년 8월 13일 17시,금요일,서울특별시 서초구 방배동,경상사고,0,0,1,0,차대사람 - 차도통행중,안전운전불이행,건조,맑음,단일로 - 기타,화물,남,28세,상해없음,보행자,여,72.0,경상,서울특별시 서초구
2021081300100469,2021년 8월 13일 19시,금요일,서울특별시 노원구 상계동,경상사고,0,0,1,0,차대사람 - 기타,안전운전불이행,건조,맑음,단일로 - 기타,승용,남,42세,상해없음,보행자,남,72.0,경상,서울특별시 노원구
2021081400100120,2021년 8월 14일 11시,토요일,서울특별시 중랑구 면목동,경상사고,0,0,1,0,차대사람 - 기타,안전운전불이행,젖음/습기,흐림,교차로 - 교차로횡단보도내,승합,남,59세,상해없음,보행자,여,82.0,경상,서울특별시 중랑구
2021081400100161,2021년 8월 14일 12시,토요일,서울특별시 노원구 하계동,경상사고,0,0,1,0,차대사람 - 보도통행중,안전운전불이행,건조,맑음,단일로 - 기타,자전거,남,12세,상해없음,보행자,여,76.0,경상,서울특별시 노원구
2021081500100391,2021년 8월 15일 22시,일요일,서울특별시 용산구 동빙고동,경상사고,0,0,1,0,차대사람 - 기타,안전운전불이행,건조,맑음,기타 - 기타,승용,남,50세,상해없음,보행자,남,72.0,경상,서울특별시 용산구
2021081600100057,2021년 8월 16일 09시,월요일,서울특별시 도봉구 쌍문동,중상사고,0,1,0,0,차대사람 - 기타,안전운전불이행,건조,맑음,교차로 - 교차로안,승용,남,47세,상해없음,보행자,남,83.0,중상,서울특별시 도봉구
2021081600100263,2021년 8월 16일 16시,월요일,서울특별시 마포구 망원동,중상사고,0,1,0,0,차대사람 - 기타,안전운전불이행,건조,맑음,단일로 - 기타,화물,남,52세,상해없음,보행자,여,80.0,중상,서울특별시 마포구
2021081600100298,2021년 8월 16일 17시,월요일,서울특별시 강남구 청담동,중상사고,0,1,0,0,차대사람 - 기타,안전운전불이행,건조,맑음,단일로 - 기타,자전거,남,30세,상해없음,보행자,여,78.0,중상,서울특별시 강남구
2021081600100364,2021년 8월 16일 19시,월요일,서울특별시 중랑구 면목동,중상사고,0,1,0,0,차대사람 - 횡단중,안전운전불이행,건조,맑음,단일로 - 기타,승용,남,52세,상해없음,보행자,여,89.0,중상,서울특별시 중랑구
2021081700100266,2021년 8월 17일 14시,화요일,서울특별시 동작구 흑석동,경상사고,0,0,1,0,차대사람 - 횡단중,안전운전불이행,건조,맑음,교차로 - 교차로부근,승용,남,74세,상해없음,보행자,여,79.0,경상,서울특별시 동작구
2021081800100015,2021년 8월 18일 04시,수요일,서울특별시 강서구 등촌동,사망사고,1,0,0,0,차대사람 - 횡단중,안전운전불이행,건조,흐림,단일로 - 기타,승용,남,78세,상해없음,보행자,여,77.0,사망,서울특별시 강서구
2021081800100118,2021년 8월 18일 10시,수요일,서울특별시 노원구 상계동,경상사고,0,0,1,0,차대사람 - 횡단중,보행자보호의무위반,건조,맑음,교차로 - 교차로횡단보도내,승용,여,30세,상해없음,보행자,남,71.0,경상,서울특별시 노원구
2021081900100015,2021년 8월 19일 05시,목요일,서울특별시 강남구 논현동,경상사고,0,0,1,0,차대사람 - 보도통행중,보행자보호의무위반,기타,맑음,단일로 - 기타,승용,남,46세,기타불명,보행자,남,68.0,경상,서울특별시 강남구
2021081900100166,2021년 8월 19일 11시,목요일,서울특별시 서대문구 남가좌동,경상사고,0,0,1,0,차대사람 - 보도통행중,기타,건조,맑음,단일로 - 기타,승용,여,49세,상해없음,보행자,여,79.0,경상,서울특별시 서대문구
2021081900100173,2021년 8월 19일 11시,목요일,서울특별시 강서구 등촌동,경상사고,0,0,1,0,차대사람 - 기타,안전운전불이행,건조,맑음,단일로 - 기타,승용,남,56세,기타불명,보행자,여,76.0,경상,서울특별시 강서구
2021081900100430,2021년 8월 19일 18시,목요일,서울특별시 중랑구 중화동,경상사고,0,0,1,0,차대사람 - 차도통행중,안전운전불이행,건조,맑음,단일로 - 기타,승용,여,60세,상해없음,보행자,남,71.0,경상,서울특별시 중랑구
2021081900100529,2021년 8월 19일 21시,목요일,서울특별시 동작구 상도동,중상사고,0,1,0,0,차대사람 - 횡단중,안전운전불이행,건조,맑음,교차로 - 교차로부근,승합,남,58세,상해없음,보행자,여,65.0,중상,서울특별시 동작구
2021082000100059,2021년 8월 20일 08시,금요일,서울특별시 중랑구 묵동,중상사고,0,1,0,0,차대사람 - 횡단중,안전운전불이행,건조,맑음,교차로 - 교차로안,화물,남,71세,상해없음,보행자,여,78.0,중상,서울특별시 중랑구
2021082000100264,2021년 8월 20일 14시,금요일,서울특별시 동대문구 제기동,중상사고,0,1,0,0,차대사람 - 기타,안전운전불이행,건조,맑음,교차로 - 교차로안,화물,남,67세,상해없음,보행자,여,85.0,중상,서울특별시 동대문구
2021082000100272,2021년 8월 20일 14시,금요일,서울특별시 노원구 공릉동,경상사고,0,0,1,0,차대사람 - 길가장자리구역통행중,안전운전불이행,건조,맑음,단일로 - 기타,화물,남,41세,상해없음,보행자,여,74.0,경상,서울특별시 노원구
2021082000100340,2021년 8월 20일 16시,금요일,서울특별시 광진구 광장동,경상사고,0,0,1,0,차대사람 - 길가장자리구역통행중,안전운전불이행,건조,맑음,기타 - 기타,자전거,남,10세,상해없음,보행자,여,74.0,경상,서울특별시 광진구
2021082000100381,2021년 8월 20일 17시,금요일,서울특별시 광진구 자양동,중상사고,0,1,0,0,차대사람 - 기타,기타,건조,맑음,단일로 - 기타,승합,남,45세,상해없음,보행자,여,66.0,중상,서울특별시 광진구
2021082000100529,2021년 8월 20일 20시,금요일,서울특별시 강남구 논현동,경상사고,0,0,1,0,차대사람 - 기타,보행자보호의무위반,건조,맑음,단일로 - 기타,승용,여,53세,상해없음,보행자,남,65.0,경상,서울특별시 강남구
2021082100100002,2021년 8월 21일 00시,토요일,서울특별시 송파구 가락동,중상사고,0,1,0,0,차대사람 - 기타,안전운전불이행,건조,맑음,기타 - 기타,기타불명,남,47세,상해없음,보행자,여,73.0,중상,서울특별시 송파구
2021082100100143,2021년 8월 21일 12시,토요일,서울특별시 강서구 화곡동,중상사고,0,1,0,0,차대사람 - 차도통행중,안전운전불이행,젖음/습기,비,교차로 - 교차로안,승용,남,70세,상해없음,보행자,남,74.0,중상,서울특별시 강서구
2021082100100236,2021년 8월 21일 14시,토요일,서울특별시 동대문구 이문동,사망사고,1,0,0,0,차대사람 - 횡단중,보행자보호의무위반,젖음/습기,비,단일로 - 기타,승용,남,64세,상해없음,보행자,남,92.0,사망,서울특별시 동대문구
2021082200100066,2021년 8월 22일 10시,일요일,서울특별시 중랑구 면목동,중상사고,0,1,0,0,차대사람 - 횡단중,안전운전불이행,건조,맑음,단일로 - 기타,승용,남,33세,상해없음,보행자,여,77.0,중상,서울특별시 중랑구
2021082200100084,2021년 8월 22일 11시,일요일,서울특별시 동작구 본동,중상사고,0,1,0,0,차대사람 - 기타,안전운전불이행,건조,맑음,교차로 - 교차로안,승용,여,34세,상해없음,보행자,여,68.0,중상,서울특별시 동작구
2021082200100224,2021년 8월 22일 16시,일요일,서울특별시 중랑구 망우동,경상사고,0,0,1,0,차대사람 - 차도통행중,안전운전불이행,건조,맑음,교차로 - 교차로안,화물,남,61세,상해없음,보행자,남,65.0,경상,서울특별시 중랑구
2021082200100256,2021년 8월 22일 17시,일요일,서울특별시 광진구 자양동,부상신고사고,0,0,0,1,차대사람 - 기타,안전운전불이행,건조,맑음,기타 - 기타,자전거,남,9세,상해없음,보행자,여,67.0,부상신고,서울특별시 광진구
2021082200100280,2021년 8월 22일 18시,일요일,서울특별시 송파구 오금동,사망사고,1,0,0,0,차대사람 - 길가장자리구역통행중,안전운전불이행,건조,맑음,교차로 - 교차로안,승용,여,39세,상해없음,보행자,여,78.0,사망,서울특별시 송파구
2021082200100307,2021년 8월 22일 19시,일요일,서울특별시 구로구 개봉동,경상사고,0,0,1,0,차대사람 - 기타,안전운전불이행,건조,맑음,교차로 - 교차로부근,승용,여,36세,상해없음,보행자,여,72.0,경상,서울특별시 구로구
2021082300100076,2021년 8월 23일 09시,월요일,서울특별시 구로구 궁동,중상사고,0,1,0,0,차대사람 - 기타,안전운전불이행,건조,맑음,교차로 - 교차로부근,자전거,남,76세,상해없음,보행자,여,75.0,중상,서울특별시 구로구
2021082300100102,2021년 8월 23일 10시,월요일,서울특별시 광진구 자양동,경상사고,0,0,1,0,차대사람 - 보도통행중,기타,건조,맑음,단일로 - 기타,화물,남,55세,상해없음,보행자,여,79.0,경상,서울특별시 광진구
2021082300100110,2021년 8월 23일 10시,월요일,서울특별시 도봉구 도봉동,중상사고,0,1,0,0,차대사람 - 기타,안전운전불이행,건조,맑음,단일로 - 기타,원동기,여,19세,상해없음,보행자,여,88.0,중상,서울특별시 도봉구
2021082300100133,2021년 8월 23일 11시,월요일,서울특별시 금천구 독산동,경상사고,0,0,1,0,차대사람 - 기타,안전운전불이행,건조,맑음,기타 - 기타,승용,여,57세,상해없음,보행자,여,71.0,경상,서울특별시 금천구
2021082300100167,2021년 8월 23일 12시,월요일,서울특별시 종로구 평창동,중상사고,0,1,0,0,차대사람 - 횡단중,보행자보호의무위반,건조,맑음,단일로 - 기타,승용,남,74세,상해없음,보행자,여,72.0,중상,서울특별시 종로구
2021082300100221,2021년 8월 23일 13시,월요일,서울특별시 양천구 신월동,중상사고,0,1,0,0,차대사람 - 보도통행중,신호위반,젖음/습기,비,교차로 - 교차로횡단보도내,승용,남,72세,상해없음,보행자,여,78.0,중상,서울특별시 양천구
2021082300100291,2021년 8월 23일 15시,월요일,서울특별시 광진구 중곡동,경상사고,0,0,1,0,차대사람 - 기타,안전운전불이행,젖음/습기,흐림,단일로 - 기타,승용,남,68세,상해없음,보행자,남,77.0,경상,서울특별시 광진구
2021082300100482,2021년 8월 23일 20시,월요일,서울특별시 강북구 번동,경상사고,0,0,1,0,차대사람 - 횡단중,안전운전불이행,젖음/습기,비,교차로 - 교차로안,승용,남,32세,상해없음,보행자,남,77.0,경상,서울특별시 강북구
2021082300100523,2021년 8월 23일 21시,월요일,서울특별시 광진구 화양동,경상사고,0,0,1,0,차대사람 - 기타,안전운전불이행,젖음/습기,비,단일로 - 기타,기타불명,기타불명,미분류,기타불명,보행자,여,65.0,경상,서울특별시 광진구
2021082400100097,2021년 8월 24일 09시,화요일,서울특별시 양천구 신정동,중상사고,0,1,0,0,차대사람 - 차도통행중,안전운전불이행,젖음/습기,비,단일로 - 기타,자전거,남,25세,상해없음,보행자,남,74.0,중상,서울특별시 양천구
2021082400100132,2021년 8월 24일 11시,화요일,서울특별시 마포구 망원동,부상신고사고,0,0,0,1,차대사람 - 횡단중,안전운전불이행,건조,맑음,단일로 - 기타,승용,여,40세,상해없음,보행자,여,81.0,부상신고,서울특별시 마포구
2021082400100232,2021년 8월 24일 14시,화요일,서울특별시 도봉구 쌍문동,중상사고,0,1,0,0,차대사람 - 기타,안전운전불이행,젖음/습기,맑음,교차로 - 교차로안,화물,남,61세,상해없음,보행자,여,74.0,중상,서울특별시 도봉구
2021082400100335,2021년 8월 24일 17시,화요일,서울특별시 노원구 공릉동,경상사고,0,0,1,0,차대사람 - 보도통행중,보행자보호의무위반,젖음/습기,비,기타 - 기타,승용,여,61세,상해없음,보행자,여,66.0,경상,서울특별시 노원구
2021082500100255,2021년 8월 25일 14시,수요일,서울특별시 양천구 목동,중상사고,0,1,0,0,차대사람 - 횡단중,안전운전불이행,건조,맑음,단일로 - 기타,승용,여,53세,상해없음,보행자,남,66.0,중상,서울특별시 양천구
2021082500100290,2021년 8월 25일 15시,수요일,서울특별시 강남구 역삼동,경상사고,0,0,1,0,차대사람 - 기타,안전운전불이행,건조,맑음,단일로 - 기타,승용,남,24세,상해없음,보행자,남,71.0,경상,서울특별시 강남구