사고번호,사고일시,요일,시군구,사고내용,사망자수,중상자수,경상자수,부상신고자수,사고유형,법규위반,노면상태,기상상태,도로형태,가해운전자 차종,가해운전자 성별,가해운전자 연령,가해운전자 상해정도,피해운전자 차종,피해운전자 성별,피해운전자 연령,피해운전자 상해정도,구
2021082500100291,2021년 8월 25일 15시,수요일,서울특별시 강서구 화곡동,경상사고,0,0,1,0,차대사람 - 기타,안전운전불이행,건조,맑음,단일로 - 기타,화물,남,62세,상해없음,보행자,여,66.0,경상,서울특별시 강서구
2021082500100450,2021년 8월 25일 19시,수요일,서울특별시 중구 을지로3가,부상신고사고,0,0,0,1,차대사람 - 기타,안전운전불이행,건조,맑음,단일로 - 기타,승용,남,58세,상해없음,보행자,남,82.0,부상신고,서울특별시 중구
2021082600100209,2021년 8월 26일 12시,목요일,서울특별시 노원구 중계동,경상사고,0,0,1,0,차대사람 - 기타,기타,건조,맑음,교차로 - 교차로부근,승용,남,71세,상해없음,보행자,여,79.0,경상,서울특별시 노원구
2021082600100267,2021년 8월 26일 14시,목요일,서울특별시 양천구 목동,경상사고,0,0,1,0,차대사람 - 횡단중,안전운전불이행,건조,맑음,교차로 - 교차로안,화물,남,42세,상해없음,보행자,여,86.0,경상,서울특별시 양천구
2021082600100308,2021년 8월 26일 15시,목요일,서울특별시 강동구 길동,경상사고,0,0,1,0,차대사람 - 횡단중,보행자보호의무위반,건조,맑음,교차로 - 교차로부근,자전거,남,77세,상해없음,보행자,남,65.0,경상,서울특별시 강동구
2021082600100387,2021년 8월 26일 17시,목요일,서울특별시 동대문구 용두동,중상사고,0,1,0,0,차대사람 - 기타,안전운전불이행,건조,맑음,단일로 - 기타,승용,남,42세,상해없음,보행자,여,65.0,중상,서울특별시 동대문구
2021082600100467,2021년 8월 26일 19시,목요일,서울특별시 서초구 양재동,중상사고,0,1,0,0,차대사람 - 횡단중,보행자보호의무위반,건조,맑음,교차로 - 교차로횡단보도내,승용,남,30세,상해없음,보행자,여,69.0,중상,서울특별시 서초구
2021082800100056,2021년 8월 28일 07시,토요일,서울특별시 성동구 행당동,경상사고,0,0,1,0,차대사람 - 횡단중,보행자보호의무위반,건조,맑음,단일로 - 기타,승용,남,55세,상해없음,보행자,남,70.0,경상,서울특별시 성동구
2021082800100093,2021년 8월 28일 10시,토요일,서울특별시 금천구 독산동,중상사고,0,1,0,0,차대사람 - 기타,안전운전불이행,건조,맑음,단일로 - 기타,자전거,남,19세,상해없음,보행자,여,70.0,중상,서울특별시 금천구
2021082800100271,2021년 8월 28일 15시,토요일,서울특별시 관악구 신림동,중상사고,0,1,0,0,차대사람 - 횡단중,보행자보호의무위반,건조,맑음,교차로 - 교차로횡단보도내,승용,남,60세,상해없음,보행자,여,79.0,중상,서울특별시 관악구
2021082800100476,2021년 8월 28일 21시,토요일,서울특별시 서대문구 충정로3가,중상사고,0,1,0,0,차대사람 - 차도통행중,안전운전불이행,건조,맑음,단일로 - 기타,승용,남,49세,상해없음,보행자,남,65.0,중상,서울특별시 서대문구
2021082900100286,2021년 8월 29일 18시,일요일,서울특별시 용산구 이촌동,경상사고,0,0,1,0,차대사람 - 차도통행중,안전운전불이행,건조,맑음,단일로 - 기타,승합,남,46세,상해없음,보행자,남,75.0,경상,서울특별시 용산구
2021082900100346,2021년 8월 29일 20시,일요일,서울특별시 종로구 평창동,중상사고,0,1,0,0,차대사람 - 횡단중,보행자보호의무위반,건조,맑음,교차로 - 교차로횡단보도내,승용,여,65세,상해없음,보행자,남,88.0,중상,서울특별시 종로구
2021083000100015,2021년 8월 30일 05시,월요일,서울특별시 영등포구 신길동,중상사고,0,1,0,0,차대사람 - 횡단중,안전운전불이행,건조,맑음,단일로 - 기타,승용,남,72세,상해없음,보행자,여,87.0,중상,서울특별시 영등포구
2021083000100024,2021년 8월 30일 06시,월요일,서울특별시 강북구 번동,경상사고,0,0,1,0,차대사람 - 기타,안전운전불이행,건조,맑음,단일로 - 기타,자전거,남,47세,상해없음,보행자,여,82.0,경상,서울특별시 강북구
2021083000100147,2021년 8월 30일 11시,월요일,서울특별시 성동구 응봉동,중상사고,0,1,0,0,차대사람 - 차도통행중,신호위반,건조,맑음,단일로 - 기타,승용,남,78세,상해없음,보행자,여,74.0,중상,서울특별시 성동구
2021083000100192,2021년 8월 30일 12시,월요일,서울특별시 마포구 도화동,중상사고,0,1,0,0,차대사람 - 횡단중,보행자보호의무위반,건조,맑음,교차로 - 교차로횡단보도내,화물,남,68세,상해없음,보행자,여,86.0,중상,서울특별시 마포구
2021083000100243,2021년 8월 30일 14시,월요일,서울특별시 광진구 자양동,경상사고,0,0,1,0,차대사람 - 횡단중,보행자보호의무위반,건조,맑음,교차로 - 교차로횡단보도내,개인형이동수단(PM),남,15세,상해없음,보행자,남,65.0,경상,서울특별시 광진구
2021083000100352,2021년 8월 30일 17시,월요일,서울특별시 마포구 상수동,중상사고,0,1,0,0,차대사람 - 기타,기타,건조,맑음,기타 - 기타,자전거,남,21세,상해없음,보행자,여,69.0,중상,서울특별시 마포구
2021083100100027,2021년 8월 31일 05시,화요일,서울특별시 노원구 공릉동,경상사고,0,0,1,0,차대사람 - 차도통행중,안전운전불이행,건조,맑음,교차로 - 교차로안,승용,남,30세,상해없음,보행자,여,75.0,경상,서울특별시 노원구
2021083100100133,2021년 8월 31일 10시,화요일,서울특별시 강동구 상일동,경상사고,0,0,1,0,차대사람 - 기타,안전운전불이행,건조,맑음,단일로 - 기타,승합,여,44세,상해없음,보행자,여,85.0,경상,서울특별시 강동구
2021083100100163,2021년 8월 31일 11시,화요일,서울특별시 동대문구 청량리동,경상사고,0,0,1,0,차대사람 - 기타,기타,건조,흐림,단일로 - 기타,이륜,남,30세,상해없음,보행자,여,71.0,경상,서울특별시 동대문구
2021083100100194,2021년 8월 31일 12시,화요일,서울특별시 관악구 봉천동,중상사고,0,1,0,0,차대사람 - 차도통행중,안전운전불이행,젖음/습기,비,단일로 - 기타,이륜,남,23세,상해없음,보행자,여,66.0,중상,서울특별시 관악구
2021083100100316,2021년 8월 31일 15시,화요일,서울특별시 서대문구 홍은동,중상사고,0,1,0,0,차대사람 - 차도통행중,안전운전불이행,젖음/습기,비,교차로 - 교차로안,승용,남,56세,상해없음,보행자,여,75.0,중상,서울특별시 서대문구
2021083100100373,2021년 8월 31일 16시,화요일,서울특별시 노원구 상계동,경상사고,0,0,1,0,차대사람 - 기타,기타,젖음/습기,비,기타 - 기타,화물,여,58세,상해없음,보행자,여,65.0,경상,서울특별시 노원구
2021090100100108,2021년 9월 1일 10시,수요일,서울특별시 강북구 미아동,경상사고,0,0,1,0,차대사람 - 횡단중,안전운전불이행,건조,맑음,교차로 - 교차로부근,승용,남,52세,상해없음,보행자,남,72.0,경상,서울특별시 강북구
2021090100100242,2021년 9월 1일 14시,수요일,서울특별시 도봉구 쌍문동,중상사고,0,1,0,0,차대사람 - 횡단중,보행자보호의무위반,건조,맑음,교차로 - 교차로안,화물,남,60세,상해없음,보행자,남,68.0,중상,서울특별시 도봉구
2021090100100276,2021년 9월 1일 15시,수요일,서울특별시 중랑구 면목동,중상사고,0,1,0,0,차대사람 - 보도통행중,기타,건조,맑음,단일로 - 기타,승합,남,53세,상해없음,보행자,여,80.0,중상,서울특별시 중랑구
2021090100100340,2021년 9월 1일 17시,수요일,서울특별시 강북구 수유동,경상사고,0,0,1,0,차대사람 - 기타,신호위반,건조,맑음,단일로 - 기타,승합,남,59세,상해없음,보행자,남,83.0,경상,서울특별시 강북구
2021090200100151,2021년 9월 2일 11시,목요일,서울특별시 서대문구 홍은동,중상사고,0,1,0,0,차대사람 - 기타,안전운전불이행,건조,맑음,교차로 - 교차로부근,이륜,남,86세,상해없음,보행자,여,83.0,중상,서울특별시 서대문구
2021090200100231,2021년 9월 2일 14시,목요일,서울특별시 서대문구 홍제동,중상사고,0,1,0,0,차대사람 - 차도통행중,안전운전불이행,건조,흐림,단일로 - 기타,화물,남,62세,상해없음,보행자,여,68.0,중상,서울특별시 서대문구
2021090200100440,2021년 9월 2일 19시,목요일,서울특별시 강서구 화곡동,중상사고,0,1,0,1,차대사람 - 보도통행중,보행자보호의무위반,건조,맑음,교차로 - 교차로횡단보도내,승용,남,39세,상해없음,보행자,남,74.0,중상,서울특별시 강서구
2021090200100472,2021년 9월 2일 20시,목요일,서울특별시 동대문구 답십리동,중상사고,0,1,0,0,차대사람 - 횡단중,보행자보호의무위반,건조,맑음,교차로 - 교차로횡단보도내,승합,여,68세,상해없음,보행자,남,65.0,중상,서울특별시 동대문구
2021090300100269,2021년 9월 3일 15시,금요일,서울특별시 광진구 중곡동,경상사고,0,0,1,0,차대사람 - 기타,안전운전불이행,건조,맑음,교차로 - 교차로안,승용,남,59세,상해없음,보행자,여,65.0,경상,서울특별시 광진구
2021090300100343,2021년 9월 3일 17시,금요일,서울특별시 송파구 송파동,부상신고사고,0,0,0,1,차대사람 - 기타,안전운전불이행,건조,맑음,단일로 - 기타,개인형이동수단(PM),남,51세,상해없음,보행자,여,69.0,부상신고,서울특별시 송파구
2021090400100048,2021년 9월 4일 07시,토요일,서울특별시 서대문구 북가좌동,중상사고,0,1,0,0,차대사람 - 차도통행중,안전운전불이행,건조,맑음,단일로 - 기타,승용,남,59세,상해없음,보행자,남,75.0,중상,서울특별시 서대문구
2021090400100073,2021년 9월 4일 09시,토요일,서울특별시 동작구 사당동,중상사고,0,1,0,0,차대사람 - 차도통행중,안전운전불이행,건조,맑음,교차로 - 교차로안,승용,여,41세,상해없음,보행자,여,82.0,중상,서울특별시 동작구
2021090400100366,2021년 9월 4일 18시,토요일,서울특별시 동작구 동작동,경상사고,0,0,1,0,차대사람 - 기타,안전운전불이행,건조,맑음,단일로 - 기타,자전거,남,48세,상해없음,보행자,남,70.0,경상,서울특별시 동작구
2021090400100402,2021년 9월 4일 19시,토요일,서울특별시 관악구 봉천동,경상사고,0,0,1,0,차대사람 - 횡단중,안전운전불이행,건조,맑음,교차로 - 교차로안,이륜,남,16세,상해없음,보행자,남,65.0,경상,서울특별시 관악구
2021090500100149,2021년 9월 5일 14시,일요일,서울특별시 성북구 동선동1가,중상사고,0,1,0,0,차대사람 - 기타,안전운전불이행,건조,맑음,단일로 - 기타,승합,남,56세,상해없음,보행자,여,71.0,중상,서울특별시 성북구
2021090500100189,2021년 9월 5일 15시,일요일,서울특별시 양천구 목동,중상사고,0,1,0,0,차대사람 - 기타,기타,건조,맑음,단일로 - 기타,승합,남,61세,상해없음,보행자,여,81.0,중상,서울특별시 양천구
2021090500100228,2021년 9월 5일 16시,일요일,서울특별시 은평구 진관동,경상사고,0,0,1,0,차대사람 - 기타,안전운전불이행,건조,맑음,단일로 - 기타,승용,여,56세,상해없음,보행자,여,68.0,경상,서울특별시 은평구
2021090600100033,2021년 9월 6일 06시,월요일,서울특별시 송파구 가락동,중상사고,0,1,0,0,차대사람 - 횡단중,안전운전불이행,건조,맑음,단일로 - 기타,화물,남,53세,상해없음,보행자,남,80.0,중상,서울특별시 송파구
2021090600100046,2021년 9월 6일 07시,월요일,서울특별시 강북구 수유동,경상사고,0,0,1,0,차대사람 - 기타,안전운전불이행,건조,맑음,단일로 - 기타,승용,남,63세,상해없음,보행자,남,69.0,경상,서울특별시 강북구
2021090600100162,2021년 9월 6일 10시,월요일,서울특별시 관악구 봉천동,중상사고,0,2,0,0,차대사람 - 기타,안전운전불이행,건조,맑음,교차로 - 교차로부근,승용,여,62세,상해없음,보행자,여,62.0,중상,서울특별시 관악구
2021090600100163,2021년 9월 6일 10시,월요일,서울특별시 관악구 신림동,경상사고,0,0,1,0,차대사람 - 기타,안전운전불이행,건조,맑음,단일로 - 기타,승용,남,73세,상해없음,보행자,여,65.0,경상,서울특별시 관악구
2021090600100200,2021년 9월 6일 11시,월요일,서울특별시 강남구 논현동,중상사고,0,1,0,0,차대사람 - 기타,교차로운행방법위반,건조,흐림,교차로 - 교차로부근,승용,남,41세,상해없음,보행자,남,76.0,중상,서울특별시 강남구
2021090600100296,2021년 9월 6일 14시,월요일,서울특별시 동대문구 제기동,경상사고,0,0,1,0,차대사람 - 기타,안전운전불이행,기타,맑음,단일로 - 기타,승용,남,56세,상해없음,보행자,여,66.0,경상,서울특별시 동대문구
2021090600100330,2021년 9월 6일 15시,월요일,서울특별시 강서구 화곡동,중상사고,0,1,0,0,차대사람 - 차도통행중,안전운전불이행,건조,맑음,교차로 - 교차로안,자전거,남,15세,상해없음,보행자,남,69.0,중상,서울특별시 강서구
2021090600100445,2021년 9월 6일 18시,월요일,서울특별시 중구 중림동,중상사고,0,1,0,0,차대사람 - 기타,기타,건조,맑음,단일로 - 기타,기타불명,기타불명,미분류,기타불명,보행자,남,65.0,중상,서울특별시 중구
2021090600100486,2021년 9월 6일 19시,월요일,서울특별시 은평구 역촌동,중상사고,0,1,0,0,차대사람 - 횡단중,안전운전불이행,젖음/습기,비,단일로 - 기타,승용,남,75세,상해없음,보행자,남,67.0,중상,서울특별시 은평구
2021090700100002,2021년 9월 7일 00시,화요일,서울특별시 강남구 청담동,사망사고,1,0,0,0,차대사람 - 횡단중,기타,젖음/습기,비,단일로 - 기타,승용,남,38세,기타불명,보행자,여,89.0,사망,서울특별시 강남구
2021090700100039,2021년 9월 7일 06시,화요일,서울특별시 성동구 마장동,경상사고,0,0,1,0,차대사람 - 기타,안전운전불이행,젖음/습기,비,단일로 - 기타,원동기,남,29세,상해없음,보행자,여,84.0,경상,서울특별시 성동구
2021090700100190,2021년 9월 7일 11시,화요일,서울특별시 양천구 목동,중상사고,0,1,0,0,차대사람 - 횡단중,신호위반,젖음/습기,비,교차로 - 교차로횡단보도내,승용,남,71세,상해없음,보행자,남,79.0,중상,서울특별시 양천구
2021090700100191,2021년 9월 7일 11시,화요일,서울특별시 서초구 방배동,중상사고,0,1,0,0,차대사람 - 횡단중,안전운전불이행,젖음/습기,비,교차로 - 교차로횡단보도내,화물,남,52세,상해없음,보행자,남,70.0,중상,서울특별시 서초구
2021090700100246,2021년 9월 7일 13시,화요일,서울특별시 강북구 수유동,경상사고,0,0,1,0,차대사람 - 횡단중,안전운전불이행,건조,맑음,교차로 - 교차로횡단보도내,승용,여,31세,기타불명,보행자,여,77.0,경상,서울특별시 강북구
2021090700100442,2021년 9월 7일 19시,화요일,서울특별시 동대문구 휘경동,사망사고,1,0,0,0,차대사람 - 횡단중,보행자보호의무위반,젖음/습기,비,단일로 - 기타,이륜,남,23세,상해없음,보행자,남,82.0,사망,서울특별시 동대문구
2021090700100484,2021년 9월 7일 20시,화요일,서울특별시 서대문구 홍제동,중상사고,0,1,0,0,차대사람 - 기타,안전운전불이행,젖음/습기,비,교차로 - 교차로안,승용,남,51세,상해없음,보행자,남,71.0,중상,서울특별시 서대문구
2021090800100196,2021년 9월 8일 11시,수요일,서울특별시 서대문구 북가좌동,경상사고,0,0,1,0,차대사람 - 보도통행중,기타,건조,맑음,단일로 - 기타,승용,여,71세,상해없음,보행자,여,73.0,경상,서울특별시 서대문구
2021090800100486,2021년 9월 8일 18시,수요일,서울특별시 마포구 상수동,경상사고,0,0,1,0,차대사람 - 횡단중,안전운전불이행,건조,맑음,단일로 - 기타,자전거,남,64세,상해없음,보행자,여,75.0,경상,서울특별시 마포구
2021090800100489,2021년 9월 8일 18시,수요일,서울특별시 강서구 가양동,중상사고,0,1,0,0,차대사람 - 횡단중,보행자보호의무위반,건조,맑음,교차로 - 교차로횡단보도내,승용,남,62세,상해없음,보행자,여,69.0,중상,서울특별시 강서구
2021090900100072,2021년 9월 9일 08시,목요일,서울특별시 은평구 갈현동,중상사고,0,1,0,0,차대사람 - 기타,안전운전불이행,건조,맑음,단일로 - 기타,승용,여,39세,상해없음,보행자,남,80.0,중상,서울특별시 은평구
2021090900100117,2021년 9월 9일 09시,목요일,서울특별시 강북구 우이동,중상사고,0,1,0,0,차대사람 - 기타,안전운전불이행,건조,맑음,단일로 - 기타,승용,남,41세,상해없음,보행자,남,69.0,중상,서울특별시 강북구
2021091000100022,2021년 9월 10일 04시,금요일,서울특별시 강동구 암사동,중상사고,0,1,0,0,차대사람 - 횡단중,신호위반,건조,맑음,교차로 - 교차로부근,화물,남,64세,상해없음,보행자,여,75.0,중상,서울특별시 강동구
2021091000100029,2021년 9월 10일 05시,금요일,서울특별시 송파구 잠실동,중상사고,0,1,0,0,차대사람 - 횡단중,안전운전불이행,건조,맑음,단일로 - 기타,승용,남,67세,상해없음,보행자,여,70.0,중상,서울특별시 송파구
2021091000100030,2021년 9월 10일 05시,금요일,서울특별시 노원구 월계동,경상사고,0,0,1,0,차대사람 - 횡단중,안전운전불이행,건조,맑음,기타 - 기타,건설기계,남,66세,상해없음,보행자,여,79.0,경상,서울특별시 노원구
2021091000100076,2021년 9월 10일 08시,금요일,서울특별시 동대문구 제기동,중상사고,0,1,0,0,차대사람 - 기타,안전운전불이행,건조,맑음,단일로 - 기타,기타불명,기타불명,미분류,기타불명,보행자,여,73.0,중상,서울특별시 동대문구
2021091000100181,2021년 9월 10일 11시,금요일,서울특별시 노원구 하계동,중상사고,0,1,0,0,차대사람 - 횡단중,보행자보호의무위반,건조,맑음,교차로 - 교차로안,승용,남,67세,상해없음,보행자,여,71.0,중상,서울특별시 노원구
2021091000100453,2021년 9월 10일 18시,금요일,서울특별시 관악구 신림동,경상사고,0,0,1,0,차대사람 - 기타,안전운전불이행,건조,맑음,교차로 - 교차로안,화물,남,65세,상해없음,보행자,남,71.0,경상,서울특별시 관악구
2021091000100546,2021년 9월 10일 20시,금요일,서울특별시 용산구 이촌동,경상사고,0,0,1,0,차대사람 - 횡단중,안전운전불이행,건조,맑음,교차로 - 교차로부근,승용,남,42세,상해없음,보행자,남,78.0,경상,서울특별시 용산구
2021091100100271,2021년 9월 11일 13시,토요일,서울특별시 강남구 개포동,경상사고,0,0,1,0,차대사람 - 기타,불법유턴,건조,맑음,단일로 - 기타,승용,남,38세,상해없음,보행자,여,82.0,경상,서울특별시 강남구
2021091100100418,2021년 9월 11일 16시,토요일,서울특별시 금천구 시흥동,경상사고,0,0,1,0,차대사람 - 기타,안전운전불이행,건조,맑음,기타 - 기타,화물,남,36세,상해없음,보행자,여,83.0,경상,서울특별시 금천구
2021091200100087,2021년 9월 12일 11시,일요일,서울특별시 성북구 종암동,중상사고,0,1,0,0,차대사람 - 횡단중,신호위반,건조,맑음,단일로 - 기타,자전거,남,69세,상해없음,보행자,여,74.0,중상,서울특별시 성북구
2021091200100283,2021년 9월 12일 17시,일요일,서울특별시 송파구 잠실동,경상사고,0,0,1,0,차대사람 - 길가장자리구역통행중,안전운전불이행,건조,맑음,교차로 - 교차로안,승용,남,78세,상해없음,보행자,남,77.0,경상,서울특별시 송파구
2021091200100360,2021년 9월 12일 19시,일요일,서울특별시 관악구 봉천동,중상사고,0,1,0,0,차대사람 - 차도통행중,안전운전불이행,건조,기타,기타 - 기타,승용,남,39세,상해없음,보행자,여,70.0,중상,서울특별시 관악구
2021091200100415,2021년 9월 12일 21시,일요일,서울특별시 강남구 논현동,경상사고,0,0,1,0,차대사람 - 기타,안전운전불이행,건조,맑음,단일로 - 기타,승용,남,36세,상해없음,보행자,여,73.0,경상,서울특별시 강남구
2021091300100023,2021년 9월 13일 05시,월요일,서울특별시 동대문구 휘경동,중상사고,0,1,0,0,차대사람 - 보도통행중,신호위반,건조,흐림,교차로 - 교차로횡단보도내,승용,남,21세,상해없음,보행자,남,92.0,중상,서울특별시 동대문구
2021091300100024,2021년 9월 13일 05시,월요일,서울특별시 중랑구 신내동,경상사고,0,0,1,0,차대사람 - 횡단중,안전운전불이행,건조,맑음,교차로 - 교차로안,승용,남,78세,상해없음,보행자,여,70.0,경상,서울특별시 중랑구
2021091300100031,2021년 9월 13일 06시,월요일,서울특별시 강서구 화곡동,경상사고,0,0,1,0,차대사람 - 길가장자리구역통행중,안전운전불이행,건조,맑음,단일로 - 기타,화물,남,45세,상해없음,보행자,여,90.0,경상,서울특별시 강서구
2021091300100043,2021년 9월 13일 07시,월요일,서울특별시 강서구 등촌동,중상사고,0,1,0,0,차대사람 - 횡단중,보행자보호의무위반,건조,맑음,교차로 - 교차로횡단보도내,화물,남,75세,상해없음,보행자,여,73.0,중상,서울특별시 강서구
2021091300100324,2021년 9월 13일 14시,월요일,서울특별시 도봉구 창동,중상사고,0,1,0,0,차대사람 - 보도통행중,기타,건조,맑음,기타 - 기타,화물,남,48세,상해없음,보행자,여,79.0,중상,서울특별시 도봉구
2021091300100633,2021년 9월 13일 22시,월요일,서울특별시 노원구 공릉동,중상사고,0,1,0,0,차대사람 - 횡단중,기타,건조,맑음,단일로 - 지하차도(도로)내,승용,남,59세,상해없음,보행자,남,81.0,중상,서울특별시 노원구
2021091400100215,2021년 9월 14일 11시,화요일,서울특별시 강남구 대치동,중상사고,0,1,0,0,차대사람 - 기타,안전운전불이행,건조,맑음,단일로 - 기타,승용,여,59세,상해없음,보행자,여,84.0,중상,서울특별시 강남구
2021091400100342,2021년 9월 14일 14시,화요일,서울특별시 강북구 미아동,중상사고,0,1,0,0,차대사람 - 기타,안전운전불이행,건조,맑음,단일로 - 기타,승합,남,68세,상해없음,보행자,여,69.0,중상,서울특별시 강북구
2021091400100387,2021년 9월 14일 15시,화요일,서울특별시 동작구 상도동,경상사고,0,0,1,0,차대사람 - 보도통행중,기타,건조,맑음,단일로 - 기타,자전거,기타불명,미분류,기타불명,보행자,여,67.0,경상,서울특별시 동작구
2021091400100543,2021년 9월 14일 18시,화요일,서울특별시 동작구 사당동,부상신고사고,0,0,0,1,차대사람 - 차도통행중,안전운전불이행,건조,맑음,교차로 - 교차로안,승용,남,38세,상해없음,보행자,남,78.0,부상신고,서울특별시 동작구
2021091400100549,2021년 9월 14일 18시,화요일,서울특별시 도봉구 쌍문동,중상사고,0,1,0,0,차대사람 - 차도통행중,안전운전불이행,건조,맑음,교차로 - 교차로부근,승용,여,35세,상해없음,보행자,여,81.0,중상,서울특별시 도봉구
2021091400100670,2021년 9월 14일 21시,화요일,서울특별시 동대문구 장안동,경상사고,0,0,1,0,차대사람 - 횡단중,보행자보호의무위반,건조,맑음,교차로 - 교차로횡단보도내,승용,여,54세,상해없음,보행자,여,79.0,경상,서울특별시 동대문구
2021091400100671,2021년 9월 14일 21시,화요일,서울특별시 영등포구 양평동2가,경상사고,0,0,1,0,차대사람 - 기타,안전운전불이행,건조,맑음,단일로 - 기타,승용,남,49세,상해없음,보행자,남,70.0,경상,서울특별시 영등포구
2021091500100264,2021년 9월 15일 12시,수요일,서울특별시 강동구 명일동,중상사고,0,1,0,0,차대사람 - 기타,안전운전불이행,건조,맑음,단일로 - 기타,이륜,남,55세,상해없음,보행자,여,86.0,중상,서울특별시 강동구
2021091500100267,2021년 9월 15일 12시,수요일,서울특별시 은평구 대조동,경상사고,0,0,1,0,차대사람 - 기타,안전운전불이행,건조,맑음,단일로 - 기타,승용,남,24세,상해없음,보행자,여,69.0,경상,서울특별시 은평구
2021091500100387,2021년 9월 15일 15시,수요일,서울특별시 동대문구 장안동,사망사고,1,0,0,0,차대사람 - 기타,보행자보호의무위반,건조,맑음,교차로 - 교차로횡단보도내,화물,남,55세,상해없음,보행자,여,71.0,사망,서울특별시 동대문구
2021091500100494,2021년 9월 15일 17시,수요일,서울특별시 광진구 화양동,경상사고,0,0,1,0,차대사람 - 보도통행중,안전운전불이행,건조,맑음,기타 - 기타,승용,여,24세,기타불명,보행자,남,73.0,경상,서울특별시 광진구
2021091600100019,2021년 9월 16일 05시,목요일,서울특별시 광진구 중곡동,중상사고,0,1,0,0,차대사람 - 기타,신호위반,건조,맑음,교차로 - 교차로안,승용,여,60세,상해없음,보행자,여,72.0,중상,서울특별시 광진구
2021091600100190,2021년 9월 16일 11시,목요일,서울특별시 은평구 역촌동,중상사고,0,1,0,0,차대사람 - 길가장자리구역통행중,안전운전불이행,건조,맑음,단일로 - 기타,승용,여,34세,상해없음,보행자,여,74.0,중상,서울특별시 은평구
2021091600100263,2021년 9월 16일 13시,목요일,서울특별시 동작구 노량진동,중상사고,0,1,0,0,차대사람 - 기타,안전운전불이행,건조,맑음,단일로 - 기타,화물,남,47세,상해없음,보행자,여,85.0,중상,서울특별시 동작구
2021091600100308,2021년 9월 16일 14시,목요일,서울특별시 마포구 성산동,중상사고,0,1,0,0,차대사람 - 횡단중,안전운전불이행,건조,맑음,단일로 - 기타,이륜,남,31세,상해없음,보행자,여,82.0,중상,서울특별시 마포구
2021091600100404,2021년 9월 16일 16시,목요일,서울특별시 은평구 신사동,중상사고,0,1,0,0,차대사람 - 횡단중,보행자보호의무위반,건조,맑음,교차로 - 교차로안,승용,남,61세,상해없음,보행자,여,76.0,중상,서울특별시 은평구
2021091600100407,2021년 9월 16일 16시,목요일,서울특별시 송파구 문정동,경상사고,0,0,1,0,차대사람 - 기타,안전운전불이행,건조,맑음,기타 - 기타,승합,남,54세,상해없음,보행자,여,73.0,경상,서울특별시 송파구
2021091600100556,2021년 9월 16일 19시,목요일,서울특별시 노원구 공릉동,중상사고,0,1,0,0,차대사람 - 기타,안전운전불이행,건조,맑음,단일로 - 기타,승용,남,67세,상해없음,보행자,여,69.0,중상,서울특별시 노원구
2021091600100595,2021년 9월 16일 20시,목요일,서울특별시 영등포구 여의도동,중상사고,0,1,0,1,차대사람 - 횡단중,안전운전불이행,건조,맑음,단일로 - 기타,자전거,남,30세,부상신고,보행자,남,69.0,중상,서울특별시 영등포구
2021091700100123,2021년 9월 17일 09시,금요일,서울특별시 성동구 마장동,사망사고,1,0,0,0,차대사람 - 횡단중,신호위반,건조,맑음,단일로 - 기타,화물,남,67세,상해없음,보행자,남,77.0,사망,서울특별시 성동구
2021091700100162,2021년 9월 17일 10시,금요일,서울특별시 동대문구 제기동,경상사고,0,0,1,0,차대사람 - 횡단중,안전운전불이행,건조,맑음,단일로 - 기타,화물,남,64세,상해없음,보행자,여,70.0,경상,서울특별시 동대문구
2021091700100255,2021년 9월 17일 12시,금요일,서울특별시 서대문구 남가좌동,경상사고,0,0,1,0,차대사람 - 보도통행중,안전운전불이행,건조,맑음,교차로 - 교차로횡단보도내,승용,남,73세,상해없음,보행자,여,83.0,경상,서울특별시 서대문구
2021091700100313,2021년 9월 17일 13시,금요일,서울특별시 마포구 합정동,중상사고,0,1,0,0,차대사람 - 횡단중,안전운전불이행,건조,맑음,교차로 - 교차로안,승용,남,25세,상해없음,보행자,여,76.0,중상,서울특별시 마포구
2021091700100317,2021년 9월 17일 13시,금요일,서울특별시 강서구 등촌동,경상사고,0,0,1,0,차대사람 - 횡단중,안전운전불이행,건조,맑음,단일로 - 기타,승용,남,39세,상해없음,보행자,여,77.0,경상,서울특별시 강서구
2021091700100359,2021년 9월 17일 14시,금요일,서울특별시 노원구 월계동,경상사고,0,0,1,0,차대사람 - 차도통행중,안전운전불이행,건조,맑음,단일로 - 기타,승용,남,44세,상해없음,보행자,여,69.0,경상,서울특별시 노원구
2021091700100459,2021년 9월 17일 16시,금요일,서울특별시 강북구 번동,사망사고,1,0,0,0,차대사람 - 횡단중,안전운전불이행,건조,맑음,교차로 - 교차로안,이륜,남,55세,상해없음,보행자,여,68.0,사망,서울특별시 강북구
2021091700100516,2021년 9월 17일 17시,금요일,서울특별시 용산구 이태원동,경상사고,0,0,1,0,차대사람 - 기타,안전운전불이행,건조,맑음,단일로 - 기타,이륜,남,35세,상해없음,보행자,여,71.0,경상,서울특별시 용산구
2021091700100525,2021년 9월 17일 17시,금요일,서울특별시 노원구 하계동,경상사고,0,0,1,0,차대사람 - 기타,안전운전불이행,건조,맑음,교차로 - 교차로안,화물,남,50세,상해없음,보행자,남,67.0,경상,서울특별시 노원구
2021091700100587,2021년 9월 17일 18시,금요일,서울특별시 마포구 동교동,중상사고,0,1,1,0,차대사람 - 차도통행중,안전운전불이행,건조,맑음,교차로 - 교차로부근,이륜,남,36세,경상,보행자,남,68.0,중상,서울특별시 마포구