사고번호,사고일시,요일,시군구,사고내용,사망자수,중상자수,경상자수,부상신고자수,사고유형,법규위반,노면상태,기상상태,도로형태,가해운전자 차종,가해운전자 성별,가해운전자 연령,가해운전자 상해정도,피해운전자 차종,피해운전자 성별,피해운전자 연령,피해운전자 상해정도,구
2021091800100085,2021년 9월 18일 09시,토요일,서울특별시 강서구 화곡동,중상사고,0,1,0,0,차대사람 - 횡단중,신호위반,건조,맑음,교차로 - 교차로횡단보도내,승용,여,48세,상해없음,보행자,여,72.0,중상,서울특별시 강서구
2021091800100184,2021년 9월 18일 11시,토요일,서울특별시 마포구 아현동,중상사고,0,1,0,0,차대사람 - 차도통행중,안전운전불이행,건조,맑음,교차로 - 교차로안,승용,남,33세,상해없음,보행자,여,73.0,중상,서울특별시 마포구
2021091800100231,2021년 9월 18일 12시,토요일,서울특별시 강동구 천호동,경상사고,0,0,1,0,차대사람 - 횡단중,기타,건조,맑음,단일로 - 기타,이륜,남,26세,상해없음,보행자,여,84.0,경상,서울특별시 강동구
2021091800100548,2021년 9월 18일 19시,토요일,서울특별시 중랑구 면목동,경상사고,0,0,1,0,차대사람 - 기타,안전운전불이행,건조,기타,단일로 - 기타,기타불명,기타불명,미분류,기타불명,보행자,여,67.0,경상,서울특별시 중랑구
2021091800100549,2021년 9월 18일 19시,토요일,서울특별시 성북구 장위동,중상사고,0,1,0,0,차대사람 - 횡단중,안전운전불이행,건조,맑음,단일로 - 기타,승용,남,63세,상해없음,보행자,남,82.0,중상,서울특별시 성북구
2021091800100582,2021년 9월 18일 20시,토요일,서울특별시 금천구 독산동,경상사고,0,0,1,0,차대사람 - 기타,안전운전불이행,건조,맑음,교차로 - 교차로안,승합,남,74세,상해없음,보행자,남,77.0,경상,서울특별시 금천구
2021091900100047,2021년 9월 19일 08시,일요일,서울특별시 영등포구 영등포동1가,중상사고,0,1,0,0,차대사람 - 기타,보행자보호의무위반,건조,맑음,단일로 - 기타,화물,남,67세,상해없음,보행자,남,73.0,중상,서울특별시 영등포구
2021091900100155,2021년 9월 19일 13시,일요일,서울특별시 서대문구 북가좌동,경상사고,0,0,1,0,차대사람 - 기타,안전운전불이행,건조,맑음,단일로 - 기타,승용,남,65세,상해없음,보행자,여,83.0,경상,서울특별시 서대문구
2021091900100196,2021년 9월 19일 14시,일요일,서울특별시 강북구 미아동,경상사고,0,0,1,0,차대사람 - 기타,안전운전불이행,건조,맑음,단일로 - 기타,승용,남,29세,상해없음,보행자,남,65.0,경상,서울특별시 강북구
2021091900100422,2021년 9월 19일 21시,일요일,서울특별시 강북구 수유동,중상사고,0,1,0,0,차대사람 - 기타,안전운전불이행,건조,맑음,기타 - 기타,화물,남,62세,상해없음,보행자,남,65.0,중상,서울특별시 강북구
2021091900100438,2021년 9월 19일 22시,일요일,서울특별시 강남구 청담동,경상사고,0,0,1,0,차대사람 - 보도통행중,기타,건조,맑음,기타 - 기타,승용,남,21세,상해없음,보행자,남,74.0,경상,서울특별시 강남구
2021092000100110,2021년 9월 20일 11시,월요일,서울특별시 노원구 중계동,경상사고,0,0,1,0,차대사람 - 횡단중,보행자보호의무위반,건조,맑음,교차로 - 교차로횡단보도내,기타불명,기타불명,미분류,기타불명,보행자,여,81.0,경상,서울특별시 노원구
2021092000100135,2021년 9월 20일 12시,월요일,서울특별시 영등포구 신길동,중상사고,0,1,0,0,차대사람 - 차도통행중,안전운전불이행,건조,맑음,단일로 - 기타,승용,남,86세,상해없음,보행자,여,90.0,중상,서울특별시 영등포구
2021092000100177,2021년 9월 20일 13시,월요일,서울특별시 노원구 상계동,중상사고,0,1,0,0,차대사람 - 기타,안전운전불이행,건조,맑음,단일로 - 기타,승용,남,47세,상해없음,보행자,여,79.0,중상,서울특별시 노원구
2021092200100067,2021년 9월 22일 10시,수요일,서울특별시 성동구 성수동1가,중상사고,0,1,0,0,차대사람 - 기타,안전운전불이행,건조,맑음,기타 - 기타,화물,남,53세,상해없음,보행자,여,76.0,중상,서울특별시 성동구
2021092200100174,2021년 9월 22일 14시,수요일,서울특별시 강남구 대치동,중상사고,0,1,0,0,차대사람 - 기타,안전운전불이행,젖음/습기,맑음,단일로 - 교량,개인형이동수단(PM),남,15세,상해없음,보행자,여,73.0,중상,서울특별시 강남구
2021092200100230,2021년 9월 22일 16시,수요일,서울특별시 은평구 신사동,중상사고,0,1,0,0,차대사람 - 기타,안전운전불이행,건조,맑음,단일로 - 기타,자전거,남,12세,상해없음,보행자,여,66.0,중상,서울특별시 은평구
2021092200100387,2021년 9월 22일 22시,수요일,서울특별시 강동구 천호동,부상신고사고,0,0,0,1,차대사람 - 보도통행중,안전운전불이행,건조,맑음,단일로 - 기타,승합,남,36세,상해없음,보행자,남,65.0,부상신고,서울특별시 강동구
2021092300100016,2021년 9월 23일 04시,목요일,서울특별시 도봉구 쌍문동,중상사고,0,1,0,0,차대사람 - 기타,안전운전불이행,건조,맑음,교차로 - 교차로부근,화물,남,61세,상해없음,보행자,여,90.0,중상,서울특별시 도봉구
2021092300100097,2021년 9월 23일 09시,목요일,서울특별시 관악구 신림동,중상사고,0,1,0,0,차대사람 - 기타,안전운전불이행,건조,맑음,단일로 - 기타,승용,남,38세,상해없음,보행자,여,65.0,중상,서울특별시 관악구
2021092300100099,2021년 9월 23일 09시,목요일,서울특별시 송파구 송파동,중상사고,0,1,0,0,차대사람 - 차도통행중,안전운전불이행,건조,맑음,교차로 - 교차로안,승용,남,65세,상해없음,보행자,남,70.0,중상,서울특별시 송파구
2021092300100141,2021년 9월 23일 10시,목요일,서울특별시 동작구 사당동,중상사고,0,1,0,0,차대사람 - 기타,안전운전불이행,건조,맑음,단일로 - 기타,승용,남,59세,상해없음,보행자,여,69.0,중상,서울특별시 동작구
2021092300100236,2021년 9월 23일 13시,목요일,서울특별시 은평구 갈현동,중상사고,0,1,0,0,차대사람 - 횡단중,안전운전불이행,건조,맑음,교차로 - 교차로부근,승용,남,78세,상해없음,보행자,여,67.0,중상,서울특별시 은평구
2021092300100279,2021년 9월 23일 14시,목요일,서울특별시 양천구 신정동,중상사고,0,1,0,0,차대사람 - 기타,안전운전불이행,건조,맑음,교차로 - 교차로부근,화물,남,36세,상해없음,보행자,남,70.0,중상,서울특별시 양천구
2021092400100255,2021년 9월 24일 14시,금요일,서울특별시 영등포구 영등포동2가,중상사고,0,1,0,0,차대사람 - 차도통행중,안전운전불이행,건조,맑음,교차로 - 교차로안,화물,남,42세,상해없음,보행자,남,68.0,중상,서울특별시 영등포구
2021092400100372,2021년 9월 24일 17시,금요일,서울특별시 노원구 상계동,중상사고,0,1,0,0,차대사람 - 기타,안전운전불이행,건조,맑음,교차로 - 교차로안,승용,여,68세,상해없음,보행자,여,67.0,중상,서울특별시 노원구
2021092400100571,2021년 9월 24일 23시,금요일,서울특별시 강동구 암사동,중상사고,0,1,0,0,차대사람 - 기타,안전운전불이행,건조,맑음,단일로 - 교량,승용,남,53세,상해없음,보행자,남,75.0,중상,서울특별시 강동구
2021092500100034,2021년 9월 25일 07시,토요일,서울특별시 동대문구 용두동,중상사고,0,1,0,0,차대사람 - 횡단중,보행자보호의무위반,건조,맑음,기타 - 기타,화물,남,69세,상해없음,보행자,여,80.0,중상,서울특별시 동대문구
2021092500100142,2021년 9월 25일 12시,토요일,서울특별시 금천구 독산동,사망사고,1,0,0,0,차대사람 - 기타,보행자보호의무위반,건조,맑음,교차로 - 교차로안,승용,여,65세,상해없음,보행자,여,73.0,사망,서울특별시 금천구
2021092500100397,2021년 9월 25일 20시,토요일,서울특별시 도봉구 도봉동,경상사고,0,0,1,0,차대사람 - 횡단중,보행자보호의무위반,건조,맑음,교차로 - 교차로안,승용,여,43세,상해없음,보행자,여,66.0,경상,서울특별시 도봉구
2021092500100443,2021년 9월 25일 22시,토요일,서울특별시 강서구 화곡동,경상사고,0,0,1,0,차대사람 - 기타,안전운전불이행,건조,맑음,단일로 - 기타,승용,남,35세,상해없음,보행자,여,65.0,경상,서울특별시 강서구
2021092600100046,2021년 9월 26일 08시,일요일,서울특별시 동대문구 제기동,경상사고,0,0,1,0,차대사람 - 기타,안전운전불이행,건조,맑음,단일로 - 기타,승용,남,47세,상해없음,보행자,남,69.0,경상,서울특별시 동대문구
2021092600100141,2021년 9월 26일 13시,일요일,서울특별시 동대문구 장안동,경상사고,0,0,1,0,차대사람 - 기타,안전운전불이행,건조,맑음,기타 - 기타,이륜,남,49세,상해없음,보행자,여,78.0,경상,서울특별시 동대문구
2021092600100232,2021년 9월 26일 16시,일요일,서울특별시 양천구 신월동,경상사고,0,0,1,0,차대사람 - 기타,안전운전불이행,건조,맑음,단일로 - 기타,승용,남,73세,기타불명,보행자,남,73.0,경상,서울특별시 양천구
2021092700100029,2021년 9월 27일 06시,월요일,서울특별시 영등포구 신길동,중상사고,0,1,0,0,차대사람 - 기타,안전운전불이행,건조,맑음,단일로 - 기타,화물,남,64세,상해없음,보행자,여,66.0,중상,서울특별시 영등포구
2021092700100162,2021년 9월 27일 11시,월요일,서울특별시 광진구 중곡동,중상사고,0,1,0,0,차대사람 - 기타,신호위반,건조,맑음,단일로 - 기타,승용,남,66세,상해없음,보행자,남,78.0,중상,서울특별시 광진구
2021092700100259,2021년 9월 27일 14시,월요일,서울특별시 강남구 청담동,경상사고,0,0,1,0,차대사람 - 기타,안전운전불이행,건조,맑음,단일로 - 기타,승용,여,31세,상해없음,보행자,여,74.0,경상,서울특별시 강남구
2021092700100260,2021년 9월 27일 14시,월요일,서울특별시 강동구 성내동,경상사고,0,0,1,0,차대사람 - 횡단중,안전운전불이행,건조,맑음,교차로 - 교차로횡단보도내,승용,여,50세,상해없음,보행자,남,74.0,경상,서울특별시 강동구
2021092800100099,2021년 9월 28일 09시,화요일,서울특별시 노원구 공릉동,경상사고,0,0,1,0,차대사람 - 횡단중,보행자보호의무위반,건조,맑음,교차로 - 교차로부근,승용,여,59세,상해없음,보행자,남,70.0,경상,서울특별시 노원구
2021092800100184,2021년 9월 28일 12시,화요일,서울특별시 성북구 삼선동5가,중상사고,0,1,0,0,차대사람 - 보도통행중,안전운전불이행,건조,맑음,단일로 - 기타,이륜,남,41세,상해없음,보행자,여,76.0,중상,서울특별시 성북구
2021092900100269,2021년 9월 29일 14시,수요일,서울특별시 성동구 행당동,중상사고,0,1,0,0,차대사람 - 기타,안전운전불이행,건조,맑음,단일로 - 기타,승용,남,68세,상해없음,보행자,여,85.0,중상,서울특별시 성동구
2021092900100272,2021년 9월 29일 14시,수요일,서울특별시 은평구 진관동,경상사고,0,0,1,0,차대사람 - 횡단중,안전운전불이행,젖음/습기,비,단일로 - 기타,이륜,남,50세,상해없음,보행자,여,71.0,경상,서울특별시 은평구
2021092900100273,2021년 9월 29일 14시,수요일,서울특별시 서초구 방배동,경상사고,0,0,1,0,차대사람 - 횡단중,안전운전불이행,젖음/습기,비,교차로 - 교차로부근,이륜,남,40세,상해없음,보행자,여,81.0,경상,서울특별시 서초구
2021092900100583,2021년 9월 29일 22시,수요일,서울특별시 마포구 합정동,중상사고,0,1,0,0,차대사람 - 차도통행중,안전운전불이행,건조,맑음,단일로 - 기타,승용,남,47세,상해없음,보행자,여,71.0,중상,서울특별시 마포구
2021093000100128,2021년 9월 30일 09시,목요일,서울특별시 동대문구 제기동,경상사고,0,0,1,0,차대사람 - 기타,안전운전불이행,건조,맑음,단일로 - 기타,이륜,남,70세,상해없음,보행자,여,75.0,경상,서울특별시 동대문구
2021093000100226,2021년 9월 30일 12시,목요일,서울특별시 동대문구 이문동,경상사고,0,0,1,0,차대사람 - 기타,안전운전불이행,건조,맑음,단일로 - 기타,승용,남,57세,상해없음,보행자,남,65.0,경상,서울특별시 동대문구
2021093000100228,2021년 9월 30일 12시,목요일,서울특별시 금천구 독산동,사망사고,1,0,0,0,차대사람 - 횡단중,보행자보호의무위반,건조,맑음,교차로 - 교차로횡단보도내,승합,여,55세,상해없음,보행자,여,65.0,사망,서울특별시 금천구
2021093000100294,2021년 9월 30일 14시,목요일,서울특별시 성북구 삼선동1가,중상사고,0,1,0,0,차대사람 - 횡단중,신호위반,건조,맑음,교차로 - 교차로횡단보도내,자전거,남,65세,상해없음,보행자,여,80.0,중상,서울특별시 성북구
2021093000100381,2021년 9월 30일 16시,목요일,서울특별시 동대문구 용두동,사망사고,1,0,0,0,차대사람 - 기타,안전운전불이행,건조,맑음,교차로 - 교차로부근,건설기계,남,35세,상해없음,보행자,여,79.0,사망,서울특별시 동대문구
2021093000100382,2021년 9월 30일 16시,목요일,서울특별시 동작구 상도동,경상사고,0,0,1,0,차대사람 - 기타,안전운전불이행,건조,맑음,기타 - 기타,승용,남,32세,상해없음,보행자,여,67.0,경상,서울특별시 동작구
2021093000100384,2021년 9월 30일 16시,목요일,서울특별시 구로구 고척동,경상사고,0,0,1,0,차대사람 - 기타,안전운전불이행,건조,맑음,기타 - 기타,자전거,남,9세,상해없음,보행자,여,71.0,경상,서울특별시 구로구
2021093000100431,2021년 9월 30일 17시,목요일,서울특별시 강북구 번동,중상사고,0,1,0,0,차대사람 - 기타,안전운전불이행,건조,맑음,단일로 - 기타,승합,남,55세,상해없음,보행자,여,82.0,중상,서울특별시 강북구
2021093000100435,2021년 9월 30일 17시,목요일,서울특별시 강남구 역삼동,경상사고,0,0,1,0,차대사람 - 기타,안전운전불이행,건조,맑음,단일로 - 기타,승용,남,30세,상해없음,보행자,남,76.0,경상,서울특별시 강남구
2021093000100497,2021년 9월 30일 18시,목요일,서울특별시 양천구 신정동,경상사고,0,0,1,0,차대사람 - 기타,안전운전불이행,건조,맑음,교차로 - 교차로부근,승용,남,42세,상해없음,보행자,남,65.0,경상,서울특별시 양천구
2021093000100543,2021년 9월 30일 19시,목요일,서울특별시 금천구 시흥동,경상사고,0,0,1,0,차대사람 - 기타,안전운전불이행,건조,맑음,단일로 - 기타,승용,남,38세,상해없음,보행자,여,67.0,경상,서울특별시 금천구
2021093000100587,2021년 9월 30일 20시,목요일,서울특별시 관악구 신림동,중상사고,0,1,0,0,차대사람 - 차도통행중,안전운전불이행,건조,맑음,교차로 - 교차로안,화물,남,29세,상해없음,보행자,여,72.0,중상,서울특별시 관악구
2021093000100628,2021년 9월 30일 22시,목요일,서울특별시 성동구 옥수동,중상사고,0,1,0,0,차대사람 - 횡단중,안전운전불이행,건조,맑음,단일로 - 기타,화물,남,29세,상해없음,보행자,여,66.0,중상,서울특별시 성동구
2021100100100147,2021년 10월 1일 10시,금요일,서울특별시 동작구 신대방동,경상사고,0,0,1,0,차대사람 - 차도통행중,안전운전불이행,건조,맑음,교차로 - 교차로안,승용,남,69세,상해없음,보행자,여,79.0,경상,서울특별시 동작구
2021100100100262,2021년 10월 1일 13시,금요일,서울특별시 은평구 진관동,중상사고,0,1,0,0,차대사람 - 기타,안전운전불이행,건조,맑음,기타 - 기타,승합,남,63세,상해없음,보행자,여,72.0,중상,서울특별시 은평구
2021100100100440,2021년 10월 1일 17시,금요일,서울특별시 은평구 갈현동,중상사고,0,1,0,0,차대사람 - 차도통행중,안전운전불이행,건조,맑음,단일로 - 기타,승합,남,61세,상해없음,보행자,여,82.0,중상,서울특별시 은평구
2021100100100475,2021년 10월 1일 18시,금요일,서울특별시 은평구 역촌동,경상사고,0,0,1,0,차대사람 - 보도통행중,기타,건조,맑음,교차로 - 교차로부근,이륜,남,76세,기타불명,보행자,여,74.0,경상,서울특별시 은평구
2021100100100551,2021년 10월 1일 19시,금요일,서울특별시 송파구 방이동,경상사고,0,0,1,0,차대사람 - 보도통행중,안전운전불이행,건조,맑음,단일로 - 기타,승용,여,47세,상해없음,보행자,남,65.0,경상,서울특별시 송파구
2021100100100641,2021년 10월 1일 22시,금요일,서울특별시 영등포구 양평동1가,중상사고,0,1,0,0,차대사람 - 횡단중,안전운전불이행,젖음/습기,비,단일로 - 기타,승용,남,44세,상해없음,보행자,여,69.0,중상,서울특별시 영등포구
2021100100100643,2021년 10월 1일 22시,금요일,서울특별시 관악구 신림동,중상사고,0,1,0,0,차대사람 - 횡단중,보행자보호의무위반,젖음/습기,비,교차로 - 교차로부근,승용,여,48세,상해없음,보행자,남,74.0,중상,서울특별시 관악구
2021100200100049,2021년 10월 2일 07시,토요일,서울특별시 동대문구 제기동,중상사고,0,1,0,0,차대사람 - 기타,신호위반,건조,맑음,단일로 - 기타,승용,남,75세,상해없음,보행자,여,72.0,중상,서울특별시 동대문구
2021100200100149,2021년 10월 2일 11시,토요일,서울특별시 서대문구 홍제동,경상사고,0,0,1,0,차대사람 - 차도통행중,안전운전불이행,건조,맑음,단일로 - 기타,승용,여,52세,상해없음,보행자,여,65.0,경상,서울특별시 서대문구
2021100200100151,2021년 10월 2일 11시,토요일,서울특별시 동대문구 용두동,중상사고,0,1,0,0,차대사람 - 기타,안전운전불이행,건조,맑음,단일로 - 기타,승합,남,54세,상해없음,보행자,여,73.0,중상,서울특별시 동대문구
2021100200100155,2021년 10월 2일 11시,토요일,서울특별시 노원구 월계동,중상사고,0,1,0,0,차대사람 - 기타,안전운전불이행,건조,기타,교차로 - 교차로안,승합,남,55세,상해없음,보행자,여,74.0,중상,서울특별시 노원구
2021100200100311,2021년 10월 2일 15시,토요일,서울특별시 동대문구 용두동,중상사고,0,1,0,0,차대사람 - 기타,안전운전불이행,건조,맑음,교차로 - 교차로횡단보도내,이륜,남,21세,상해없음,보행자,남,76.0,중상,서울특별시 동대문구
2021100200100316,2021년 10월 2일 15시,토요일,서울특별시 양천구 목동,중상사고,0,1,0,0,차대사람 - 보도통행중,안전운전불이행,건조,맑음,단일로 - 기타,승용,남,30세,상해없음,보행자,여,84.0,중상,서울특별시 양천구
2021100200100317,2021년 10월 2일 15시,토요일,서울특별시 노원구 상계동,중상사고,0,1,0,0,차대사람 - 기타,안전운전불이행,건조,맑음,교차로 - 교차로횡단보도내,승용,남,65세,상해없음,보행자,여,82.0,중상,서울특별시 노원구
2021100200100363,2021년 10월 2일 16시,토요일,서울특별시 동대문구 제기동,경상사고,0,0,1,0,차대사람 - 기타,안전운전불이행,건조,맑음,교차로 - 교차로안,승용,여,48세,상해없음,보행자,남,73.0,경상,서울특별시 동대문구
2021100500100419,2021년 10월 5일 17시,화요일,서울특별시 송파구 신천동,경상사고,0,0,1,0,차대사람 - 횡단중,보행자보호의무위반,건조,맑음,교차로 - 교차로횡단보도내,자전거,여,46세,상해없음,보행자,여,65.0,경상,서울특별시 송파구
2021100600100031,2021년 10월 6일 06시,수요일,서울특별시 강남구 개포동,중상사고,0,1,0,0,차대사람 - 횡단중,보행자보호의무위반,젖음/습기,비,단일로 - 기타,승용,남,68세,상해없음,보행자,남,69.0,중상,서울특별시 강남구
2021100600100179,2021년 10월 6일 11시,수요일,서울특별시 강동구 상일동,부상신고사고,0,0,0,1,차대사람 - 기타,안전운전불이행,건조,맑음,교차로 - 교차로부근,승합,남,41세,상해없음,보행자,여,80.0,부상신고,서울특별시 강동구
2021100600100278,2021년 10월 6일 14시,수요일,서울특별시 강동구 천호동,경상사고,0,0,1,0,차대사람 - 횡단중,안전운전불이행,건조,맑음,단일로 - 기타,승용,남,26세,상해없음,보행자,여,73.0,경상,서울특별시 강동구
2021100700100121,2021년 10월 7일 09시,목요일,서울특별시 성북구 하월곡동,경상사고,0,0,1,0,차대사람 - 차도통행중,안전운전불이행,젖음/습기,흐림,단일로 - 기타,승용,여,46세,상해없음,보행자,남,68.0,경상,서울특별시 성북구
2021100700100140,2021년 10월 7일 10시,목요일,서울특별시 영등포구 영등포동,경상사고,0,0,1,0,차대사람 - 횡단중,보행자보호의무위반,건조,맑음,교차로 - 교차로횡단보도내,화물,남,48세,상해없음,보행자,남,70.0,경상,서울특별시 영등포구
2021100700100172,2021년 10월 7일 11시,목요일,서울특별시 종로구 평창동,경상사고,0,0,1,0,차대사람 - 차도통행중,안전운전불이행,젖음/습기,흐림,단일로 - 기타,승용,여,73세,상해없음,보행자,여,66.0,경상,서울특별시 종로구
2021100700100243,2021년 10월 7일 13시,목요일,서울특별시 송파구 방이동,중상사고,0,1,0,0,차대사람 - 보도통행중,기타,건조,흐림,단일로 - 기타,자전거,여,52세,상해없음,보행자,여,74.0,중상,서울특별시 송파구
2021100700100565,2021년 10월 7일 22시,목요일,서울특별시 성북구 동선동5가,경상사고,0,0,1,0,차대사람 - 기타,기타,건조,맑음,단일로 - 기타,화물,남,63세,상해없음,보행자,여,78.0,경상,서울특별시 성북구
2021100800100213,2021년 10월 8일 12시,금요일,서울특별시 구로구 오류동,경상사고,0,0,1,0,차대사람 - 횡단중,신호위반,건조,맑음,교차로 - 교차로횡단보도내,승용,남,36세,상해없음,보행자,여,76.0,경상,서울특별시 구로구
2021100800100291,2021년 10월 8일 14시,금요일,서울특별시 구로구 개봉동,중상사고,0,1,0,0,차대사람 - 횡단중,신호위반,젖음/습기,비,단일로 - 기타,특수,남,55세,상해없음,보행자,여,84.0,중상,서울특별시 구로구
2021100800100292,2021년 10월 8일 14시,금요일,서울특별시 서초구 서초동,경상사고,0,0,1,0,차대사람 - 기타,안전운전불이행,젖음/습기,비,교차로 - 교차로부근,승용,남,55세,상해없음,보행자,남,65.0,경상,서울특별시 서초구
2021100800100456,2021년 10월 8일 18시,금요일,서울특별시 마포구 중동,중상사고,0,1,0,0,차대사람 - 기타,안전운전불이행,젖음/습기,비,교차로 - 교차로부근,승용,남,61세,상해없음,보행자,남,74.0,중상,서울특별시 마포구
2021100800100602,2021년 10월 8일 20시,금요일,서울특별시 노원구 상계동,중상사고,0,1,0,0,차대사람 - 횡단중,안전운전불이행,건조,맑음,교차로 - 교차로횡단보도내,화물,남,41세,상해없음,보행자,남,71.0,중상,서울특별시 노원구
2021100800100663,2021년 10월 8일 22시,금요일,서울특별시 성북구 길음동,중상사고,0,1,0,0,차대사람 - 횡단중,보행자보호의무위반,건조,맑음,교차로 - 교차로횡단보도내,화물,남,56세,상해없음,보행자,여,81.0,중상,서울특별시 성북구
2021100900100054,2021년 10월 9일 08시,토요일,서울특별시 서초구 방배동,중상사고,0,1,0,0,차대사람 - 횡단중,보행자보호의무위반,건조,맑음,교차로 - 교차로안,화물,남,65세,상해없음,보행자,남,79.0,중상,서울특별시 서초구
2021100900100065,2021년 10월 9일 09시,토요일,서울특별시 성북구 하월곡동,경상사고,0,0,1,0,차대사람 - 기타,보행자보호의무위반,건조,맑음,교차로 - 교차로안,승용,남,60세,상해없음,보행자,여,66.0,경상,서울특별시 성북구
2021100900100103,2021년 10월 9일 11시,토요일,서울특별시 노원구 상계동,경상사고,0,0,1,0,차대사람 - 횡단중,안전운전불이행,건조,맑음,단일로 - 기타,승용,남,28세,상해없음,보행자,여,81.0,경상,서울특별시 노원구
2021100900100173,2021년 10월 9일 13시,토요일,서울특별시 용산구 한강로1가,경상사고,0,0,1,0,차대사람 - 기타,안전운전불이행,건조,맑음,미분류 - 미분류,승합,남,54세,상해없음,보행자,여,82.0,경상,서울특별시 용산구
2021100900100412,2021년 10월 9일 19시,토요일,서울특별시 종로구 혜화동,중상사고,0,1,0,0,차대사람 - 횡단중,신호위반,건조,맑음,교차로 - 교차로횡단보도내,승용,여,49세,상해없음,보행자,여,74.0,중상,서울특별시 종로구
2021100900100497,2021년 10월 9일 21시,토요일,서울특별시 강동구 강일동,경상사고,0,0,1,0,차대사람 - 기타,안전운전불이행,건조,맑음,단일로 - 기타,이륜,남,26세,상해없음,보행자,여,91.0,경상,서울특별시 강동구
2021101000100424,2021년 10월 10일 20시,일요일,서울특별시 강동구 천호동,경상사고,0,0,1,0,차대사람 - 횡단중,보행자보호의무위반,건조,맑음,기타 - 기타,이륜,남,19세,상해없음,보행자,남,70.0,경상,서울특별시 강동구
2021101000100427,2021년 10월 10일 20시,일요일,서울특별시 은평구 불광동,경상사고,0,0,1,0,차대사람 - 횡단중,신호위반,젖음/습기,비,교차로 - 교차로안,승용,남,61세,상해없음,보행자,여,66.0,경상,서울특별시 은평구
2021101100100244,2021년 10월 11일 15시,월요일,서울특별시 은평구 수색동,중상사고,0,1,0,0,차대사람 - 횡단중,신호위반,건조,맑음,단일로 - 기타,이륜,남,21세,상해없음,보행자,여,79.0,중상,서울특별시 은평구
2021101100100245,2021년 10월 11일 15시,월요일,서울특별시 강북구 번동,중상사고,0,1,0,1,차대사람 - 횡단중,신호위반,건조,맑음,교차로 - 교차로횡단보도내,이륜,남,41세,부상신고,보행자,남,76.0,중상,서울특별시 강북구
2021101100100409,2021년 10월 11일 19시,월요일,서울특별시 송파구 거여동,경상사고,0,0,1,0,차대사람 - 기타,안전운전불이행,건조,맑음,단일로 - 기타,자전거,남,30세,상해없음,보행자,여,71.0,경상,서울특별시 송파구
2021101100100457,2021년 10월 11일 20시,월요일,서울특별시 송파구 가락동,중상사고,0,2,0,0,차대사람 - 횡단중,안전운전불이행,건조,맑음,교차로 - 교차로부근,이륜,남,26세,중상,보행자,남,68.0,중상,서울특별시 송파구
2021101200100047,2021년 10월 12일 07시,화요일,서울특별시 동대문구 제기동,중상사고,0,1,0,0,차대사람 - 기타,안전운전불이행,건조,맑음,단일로 - 기타,자전거,남,47세,상해없음,보행자,여,66.0,중상,서울특별시 동대문구
2021101200100220,2021년 10월 12일 12시,화요일,서울특별시 도봉구 방학동,중상사고,0,1,0,0,차대사람 - 횡단중,보행자보호의무위반,기타,맑음,교차로 - 교차로횡단보도내,승용,남,26세,상해없음,보행자,남,81.0,중상,서울특별시 도봉구
2021101200100266,2021년 10월 12일 14시,화요일,서울특별시 은평구 불광동,중상사고,0,1,0,0,차대사람 - 횡단중,안전운전불이행,건조,맑음,교차로 - 교차로부근,승용,남,59세,상해없음,보행자,여,83.0,중상,서울특별시 은평구
2021101200100292,2021년 10월 12일 15시,화요일,서울특별시 금천구 시흥동,사망사고,1,0,0,0,차대사람 - 횡단중,안전운전불이행,건조,맑음,교차로 - 교차로안,이륜,남,26세,상해없음,보행자,여,78.0,사망,서울특별시 금천구
2021101200100293,2021년 10월 12일 15시,화요일,서울특별시 강동구 암사동,중상사고,0,1,0,0,차대사람 - 횡단중,안전거리미확보,건조,맑음,단일로 - 교량,화물,남,77세,상해없음,보행자,남,80.0,중상,서울특별시 강동구
2021101200100326,2021년 10월 12일 16시,화요일,서울특별시 서대문구 홍제동,중상사고,0,1,0,0,차대사람 - 횡단중,안전운전불이행,건조,맑음,교차로 - 교차로안,화물,남,61세,상해없음,보행자,여,89.0,중상,서울특별시 서대문구
2021101200100530,2021년 10월 12일 21시,화요일,서울특별시 서초구 방배동,경상사고,0,0,1,0,차대사람 - 횡단중,안전운전불이행,건조,맑음,교차로 - 교차로부근,승합,남,78세,상해없음,보행자,남,65.0,경상,서울특별시 서초구
2021101200100588,2021년 10월 12일 23시,화요일,서울특별시 강서구 등촌동,경상사고,0,0,1,0,차대사람 - 기타,안전운전불이행,건조,흐림,교차로 - 교차로안,승용,여,45세,상해없음,보행자,남,70.0,경상,서울특별시 강서구
2021101300100205,2021년 10월 13일 12시,수요일,서울특별시 중구 신당동,중상사고,0,1,0,0,차대사람 - 기타,안전운전불이행,건조,맑음,교차로 - 교차로부근,화물,남,37세,상해없음,보행자,여,87.0,중상,서울특별시 중구
2021101300100354,2021년 10월 13일 16시,수요일,서울특별시 강서구 화곡동,경상사고,0,0,1,0,차대사람 - 기타,안전운전불이행,건조,맑음,교차로 - 교차로안,승용,여,65세,상해없음,보행자,여,77.0,경상,서울특별시 강서구
2021101300100442,2021년 10월 13일 18시,수요일,서울특별시 구로구 구로동,중상사고,0,1,0,0,차대사람 - 기타,안전운전불이행,건조,맑음,단일로 - 기타,승용,남,53세,상해없음,보행자,여,65.0,중상,서울특별시 구로구