사고번호,사고일시,요일,시군구,사고내용,사망자수,중상자수,경상자수,부상신고자수,사고유형,법규위반,노면상태,기상상태,도로형태,가해운전자 차종,가해운전자 성별,가해운전자 연령,가해운전자 상해정도,피해운전자 차종,피해운전자 성별,피해운전자 연령,피해운전자 상해정도,구
2021101400100090,2021년 10월 14일 08시,목요일,서울특별시 강서구 방화동,중상사고,0,1,0,0,차대사람 - 횡단중,신호위반,건조,맑음,교차로 - 교차로횡단보도내,화물,남,65세,상해없음,보행자,여,71.0,중상,서울특별시 강서구
2021101400100176,2021년 10월 14일 10시,목요일,서울특별시 용산구 이태원동,중상사고,0,1,0,0,차대사람 - 기타,안전운전불이행,건조,맑음,단일로 - 기타,승용,남,80세,기타불명,보행자,여,65.0,중상,서울특별시 용산구
2021101400100206,2021년 10월 14일 11시,목요일,서울특별시 광진구 자양동,중상사고,0,1,0,0,차대사람 - 기타,안전운전불이행,건조,맑음,기타 - 기타,승합,남,53세,상해없음,보행자,남,67.0,중상,서울특별시 광진구
2021101400100209,2021년 10월 14일 11시,목요일,서울특별시 송파구 장지동,중상사고,0,1,0,0,차대사람 - 기타,안전운전불이행,건조,맑음,기타 - 기타,승합,남,58세,상해없음,보행자,여,87.0,중상,서울특별시 송파구
2021101400100316,2021년 10월 14일 14시,목요일,서울특별시 영등포구 영등포동1가,경상사고,0,0,1,0,차대사람 - 기타,안전운전불이행,건조,맑음,단일로 - 기타,승용,남,58세,상해없음,보행자,남,67.0,경상,서울특별시 영등포구
2021101400100317,2021년 10월 14일 14시,목요일,서울특별시 관악구 신림동,중상사고,0,1,0,0,차대사람 - 기타,안전운전불이행,건조,맑음,단일로 - 기타,승합,남,68세,상해없음,보행자,여,83.0,중상,서울특별시 관악구
2021101400100355,2021년 10월 14일 15시,목요일,서울특별시 강북구 번동,경상사고,0,0,1,0,차대사람 - 차도통행중,안전운전불이행,건조,맑음,교차로 - 교차로부근,화물,남,51세,상해없음,보행자,여,94.0,경상,서울특별시 강북구
2021101400100388,2021년 10월 14일 16시,목요일,서울특별시 강동구 암사동,중상사고,0,1,0,0,차대사람 - 기타,안전운전불이행,건조,맑음,단일로 - 기타,승용,남,64세,상해없음,보행자,여,67.0,중상,서울특별시 강동구
2021101500100148,2021년 10월 15일 10시,금요일,서울특별시 성북구 동소문동4가,중상사고,0,1,0,0,차대사람 - 횡단중,보행자보호의무위반,건조,맑음,교차로 - 교차로횡단보도내,승용,남,75세,상해없음,보행자,여,78.0,중상,서울특별시 성북구
2021101500100191,2021년 10월 15일 11시,금요일,서울특별시 영등포구 문래동3가,경상사고,0,0,2,0,차대사람 - 기타,안전운전불이행,건조,맑음,기타 - 기타,승용,남,46세,상해없음,보행자,남,65.0,경상,서울특별시 영등포구
2021101500100193,2021년 10월 15일 11시,금요일,서울특별시 성북구 하월곡동,경상사고,0,0,1,0,차대사람 - 횡단중,보행자보호의무위반,건조,흐림,단일로 - 기타,승용,여,52세,상해없음,보행자,남,68.0,경상,서울특별시 성북구
2021101500100233,2021년 10월 15일 12시,금요일,서울특별시 중랑구 중화동,경상사고,0,0,1,0,차대사람 - 횡단중,안전운전불이행,건조,맑음,단일로 - 지하차도(도로)내,이륜,남,61세,상해없음,보행자,남,83.0,경상,서울특별시 중랑구
2021101500100268,2021년 10월 15일 13시,금요일,서울특별시 양천구 신월동,경상사고,0,0,1,0,차대사람 - 차도통행중,안전운전불이행,건조,맑음,단일로 - 기타,승용,여,60세,상해없음,보행자,여,65.0,경상,서울특별시 양천구
2021101500100330,2021년 10월 15일 15시,금요일,서울특별시 영등포구 신길동,중상사고,0,1,0,0,차대사람 - 차도통행중,안전운전불이행,건조,맑음,단일로 - 기타,화물,남,72세,상해없음,보행자,여,76.0,중상,서울특별시 영등포구
2021101500100399,2021년 10월 15일 17시,금요일,서울특별시 마포구 염리동,경상사고,0,0,1,0,차대사람 - 횡단중,신호위반,건조,맑음,단일로 - 기타,승용,여,55세,상해없음,보행자,여,68.0,경상,서울특별시 마포구
2021101500100400,2021년 10월 15일 17시,금요일,서울특별시 영등포구 문래동3가,중상사고,0,1,0,0,차대사람 - 횡단중,신호위반,건조,맑음,교차로 - 교차로안,승용,남,45세,상해없음,보행자,남,71.0,중상,서울특별시 영등포구
2021101500100558,2021년 10월 15일 20시,금요일,서울특별시 마포구 대흥동,중상사고,0,1,0,0,차대사람 - 차도통행중,안전운전불이행,건조,맑음,단일로 - 기타,원동기,남,17세,상해없음,보행자,남,73.0,중상,서울특별시 마포구
2021101500100622,2021년 10월 15일 22시,금요일,서울특별시 중랑구 상봉동,중상사고,0,1,0,0,차대사람 - 횡단중,안전운전불이행,건조,맑음,단일로 - 기타,승용,남,29세,상해없음,보행자,남,66.0,중상,서울특별시 중랑구
2021101600100131,2021년 10월 16일 10시,토요일,서울특별시 강동구 성내동,경상사고,0,0,1,0,차대사람 - 기타,안전운전불이행,건조,맑음,기타 - 기타,승합,여,47세,상해없음,보행자,남,82.0,경상,서울특별시 강동구
2021101600100150,2021년 10월 16일 11시,토요일,서울특별시 송파구 오금동,경상사고,0,0,1,0,차대사람 - 차도통행중,안전운전불이행,건조,맑음,단일로 - 기타,승용,여,38세,상해없음,보행자,남,92.0,경상,서울특별시 송파구
2021101700100261,2021년 10월 17일 17시,일요일,서울특별시 송파구 가락동,경상사고,0,0,1,0,차대사람 - 길가장자리구역통행중,안전운전불이행,건조,맑음,단일로 - 기타,승용,남,65세,상해없음,보행자,여,71.0,경상,서울특별시 송파구
2021101700100304,2021년 10월 17일 18시,일요일,서울특별시 강서구 방화동,경상사고,0,0,1,0,차대사람 - 횡단중,신호위반,건조,맑음,교차로 - 교차로안,승용,남,38세,기타불명,보행자,남,68.0,경상,서울특별시 강서구
2021101700100372,2021년 10월 17일 20시,일요일,서울특별시 중구 만리동1가,경상사고,0,0,1,0,차대사람 - 길가장자리구역통행중,안전운전불이행,건조,맑음,교차로 - 교차로안,승용,남,29세,상해없음,보행자,남,71.0,경상,서울특별시 중구
2021101800100087,2021년 10월 18일 08시,월요일,서울특별시 중랑구 면목동,경상사고,0,0,1,0,차대사람 - 기타,신호위반,건조,맑음,교차로 - 교차로횡단보도내,승용,남,71세,상해없음,보행자,남,67.0,경상,서울특별시 중랑구
2021101800100090,2021년 10월 18일 08시,월요일,서울특별시 양천구 신정동,부상신고사고,0,0,0,1,차대사람 - 기타,안전운전불이행,건조,맑음,교차로 - 교차로부근,승용,여,50세,상해없음,보행자,남,68.0,부상신고,서울특별시 양천구
2021101800100142,2021년 10월 18일 09시,월요일,서울특별시 강북구 수유동,경상사고,0,0,1,0,차대사람 - 보도통행중,기타,건조,맑음,단일로 - 기타,원동기,여,64세,상해없음,보행자,남,65.0,경상,서울특별시 강북구
2021101800100260,2021년 10월 18일 12시,월요일,서울특별시 노원구 중계동,경상사고,0,0,2,0,차대사람 - 횡단중,안전운전불이행,건조,맑음,기타 - 기타,승용,여,39세,상해없음,보행자,여,64.0,경상,서울특별시 노원구
2021101800100289,2021년 10월 18일 13시,월요일,서울특별시 마포구 서교동,중상사고,0,1,0,0,차대사람 - 기타,안전운전불이행,건조,맑음,교차로 - 교차로안,화물,남,64세,상해없음,보행자,남,65.0,중상,서울특별시 마포구
2021101800100364,2021년 10월 18일 15시,월요일,서울특별시 관악구 봉천동,경상사고,0,0,1,0,차대사람 - 기타,안전운전불이행,건조,맑음,기타 - 기타,이륜,남,72세,상해없음,보행자,남,76.0,경상,서울특별시 관악구
2021101800100559,2021년 10월 18일 19시,월요일,서울특별시 중랑구 망우동,중상사고,0,1,0,0,차대사람 - 횡단중,안전운전불이행,젖음/습기,맑음,기타 - 기타,화물,남,59세,상해없음,보행자,여,67.0,중상,서울특별시 중랑구
2021101800100661,2021년 10월 18일 22시,월요일,서울특별시 양천구 신월동,경상사고,0,0,1,0,차대사람 - 길가장자리구역통행중,안전운전불이행,젖음/습기,흐림,교차로 - 교차로부근,기타불명,기타불명,미분류,기타불명,보행자,남,68.0,경상,서울특별시 양천구
2021101900100100,2021년 10월 19일 09시,화요일,서울특별시 동대문구 제기동,경상사고,0,0,1,0,차대사람 - 기타,안전운전불이행,건조,맑음,단일로 - 기타,승합,남,49세,상해없음,보행자,여,79.0,경상,서울특별시 동대문구
2021101900100201,2021년 10월 19일 13시,화요일,서울특별시 서대문구 대현동,부상신고사고,0,0,0,1,차대사람 - 기타,안전운전불이행,건조,맑음,교차로 - 교차로안,승용,여,50세,상해없음,보행자,여,72.0,부상신고,서울특별시 서대문구
2021101900100245,2021년 10월 19일 14시,화요일,서울특별시 송파구 거여동,경상사고,0,0,1,0,차대사람 - 기타,기타,건조,맑음,단일로 - 기타,승용,남,52세,상해없음,보행자,여,65.0,경상,서울특별시 송파구
2021101900100462,2021년 10월 19일 19시,화요일,서울특별시 영등포구 신길동,경상사고,0,0,1,0,차대사람 - 차도통행중,중앙선침범,건조,맑음,단일로 - 기타,이륜,남,16세,상해없음,보행자,여,68.0,경상,서울특별시 영등포구
2021101900100465,2021년 10월 19일 19시,화요일,서울특별시 송파구 송파동,중상사고,0,1,0,0,차대사람 - 횡단중,보행자보호의무위반,건조,맑음,단일로 - 기타,이륜,남,28세,상해없음,보행자,남,65.0,중상,서울특별시 송파구
2021102000100025,2021년 10월 20일 06시,수요일,서울특별시 송파구 마천동,중상사고,0,1,0,0,차대사람 - 기타,안전운전불이행,건조,맑음,기타 - 기타,개인형이동수단(PM),남,48세,상해없음,보행자,여,70.0,중상,서울특별시 송파구
2021102000100165,2021년 10월 20일 11시,수요일,서울특별시 노원구 중계동,중상사고,0,1,0,0,차대사람 - 길가장자리구역통행중,안전운전불이행,건조,맑음,단일로 - 기타,승용,남,72세,상해없음,보행자,여,75.0,중상,서울특별시 노원구
2021102000100345,2021년 10월 20일 16시,수요일,서울특별시 성동구 성수동1가,중상사고,0,1,0,0,차대사람 - 횡단중,신호위반,건조,맑음,단일로 - 기타,승용,여,52세,상해없음,보행자,남,75.0,중상,서울특별시 성동구
2021102000100349,2021년 10월 20일 16시,수요일,서울특별시 노원구 상계동,경상사고,0,0,1,0,차대사람 - 차도통행중,안전운전불이행,건조,맑음,단일로 - 기타,승용,여,39세,상해없음,보행자,여,71.0,경상,서울특별시 노원구
2021102000100561,2021년 10월 20일 20시,수요일,서울특별시 성동구 하왕십리동,중상사고,0,1,0,0,차대사람 - 길가장자리구역통행중,안전운전불이행,건조,맑음,교차로 - 교차로안,승용,남,50세,상해없음,보행자,남,88.0,중상,서울특별시 성동구
2021102100100074,2021년 10월 21일 08시,목요일,서울특별시 송파구 마천동,경상사고,0,0,1,0,차대사람 - 길가장자리구역통행중,안전운전불이행,건조,맑음,교차로 - 교차로안,승용,여,38세,상해없음,보행자,남,70.0,경상,서울특별시 송파구
2021102100100157,2021년 10월 21일 11시,목요일,서울특별시 송파구 방이동,중상사고,0,1,0,0,차대사람 - 길가장자리구역통행중,안전운전불이행,건조,맑음,단일로 - 기타,승용,남,33세,상해없음,보행자,여,78.0,중상,서울특별시 송파구
2021102100100329,2021년 10월 21일 16시,목요일,서울특별시 중구 초동,중상사고,0,1,0,0,차대사람 - 횡단중,보행자보호의무위반,건조,흐림,단일로 - 기타,화물,남,70세,상해없음,보행자,남,65.0,중상,서울특별시 중구
2021102100100412,2021년 10월 21일 18시,목요일,서울특별시 성북구 안암동1가,중상사고,0,1,0,0,차대사람 - 기타,안전운전불이행,건조,맑음,교차로 - 교차로안,이륜,남,35세,상해없음,보행자,여,78.0,중상,서울특별시 성북구
2021102100100416,2021년 10월 21일 18시,목요일,서울특별시 강동구 암사동,경상사고,0,0,1,0,차대사람 - 기타,안전운전불이행,건조,맑음,기타 - 기타,승용,여,37세,상해없음,보행자,남,71.0,경상,서울특별시 강동구
2021102100100482,2021년 10월 21일 19시,목요일,서울특별시 마포구 합정동,중상사고,0,1,0,0,차대사람 - 차도통행중,안전운전불이행,건조,맑음,교차로 - 교차로부근,이륜,남,34세,상해없음,보행자,남,74.0,중상,서울특별시 마포구
2021102200100037,2021년 10월 22일 06시,금요일,서울특별시 노원구 상계동,경상사고,0,0,2,0,차대사람 - 횡단중,안전운전불이행,건조,맑음,기타 - 기타,승용,남,71세,상해없음,보행자,여,69.0,경상,서울특별시 노원구
2021102200100161,2021년 10월 22일 10시,금요일,서울특별시 관악구 신림동,경상사고,0,0,1,0,차대사람 - 기타,안전운전불이행,건조,맑음,단일로 - 기타,승용,여,38세,상해없음,보행자,남,66.0,경상,서울특별시 관악구
2021102200100234,2021년 10월 22일 12시,금요일,서울특별시 동대문구 제기동,경상사고,0,0,1,0,차대사람 - 횡단중,보행자보호의무위반,건조,맑음,교차로 - 교차로횡단보도내,이륜,남,53세,상해없음,보행자,남,71.0,경상,서울특별시 동대문구
2021102200100311,2021년 10월 22일 14시,금요일,서울특별시 성동구 행당동,중상사고,0,1,0,0,차대사람 - 기타,안전운전불이행,건조,맑음,교차로 - 교차로안,승합,남,72세,상해없음,보행자,여,71.0,중상,서울특별시 성동구
2021102200100513,2021년 10월 22일 18시,금요일,서울특별시 양천구 신월동,사망사고,1,0,0,0,차대사람 - 횡단중,안전운전불이행,건조,맑음,교차로 - 교차로부근,승용,남,64세,상해없음,보행자,여,76.0,사망,서울특별시 양천구
2021102300100042,2021년 10월 23일 06시,토요일,서울특별시 영등포구 신길동,사망사고,1,0,0,0,차대사람 - 길가장자리구역통행중,안전운전불이행,건조,맑음,교차로 - 교차로안,승용,남,57세,상해없음,보행자,남,80.0,사망,서울특별시 영등포구
2021102300100142,2021년 10월 23일 11시,토요일,서울특별시 은평구 증산동,중상사고,0,1,0,0,차대사람 - 길가장자리구역통행중,안전운전불이행,건조,맑음,교차로 - 교차로안,승용,남,49세,상해없음,보행자,여,71.0,중상,서울특별시 은평구
2021102300100187,2021년 10월 23일 12시,토요일,서울특별시 은평구 대조동,중상사고,0,1,0,0,차대사람 - 횡단중,안전운전불이행,건조,맑음,단일로 - 기타,이륜,남,37세,상해없음,보행자,남,79.0,중상,서울특별시 은평구
2021102300100329,2021년 10월 23일 15시,토요일,서울특별시 영등포구 양평동5가,경상사고,0,0,1,0,차대사람 - 차도통행중,안전운전불이행,건조,맑음,단일로 - 기타,자전거,남,58세,상해없음,보행자,여,66.0,경상,서울특별시 영등포구
2021102300100373,2021년 10월 23일 16시,토요일,서울특별시 영등포구 당산동3가,중상사고,0,1,0,0,차대사람 - 기타,안전운전불이행,건조,맑음,단일로 - 기타,이륜,남,34세,상해없음,보행자,여,74.0,중상,서울특별시 영등포구
2021102400100044,2021년 10월 24일 06시,일요일,서울특별시 종로구 숭인동,경상사고,0,0,1,0,차대사람 - 기타,안전운전불이행,건조,맑음,단일로 - 기타,승용,남,56세,상해없음,보행자,여,68.0,경상,서울특별시 종로구
2021102400100404,2021년 10월 24일 19시,일요일,서울특별시 구로구 오류동,경상사고,0,0,1,0,차대사람 - 기타,안전운전불이행,건조,맑음,교차로 - 교차로횡단보도내,승용,남,41세,상해없음,보행자,여,88.0,경상,서울특별시 구로구
2021102500100032,2021년 10월 25일 06시,월요일,서울특별시 구로구 구로동,경상사고,0,0,1,0,차대사람 - 기타,안전운전불이행,건조,맑음,교차로 - 교차로부근,화물,남,61세,상해없음,보행자,여,69.0,경상,서울특별시 구로구
2021102500100041,2021년 10월 25일 07시,월요일,서울특별시 강동구 성내동,중상사고,0,1,0,0,차대사람 - 횡단중,신호위반,건조,맑음,교차로 - 교차로횡단보도내,건설기계,남,65세,상해없음,보행자,여,82.0,중상,서울특별시 강동구
2021102500100248,2021년 10월 25일 13시,월요일,서울특별시 영등포구 여의도동,중상사고,0,1,0,0,차대사람 - 차도통행중,안전운전불이행,건조,맑음,단일로 - 기타,승합,남,47세,상해없음,보행자,여,74.0,중상,서울특별시 영등포구
2021102500100279,2021년 10월 25일 14시,월요일,서울특별시 강북구 수유동,경상사고,0,0,1,0,차대사람 - 기타,안전운전불이행,건조,맑음,단일로 - 기타,승합,남,60세,상해없음,보행자,여,80.0,경상,서울특별시 강북구
2021102500100326,2021년 10월 25일 15시,월요일,서울특별시 서대문구 북아현동,경상사고,0,0,1,0,차대사람 - 횡단중,보행자보호의무위반,건조,맑음,교차로 - 교차로안,승합,남,74세,상해없음,보행자,여,75.0,경상,서울특별시 서대문구
2021102500100377,2021년 10월 25일 16시,월요일,서울특별시 은평구 불광동,경상사고,0,0,1,0,차대사람 - 기타,안전운전불이행,건조,맑음,교차로 - 교차로부근,승용,남,71세,기타불명,보행자,남,67.0,경상,서울특별시 은평구
2021102500100422,2021년 10월 25일 17시,월요일,서울특별시 강북구 미아동,경상사고,0,0,1,0,차대사람 - 기타,안전운전불이행,건조,맑음,교차로 - 교차로부근,승용,남,39세,상해없음,보행자,여,70.0,경상,서울특별시 강북구
2021102500100425,2021년 10월 25일 17시,월요일,서울특별시 강동구 천호동,경상사고,0,0,1,0,차대사람 - 기타,안전운전불이행,건조,맑음,교차로 - 교차로안,화물,남,48세,상해없음,보행자,남,80.0,경상,서울특별시 강동구
2021102500100523,2021년 10월 25일 19시,월요일,서울특별시 서대문구 북가좌동,경상사고,0,0,1,0,차대사람 - 횡단중,보행자보호의무위반,건조,흐림,단일로 - 기타,이륜,남,54세,상해없음,보행자,여,68.0,경상,서울특별시 서대문구
2021102600100169,2021년 10월 26일 11시,화요일,서울특별시 노원구 중계동,경상사고,0,0,1,0,차대사람 - 기타,안전운전불이행,건조,맑음,단일로 - 교량,승용,남,76세,상해없음,보행자,여,73.0,경상,서울특별시 노원구
2021102600100202,2021년 10월 26일 12시,화요일,서울특별시 종로구 인의동,경상사고,0,0,1,0,차대사람 - 횡단중,안전운전불이행,건조,맑음,단일로 - 기타,승용,여,29세,상해없음,보행자,여,80.0,경상,서울특별시 종로구
2021102600100384,2021년 10월 26일 17시,화요일,서울특별시 강북구 미아동,중상사고,0,1,0,0,차대사람 - 기타,안전운전불이행,기타,맑음,기타 - 기타,화물,남,57세,상해없음,보행자,여,79.0,중상,서울특별시 강북구
2021102700100023,2021년 10월 27일 06시,수요일,서울특별시 서초구 양재동,중상사고,0,1,0,0,차대사람 - 차도통행중,안전운전불이행,건조,맑음,교차로 - 교차로횡단보도내,승용,여,46세,상해없음,보행자,여,69.0,중상,서울특별시 서초구
2021102700100024,2021년 10월 27일 06시,수요일,서울특별시 노원구 공릉동,중상사고,0,1,0,0,차대사람 - 차도통행중,안전운전불이행,젖음/습기,비,교차로 - 교차로안,승용,여,62세,상해없음,보행자,남,72.0,중상,서울특별시 노원구
2021102700100484,2021년 10월 27일 19시,수요일,서울특별시 강서구 개화동,사망사고,1,0,0,0,차대사람 - 횡단중,안전운전불이행,건조,맑음,단일로 - 기타,승용,남,40세,상해없음,보행자,남,76.0,사망,서울특별시 강서구
2021102700100550,2021년 10월 27일 21시,수요일,서울특별시 서대문구 북아현동,경상사고,0,0,1,0,차대사람 - 횡단중,안전운전불이행,건조,맑음,교차로 - 교차로안,승용,여,39세,상해없음,보행자,여,76.0,경상,서울특별시 서대문구
2021102800100023,2021년 10월 28일 04시,목요일,서울특별시 종로구 낙원동,경상사고,0,0,1,0,차대사람 - 횡단중,안전운전불이행,건조,맑음,교차로 - 교차로횡단보도내,승용,남,55세,상해없음,보행자,남,75.0,경상,서울특별시 종로구
2021102800100188,2021년 10월 28일 10시,목요일,서울특별시 금천구 시흥동,사망사고,1,0,0,0,차대사람 - 횡단중,안전운전불이행,건조,맑음,단일로 - 기타,화물,남,63세,상해없음,보행자,남,88.0,사망,서울특별시 금천구
2021102800100189,2021년 10월 28일 10시,목요일,서울특별시 양천구 신정동,경상사고,0,0,1,0,차대사람 - 횡단중,안전운전불이행,건조,맑음,단일로 - 기타,승용,남,78세,상해없음,보행자,여,71.0,경상,서울특별시 양천구
2021102800100221,2021년 10월 28일 11시,목요일,서울특별시 영등포구 대림동,경상사고,0,0,1,0,차대사람 - 기타,안전운전불이행,건조,맑음,단일로 - 기타,승용,남,76세,상해없음,보행자,여,76.0,경상,서울특별시 영등포구
2021102800100252,2021년 10월 28일 12시,목요일,서울특별시 양천구 목동,중상사고,0,1,0,0,차대사람 - 차도통행중,안전운전불이행,건조,맑음,단일로 - 기타,승용,여,50세,상해없음,보행자,남,71.0,중상,서울특별시 양천구
2021102800100356,2021년 10월 28일 15시,목요일,서울특별시 강동구 고덕동,부상신고사고,0,0,0,1,차대사람 - 횡단중,보행자보호의무위반,건조,맑음,교차로 - 교차로횡단보도내,이륜,남,27세,상해없음,보행자,남,75.0,부상신고,서울특별시 강동구
2021102800100434,2021년 10월 28일 17시,목요일,서울특별시 노원구 중계동,중상사고,0,1,0,0,차대사람 - 보도통행중,기타,건조,맑음,기타 - 기타,자전거,남,13세,상해없음,보행자,여,66.0,중상,서울특별시 노원구
2021102900100130,2021년 10월 29일 10시,금요일,서울특별시 송파구 장지동,사망사고,1,0,0,0,차대사람 - 횡단중,안전운전불이행,건조,맑음,교차로 - 교차로횡단보도내,승합,남,71세,상해없음,보행자,여,70.0,사망,서울특별시 송파구
2021102900100636,2021년 10월 29일 22시,금요일,서울특별시 구로구 고척동,경상사고,0,0,1,0,차대사람 - 기타,안전운전불이행,건조,기타,기타 - 기타,승합,남,51세,상해없음,보행자,남,70.0,경상,서울특별시 구로구
2021103000100076,2021년 10월 30일 08시,토요일,서울특별시 동대문구 청량리동,경상사고,0,0,1,0,차대사람 - 기타,안전운전불이행,건조,맑음,단일로 - 기타,화물,남,43세,상해없음,보행자,남,65.0,경상,서울특별시 동대문구
2021103000100142,2021년 10월 30일 11시,토요일,서울특별시 동대문구 장안동,중상사고,0,1,0,0,차대사람 - 횡단중,안전운전불이행,건조,맑음,교차로 - 교차로부근,화물,남,65세,상해없음,보행자,여,78.0,중상,서울특별시 동대문구
2021103000100146,2021년 10월 30일 11시,토요일,서울특별시 중랑구 면목동,중상사고,0,1,0,0,차대사람 - 보도통행중,보행자보호의무위반,건조,맑음,교차로 - 교차로횡단보도내,화물,남,53세,상해없음,보행자,여,68.0,중상,서울특별시 중랑구
2021103000100281,2021년 10월 30일 15시,토요일,서울특별시 종로구 숭인동,경상사고,0,0,1,0,차대사람 - 길가장자리구역통행중,안전운전불이행,건조,맑음,단일로 - 기타,승용,남,63세,상해없음,보행자,남,76.0,경상,서울특별시 종로구
2021103000100393,2021년 10월 30일 18시,토요일,서울특별시 송파구 가락동,중상사고,0,1,0,0,차대사람 - 기타,안전운전불이행,건조,맑음,교차로 - 교차로부근,화물,남,68세,상해없음,보행자,여,69.0,중상,서울특별시 송파구
2021103000100442,2021년 10월 30일 19시,토요일,서울특별시 송파구 잠실동,부상신고사고,0,0,0,1,차대사람 - 기타,안전운전불이행,건조,기타,교차로 - 교차로부근,기타불명,기타불명,미분류,기타불명,보행자,여,65.0,부상신고,서울특별시 송파구
2021103100100054,2021년 10월 31일 08시,일요일,서울특별시 구로구 오류동,경상사고,0,0,1,0,차대사람 - 횡단중,안전운전불이행,건조,맑음,교차로 - 교차로횡단보도내,승용,남,71세,상해없음,보행자,여,73.0,경상,서울특별시 구로구
2021110100100027,2021년 11월 1일 04시,월요일,서울특별시 광진구 중곡동,중상사고,0,1,0,0,차대사람 - 차도통행중,안전운전불이행,건조,맑음,기타 - 기타,화물,남,52세,상해없음,보행자,남,77.0,중상,서울특별시 광진구
2021110100100119,2021년 11월 1일 09시,월요일,서울특별시 강동구 길동,경상사고,0,0,1,0,차대사람 - 기타,안전운전불이행,건조,맑음,단일로 - 기타,화물,남,69세,상해없음,보행자,여,72.0,경상,서울특별시 강동구
2021110100100147,2021년 11월 1일 10시,월요일,서울특별시 서초구 반포동,경상사고,0,0,1,0,차대사람 - 보도통행중,기타,건조,맑음,단일로 - 기타,이륜,남,33세,상해없음,보행자,여,85.0,경상,서울특별시 서초구
2021110100100211,2021년 11월 1일 12시,월요일,서울특별시 성북구 동소문동5가,중상사고,0,1,0,0,차대사람 - 횡단중,신호위반,건조,맑음,교차로 - 교차로횡단보도내,승용,남,52세,상해없음,보행자,여,75.0,중상,서울특별시 성북구
2021110100100278,2021년 11월 1일 14시,월요일,서울특별시 마포구 아현동,중상사고,0,1,0,0,차대사람 - 횡단중,보행자보호의무위반,건조,맑음,교차로 - 교차로안,승용,남,37세,상해없음,보행자,여,76.0,중상,서울특별시 마포구
2021110100100318,2021년 11월 1일 15시,월요일,서울특별시 중랑구 면목동,경상사고,0,0,1,0,차대사람 - 보도통행중,기타,건조,맑음,기타 - 기타,기타불명,기타불명,미분류,기타불명,보행자,여,70.0,경상,서울특별시 중랑구
2021110100100320,2021년 11월 1일 15시,월요일,서울특별시 강서구 가양동,중상사고,0,1,0,0,차대사람 - 기타,안전운전불이행,건조,맑음,단일로 - 기타,승용,남,57세,상해없음,보행자,남,66.0,중상,서울특별시 강서구
2021110100100357,2021년 11월 1일 16시,월요일,서울특별시 강북구 수유동,경상사고,0,0,1,0,차대사람 - 길가장자리구역통행중,안전운전불이행,건조,맑음,교차로 - 교차로부근,승용,남,74세,상해없음,보행자,남,77.0,경상,서울특별시 강북구
2021110100100511,2021년 11월 1일 19시,월요일,서울특별시 노원구 상계동,경상사고,0,0,1,0,차대사람 - 횡단중,안전운전불이행,건조,맑음,교차로 - 교차로부근,승합,남,74세,상해없음,보행자,남,69.0,경상,서울특별시 노원구
2021110200100323,2021년 11월 2일 15시,화요일,서울특별시 성북구 삼선동1가,중상사고,0,1,0,0,차대사람 - 기타,안전운전불이행,건조,맑음,단일로 - 기타,승합,남,52세,기타불명,보행자,남,85.0,중상,서울특별시 성북구
2021110200100436,2021년 11월 2일 18시,화요일,서울특별시 영등포구 영등포동7가,중상사고,0,1,0,0,차대사람 - 횡단중,보행자보호의무위반,기타,기타,단일로 - 기타,승용,남,26세,상해없음,보행자,여,75.0,중상,서울특별시 영등포구
2021110200100441,2021년 11월 2일 18시,화요일,서울특별시 은평구 구산동,중상사고,0,1,0,0,차대사람 - 기타,안전운전불이행,건조,맑음,단일로 - 기타,승용,남,70세,상해없음,보행자,여,80.0,중상,서울특별시 은평구
2021110200100533,2021년 11월 2일 20시,화요일,서울특별시 강남구 도곡동,중상사고,0,1,0,0,차대사람 - 횡단중,보행자보호의무위반,건조,맑음,단일로 - 기타,승용,남,66세,상해없음,보행자,여,67.0,중상,서울특별시 강남구
2021110200100599,2021년 11월 2일 23시,화요일,서울특별시 강남구 역삼동,경상사고,0,0,1,0,차대사람 - 기타,안전운전불이행,건조,맑음,단일로 - 기타,승용,여,52세,상해없음,보행자,여,65.0,경상,서울특별시 강남구
2021110300100130,2021년 11월 3일 09시,수요일,서울특별시 중구 봉래동2가,중상사고,0,1,0,0,차대사람 - 기타,안전운전불이행,건조,맑음,단일로 - 기타,승용,남,61세,상해없음,보행자,남,72.0,중상,서울특별시 중구
2021110300100133,2021년 11월 3일 09시,수요일,서울특별시 동작구 사당동,경상사고,0,0,1,0,차대사람 - 기타,안전운전불이행,건조,맑음,교차로 - 교차로부근,승용,여,35세,상해없음,보행자,여,73.0,경상,서울특별시 동작구
2021110300100238,2021년 11월 3일 12시,수요일,서울특별시 중구 주교동,경상사고,0,0,1,0,차대사람 - 횡단중,안전운전불이행,건조,맑음,교차로 - 교차로횡단보도내,화물,남,64세,상해없음,보행자,남,78.0,경상,서울특별시 중구
2021110300100243,2021년 11월 3일 12시,수요일,서울특별시 양천구 신정동,중상사고,0,1,1,0,차대사람 - 횡단중,신호위반,건조,맑음,교차로 - 교차로횡단보도내,승용,남,64세,상해없음,보행자,여,73.0,경상,서울특별시 양천구