사고번호,사고일시,요일,시군구,사고내용,사망자수,중상자수,경상자수,부상신고자수,사고유형,법규위반,노면상태,기상상태,도로형태,가해운전자 차종,가해운전자 성별,가해운전자 연령,가해운전자 상해정도,피해운전자 차종,피해운전자 성별,피해운전자 연령,피해운전자 상해정도,구
2021110300100301,2021년 11월 3일 14시,수요일,서울특별시 마포구 신공덕동,중상사고,0,1,0,0,차대사람 - 기타,안전운전불이행,건조,맑음,단일로 - 기타,승용,여,66세,상해없음,보행자,여,83.0,중상,서울특별시 마포구
2021110300100369,2021년 11월 3일 16시,수요일,서울특별시 성북구 하월곡동,경상사고,0,0,1,0,차대사람 - 기타,안전운전불이행,건조,맑음,교차로 - 교차로안,승용,여,36세,상해없음,보행자,여,66.0,경상,서울특별시 성북구
2021110400100055,2021년 11월 4일 06시,목요일,서울특별시 종로구 숭인동,경상사고,0,0,1,0,차대사람 - 횡단중,신호위반,건조,맑음,교차로 - 교차로횡단보도내,이륜,남,19세,상해없음,보행자,남,82.0,경상,서울특별시 종로구
2021110400100162,2021년 11월 4일 10시,목요일,서울특별시 중구 황학동,경상사고,0,0,1,0,차대사람 - 횡단중,안전운전불이행,건조,맑음,단일로 - 기타,승용,남,62세,상해없음,보행자,여,67.0,경상,서울특별시 중구
2021110400100163,2021년 11월 4일 10시,목요일,서울특별시 동작구 사당동,중상사고,0,1,0,0,차대사람 - 횡단중,안전운전불이행,건조,맑음,단일로 - 기타,승용,여,32세,상해없음,보행자,여,81.0,중상,서울특별시 동작구
2021110400100165,2021년 11월 4일 10시,목요일,서울특별시 도봉구 방학동,중상사고,0,1,0,0,차대사람 - 보도통행중,기타,건조,맑음,단일로 - 기타,승용,남,29세,상해없음,보행자,여,80.0,중상,서울특별시 도봉구
2021110400100516,2021년 11월 4일 19시,목요일,서울특별시 동대문구 전농동,경상사고,0,0,1,0,차대사람 - 기타,안전운전불이행,건조,기타,교차로 - 교차로부근,승용,남,26세,상해없음,보행자,남,75.0,경상,서울특별시 동대문구
2021110400100555,2021년 11월 4일 20시,목요일,서울특별시 구로구 고척동,경상사고,0,0,1,0,차대사람 - 기타,안전운전불이행,건조,맑음,단일로 - 기타,승합,남,49세,상해없음,보행자,남,66.0,경상,서울특별시 구로구
2021110500100043,2021년 11월 5일 05시,금요일,서울특별시 서대문구 연희동,부상신고사고,0,0,0,1,차대사람 - 차도통행중,안전운전불이행,건조,맑음,교차로 - 교차로안,화물,남,51세,상해없음,보행자,남,74.0,부상신고,서울특별시 서대문구
2021110500100055,2021년 11월 5일 06시,금요일,서울특별시 도봉구 창동,중상사고,0,1,0,0,차대사람 - 차도통행중,안전운전불이행,건조,맑음,단일로 - 기타,승용,남,57세,상해없음,보행자,남,80.0,중상,서울특별시 도봉구
2021110500100139,2021년 11월 5일 09시,금요일,서울특별시 동작구 상도동,중상사고,0,1,0,0,차대사람 - 횡단중,안전운전불이행,건조,맑음,교차로 - 교차로안,승용,남,67세,상해없음,보행자,여,85.0,중상,서울특별시 동작구
2021110500100223,2021년 11월 5일 12시,금요일,서울특별시 영등포구 당산동2가,중상사고,0,1,0,0,차대사람 - 횡단중,안전운전불이행,건조,맑음,단일로 - 기타,이륜,남,42세,기타불명,보행자,여,74.0,중상,서울특별시 영등포구
2021110500100265,2021년 11월 5일 13시,금요일,서울특별시 영등포구 영등포동2가,중상사고,0,1,0,0,차대사람 - 기타,안전운전불이행,건조,맑음,단일로 - 기타,승용,여,25세,상해없음,보행자,남,66.0,중상,서울특별시 영등포구
2021110500100298,2021년 11월 5일 14시,금요일,서울특별시 강북구 수유동,중상사고,0,2,0,0,차대사람 - 횡단중,신호위반,건조,맑음,단일로 - 기타,개인형이동수단(PM),남,41세,상해없음,보행자,여,60.0,중상,서울특별시 강북구
2021110500100411,2021년 11월 5일 17시,금요일,서울특별시 동대문구 전농동,중상사고,0,1,0,0,차대사람 - 기타,안전운전불이행,건조,맑음,단일로 - 기타,화물,남,58세,상해없음,보행자,여,74.0,중상,서울특별시 동대문구
2021110500100415,2021년 11월 5일 17시,금요일,서울특별시 송파구 방이동,경상사고,0,0,1,0,차대사람 - 기타,기타,건조,맑음,단일로 - 기타,승용,여,56세,상해없음,보행자,남,73.0,경상,서울특별시 송파구
2021110700100047,2021년 11월 7일 05시,일요일,서울특별시 동대문구 장안동,사망사고,1,0,0,0,차대사람 - 차도통행중,안전운전불이행,건조,흐림,교차로 - 교차로횡단보도내,승용,남,63세,상해없음,보행자,여,86.0,사망,서울특별시 동대문구
2021110700100086,2021년 11월 7일 10시,일요일,서울특별시 도봉구 쌍문동,중상사고,0,1,0,0,차대사람 - 횡단중,보행자보호의무위반,건조,맑음,교차로 - 교차로횡단보도내,승용,여,48세,상해없음,보행자,여,70.0,중상,서울특별시 도봉구
2021110700100171,2021년 11월 7일 13시,일요일,서울특별시 동대문구 신설동,중상사고,0,1,0,0,차대사람 - 길가장자리구역통행중,안전운전불이행,건조,맑음,기타 - 기타,승용,남,66세,상해없음,보행자,남,80.0,중상,서울특별시 동대문구
2021110700100207,2021년 11월 7일 14시,일요일,서울특별시 중랑구 망우동,경상사고,0,0,1,0,차대사람 - 기타,안전운전불이행,건조,맑음,교차로 - 교차로안,승용,남,35세,상해없음,보행자,여,85.0,경상,서울특별시 중랑구
2021110700100350,2021년 11월 7일 18시,일요일,서울특별시 관악구 봉천동,경상사고,0,0,2,0,차대사람 - 기타,안전운전불이행,건조,맑음,기타 - 기타,이륜,남,52세,상해없음,보행자,남,74.0,경상,서울특별시 관악구
2021110700100415,2021년 11월 7일 20시,일요일,서울특별시 영등포구 영등포동5가,중상사고,0,1,0,0,차대사람 - 횡단중,기타,건조,맑음,단일로 - 기타,승용,남,28세,상해없음,보행자,남,77.0,중상,서울특별시 영등포구
2021110800100043,2021년 11월 8일 06시,월요일,서울특별시 은평구 역촌동,중상사고,0,1,0,0,차대사람 - 횡단중,기타,젖음/습기,비,단일로 - 기타,승용,남,62세,상해없음,보행자,여,79.0,중상,서울특별시 은평구
2021110800100064,2021년 11월 8일 07시,월요일,서울특별시 강동구 천호동,사망사고,1,0,0,0,차대사람 - 차도통행중,안전운전불이행,젖음/습기,비,교차로 - 교차로횡단보도내,승용,남,64세,상해없음,보행자,여,72.0,사망,서울특별시 강동구
2021110800100142,2021년 11월 8일 09시,월요일,서울특별시 중랑구 망우동,경상사고,0,0,1,0,차대사람 - 기타,안전운전불이행,젖음/습기,비,단일로 - 기타,화물,남,35세,상해없음,보행자,여,79.0,경상,서울특별시 중랑구
2021110800100253,2021년 11월 8일 12시,월요일,서울특별시 강동구 성내동,경상사고,0,0,1,0,차대사람 - 횡단중,안전운전불이행,젖음/습기,비,교차로 - 교차로안,화물,남,64세,상해없음,보행자,여,67.0,경상,서울특별시 강동구
2021110800100482,2021년 11월 8일 18시,월요일,서울특별시 강서구 화곡동,중상사고,0,1,0,0,차대사람 - 보도통행중,안전운전불이행,건조,맑음,단일로 - 기타,승용,남,55세,상해없음,보행자,여,72.0,중상,서울특별시 강서구
2021110900100080,2021년 11월 9일 08시,화요일,서울특별시 성북구 장위동,중상사고,0,1,0,0,차대사람 - 횡단중,기타,젖음/습기,비,단일로 - 기타,이륜,남,36세,상해없음,보행자,여,69.0,중상,서울특별시 성북구
2021110900100151,2021년 11월 9일 10시,화요일,서울특별시 동대문구 용두동,중상사고,0,1,0,0,차대사람 - 차도통행중,안전운전불이행,젖음/습기,흐림,교차로 - 교차로안,자전거,남,71세,상해없음,보행자,여,80.0,중상,서울특별시 동대문구
2021110900100154,2021년 11월 9일 10시,화요일,서울특별시 송파구 풍납동,경상사고,0,0,1,0,차대사람 - 기타,안전운전불이행,건조,맑음,교차로 - 교차로부근,승용,남,80세,상해없음,보행자,남,65.0,경상,서울특별시 송파구
2021110900100189,2021년 11월 9일 11시,화요일,서울특별시 구로구 온수동,중상사고,0,2,0,0,차대사람 - 기타,안전운전불이행,젖음/습기,비,기타 - 기타,화물,남,46세,상해없음,보행자,여,75.0,중상,서울특별시 구로구
2021110900100355,2021년 11월 9일 16시,화요일,서울특별시 영등포구 양평동2가,경상사고,0,0,1,0,차대사람 - 기타,안전운전불이행,젖음/습기,흐림,단일로 - 기타,승용,남,49세,상해없음,보행자,여,90.0,경상,서울특별시 영등포구
2021110900100357,2021년 11월 9일 16시,화요일,서울특별시 구로구 개봉동,중상사고,0,1,0,0,차대사람 - 길가장자리구역통행중,안전운전불이행,젖음/습기,흐림,교차로 - 교차로안,화물,남,34세,상해없음,보행자,여,83.0,중상,서울특별시 구로구
2021110900100360,2021년 11월 9일 16시,화요일,서울특별시 은평구 불광동,중상사고,0,1,0,0,차대사람 - 횡단중,보행자보호의무위반,건조,맑음,교차로 - 교차로횡단보도내,화물,남,75세,상해없음,보행자,여,71.0,중상,서울특별시 은평구
2021111000100153,2021년 11월 10일 09시,수요일,서울특별시 서대문구 냉천동,경상사고,0,0,1,0,차대사람 - 기타,안전운전불이행,건조,맑음,단일로 - 기타,승합,남,51세,상해없음,보행자,여,66.0,경상,서울특별시 서대문구
2021111000100158,2021년 11월 10일 09시,수요일,서울특별시 강동구 암사동,경상사고,0,0,1,0,차대사람 - 기타,안전운전불이행,건조,맑음,기타 - 기타,기타불명,기타불명,미분류,기타불명,보행자,여,86.0,경상,서울특별시 강동구
2021111000100159,2021년 11월 10일 09시,수요일,서울특별시 양천구 신정동,경상사고,0,0,1,0,차대사람 - 횡단중,안전운전불이행,건조,맑음,교차로 - 교차로부근,승용,남,38세,상해없음,보행자,여,65.0,경상,서울특별시 양천구
2021111000100223,2021년 11월 10일 12시,수요일,서울특별시 동대문구 이문동,경상사고,0,0,1,0,차대사람 - 기타,안전운전불이행,젖음/습기,흐림,기타 - 기타,건설기계,남,68세,상해없음,보행자,남,67.0,경상,서울특별시 동대문구
2021111000100352,2021년 11월 10일 16시,수요일,서울특별시 중구 신당동,부상신고사고,0,0,0,1,차대사람 - 차도통행중,안전운전불이행,건조,맑음,단일로 - 기타,승용,여,29세,상해없음,보행자,여,77.0,부상신고,서울특별시 중구
2021111000100529,2021년 11월 10일 20시,수요일,서울특별시 성동구 성수동1가,중상사고,0,1,0,0,차대사람 - 차도통행중,안전운전불이행,건조,맑음,단일로 - 터널,승용,남,49세,상해없음,보행자,여,83.0,중상,서울특별시 성동구
2021111100100069,2021년 11월 11일 07시,목요일,서울특별시 양천구 신월동,중상사고,0,1,0,0,차대사람 - 보도통행중,안전운전불이행,건조,맑음,기타 - 기타,자전거,남,37세,상해없음,보행자,여,68.0,중상,서울특별시 양천구
2021111100100183,2021년 11월 11일 10시,목요일,서울특별시 강북구 미아동,중상사고,0,1,0,0,차대사람 - 기타,안전운전불이행,건조,맑음,단일로 - 기타,승합,남,48세,상해없음,보행자,남,72.0,중상,서울특별시 강북구
2021111100100186,2021년 11월 11일 10시,목요일,서울특별시 관악구 봉천동,중상사고,0,1,0,0,차대사람 - 횡단중,안전운전불이행,건조,맑음,단일로 - 기타,승용,남,28세,상해없음,보행자,남,75.0,중상,서울특별시 관악구
2021111200100164,2021년 11월 12일 10시,금요일,서울특별시 강남구 율현동,중상사고,0,1,0,0,차대사람 - 기타,안전운전불이행,건조,맑음,단일로 - 기타,승용,여,30세,상해없음,보행자,여,81.0,중상,서울특별시 강남구
2021111200100196,2021년 11월 12일 11시,금요일,서울특별시 강서구 등촌동,경상사고,0,0,1,0,차대사람 - 차도통행중,안전운전불이행,건조,맑음,교차로 - 교차로안,승용,남,65세,상해없음,보행자,남,79.0,경상,서울특별시 강서구
2021111200100232,2021년 11월 12일 12시,금요일,서울특별시 노원구 상계동,중상사고,0,1,0,0,차대사람 - 길가장자리구역통행중,안전운전불이행,건조,맑음,교차로 - 교차로부근,승용,여,67세,상해없음,보행자,여,82.0,중상,서울특별시 노원구
2021111200100235,2021년 11월 12일 12시,금요일,서울특별시 도봉구 방학동,경상사고,0,0,1,0,차대사람 - 기타,안전운전불이행,건조,맑음,교차로 - 교차로안,승합,남,51세,상해없음,보행자,여,67.0,경상,서울특별시 도봉구
2021111200100236,2021년 11월 12일 12시,금요일,서울특별시 서초구 방배동,경상사고,0,0,1,0,차대사람 - 길가장자리구역통행중,안전운전불이행,건조,맑음,단일로 - 기타,승용,남,73세,상해없음,보행자,여,82.0,경상,서울특별시 서초구
2021111200100305,2021년 11월 12일 14시,금요일,서울특별시 강동구 고덕동,사망사고,1,0,0,0,차대사람 - 횡단중,보행자보호의무위반,건조,맑음,교차로 - 교차로횡단보도내,건설기계,남,62세,상해없음,보행자,여,77.0,사망,서울특별시 강동구
2021111200100335,2021년 11월 12일 15시,금요일,서울특별시 동작구 본동,중상사고,0,1,0,0,차대사람 - 기타,안전운전불이행,건조,맑음,단일로 - 기타,자전거,남,49세,상해없음,보행자,남,70.0,중상,서울특별시 동작구
2021111200100462,2021년 11월 12일 18시,금요일,서울특별시 동대문구 장안동,경상사고,0,0,1,0,차대사람 - 기타,안전운전불이행,건조,맑음,교차로 - 교차로안,이륜,남,53세,상해없음,보행자,남,65.0,경상,서울특별시 동대문구
2021111200100463,2021년 11월 12일 18시,금요일,서울특별시 광진구 광장동,중상사고,0,1,0,0,차대사람 - 기타,안전운전불이행,건조,맑음,기타 - 기타,자전거,남,32세,상해없음,보행자,남,77.0,중상,서울특별시 광진구
2021111200100464,2021년 11월 12일 18시,금요일,서울특별시 마포구 서교동,중상사고,0,1,0,1,차대사람 - 횡단중,보행자보호의무위반,건조,맑음,교차로 - 교차로횡단보도내,승용,남,67세,기타불명,보행자,남,66.0,중상,서울특별시 마포구
2021111200100469,2021년 11월 12일 18시,금요일,서울특별시 강서구 화곡동,경상사고,0,0,1,0,차대사람 - 기타,안전운전불이행,건조,맑음,교차로 - 교차로안,승용,남,55세,상해없음,보행자,여,79.0,경상,서울특별시 강서구
2021111200100524,2021년 11월 12일 19시,금요일,서울특별시 중구 장충동1가,중상사고,0,1,0,0,차대사람 - 횡단중,보행자보호의무위반,건조,맑음,교차로 - 교차로횡단보도내,승용,남,49세,기타불명,보행자,여,65.0,중상,서울특별시 중구
2021111200100579,2021년 11월 12일 20시,금요일,서울특별시 노원구 상계동,중상사고,0,1,0,0,차대사람 - 기타,기타,건조,맑음,기타 - 기타,자전거,남,14세,상해없음,보행자,여,68.0,중상,서울특별시 노원구
2021111200100639,2021년 11월 12일 22시,금요일,서울특별시 성동구 송정동,사망사고,1,0,0,0,차대사람 - 기타,안전운전불이행,건조,맑음,단일로 - 기타,승용,남,53세,상해없음,보행자,남,65.0,사망,서울특별시 성동구
2021111300100128,2021년 11월 13일 09시,토요일,서울특별시 강남구 대치동,중상사고,0,1,0,0,차대사람 - 기타,안전운전불이행,건조,맑음,교차로 - 교차로안,승용,남,64세,상해없음,보행자,남,79.0,중상,서울특별시 강남구
2021111300100351,2021년 11월 13일 15시,토요일,서울특별시 동대문구 휘경동,중상사고,0,1,0,0,차대사람 - 기타,안전운전불이행,기타,맑음,단일로 - 기타,화물,남,59세,상해없음,보행자,여,69.0,중상,서울특별시 동대문구
2021111300100352,2021년 11월 13일 15시,토요일,서울특별시 동대문구 용두동,중상사고,0,1,0,0,차대사람 - 차도통행중,안전운전불이행,건조,흐림,교차로 - 교차로부근,승용,여,54세,상해없음,보행자,남,76.0,중상,서울특별시 동대문구
2021111400100108,2021년 11월 14일 10시,일요일,서울특별시 영등포구 여의도동,경상사고,0,0,1,0,차대사람 - 보도통행중,기타,건조,맑음,단일로 - 기타,개인형이동수단(PM),여,23세,상해없음,보행자,여,65.0,경상,서울특별시 영등포구
2021111400100350,2021년 11월 14일 18시,일요일,서울특별시 중랑구 상봉동,경상사고,0,0,1,0,차대사람 - 기타,안전운전불이행,건조,맑음,교차로 - 교차로안,화물,남,41세,상해없음,보행자,남,67.0,경상,서울특별시 중랑구
2021111500100065,2021년 11월 15일 07시,월요일,서울특별시 서초구 양재동,사망사고,1,0,0,1,차대사람 - 기타,안전운전불이행,건조,맑음,단일로 - 기타,화물,남,53세,부상신고,보행자,남,66.0,사망,서울특별시 서초구
2021111500100087,2021년 11월 15일 08시,월요일,서울특별시 마포구 용강동,부상신고사고,0,0,0,1,차대사람 - 횡단중,보행자보호의무위반,건조,맑음,단일로 - 기타,개인형이동수단(PM),남,44세,상해없음,보행자,여,74.0,부상신고,서울특별시 마포구
2021111500100357,2021년 11월 15일 16시,월요일,서울특별시 은평구 응암동,경상사고,0,0,1,0,차대사람 - 보도통행중,보행자보호의무위반,건조,맑음,교차로 - 교차로안,승합,남,71세,상해없음,보행자,여,69.0,경상,서울특별시 은평구
2021111500100365,2021년 11월 15일 16시,월요일,서울특별시 구로구 구로동,중상사고,0,1,0,0,차대사람 - 기타,안전운전불이행,건조,맑음,교차로 - 교차로안,승용,여,32세,상해없음,보행자,남,78.0,중상,서울특별시 구로구
2021111500100584,2021년 11월 15일 21시,월요일,서울특별시 중구 을지로1가,중상사고,0,1,0,0,차대사람 - 차도통행중,안전운전불이행,건조,맑음,단일로 - 기타,승용,남,61세,상해없음,보행자,여,74.0,중상,서울특별시 중구
2021111600100030,2021년 11월 16일 03시,화요일,서울특별시 성동구 마장동,경상사고,0,0,1,0,차대사람 - 횡단중,신호위반,건조,맑음,교차로 - 교차로횡단보도내,승용,남,58세,상해없음,보행자,여,69.0,경상,서울특별시 성동구
2021111600100072,2021년 11월 16일 07시,화요일,서울특별시 금천구 시흥동,중상사고,0,1,0,0,차대사람 - 기타,안전운전불이행,건조,맑음,교차로 - 교차로안,화물,남,56세,상해없음,보행자,남,67.0,중상,서울특별시 금천구
2021111600100075,2021년 11월 16일 07시,화요일,서울특별시 관악구 봉천동,경상사고,0,0,1,0,차대사람 - 기타,기타,건조,맑음,단일로 - 기타,승합,남,49세,상해없음,보행자,여,71.0,경상,서울특별시 관악구
2021111600100184,2021년 11월 16일 10시,화요일,서울특별시 강동구 천호동,경상사고,0,0,1,0,차대사람 - 횡단중,보행자보호의무위반,건조,맑음,단일로 - 기타,건설기계,남,46세,상해없음,보행자,여,77.0,경상,서울특별시 강동구
2021111600100220,2021년 11월 16일 11시,화요일,서울특별시 강서구 방화동,경상사고,0,0,1,0,차대사람 - 횡단중,신호위반,건조,맑음,교차로 - 교차로횡단보도내,승용,남,80세,상해없음,보행자,여,78.0,경상,서울특별시 강서구
2021111600100292,2021년 11월 16일 13시,화요일,서울특별시 영등포구 대림동,중상사고,0,1,0,0,차대사람 - 기타,안전운전불이행,건조,맑음,기타 - 기타,승용,여,57세,상해없음,보행자,여,75.0,중상,서울특별시 영등포구
2021111600100358,2021년 11월 16일 15시,화요일,서울특별시 성북구 장위동,경상사고,0,0,1,0,차대사람 - 기타,안전운전불이행,건조,맑음,단일로 - 기타,승합,남,37세,상해없음,보행자,여,66.0,경상,서울특별시 성북구
2021111600100531,2021년 11월 16일 19시,화요일,서울특별시 성동구 행당동,중상사고,0,1,0,0,차대사람 - 기타,안전운전불이행,건조,맑음,교차로 - 교차로안,승용,남,58세,상해없음,보행자,남,69.0,중상,서울특별시 성동구
2021111600100532,2021년 11월 16일 19시,화요일,서울특별시 금천구 독산동,사망사고,1,0,0,0,차대사람 - 차도통행중,기타,건조,맑음,단일로 - 기타,승용,남,44세,상해없음,보행자,남,80.0,사망,서울특별시 금천구
2021111700100039,2021년 11월 17일 06시,수요일,서울특별시 서대문구 남가좌동,경상사고,0,0,1,0,차대사람 - 횡단중,보행자보호의무위반,건조,맑음,교차로 - 교차로안,승용,여,28세,상해없음,보행자,남,66.0,경상,서울특별시 서대문구
2021111700100077,2021년 11월 17일 08시,수요일,서울특별시 강서구 방화동,중상사고,0,1,0,0,차대사람 - 길가장자리구역통행중,보행자보호의무위반,건조,맑음,교차로 - 교차로횡단보도내,화물,남,29세,상해없음,보행자,여,74.0,중상,서울특별시 강서구
2021111700100078,2021년 11월 17일 08시,수요일,서울특별시 송파구 방이동,중상사고,0,1,0,0,차대사람 - 횡단중,보행자보호의무위반,건조,기타,단일로 - 기타,승용,여,43세,상해없음,보행자,남,83.0,중상,서울특별시 송파구
2021111700100243,2021년 11월 17일 12시,수요일,서울특별시 동작구 흑석동,중상사고,0,1,0,0,차대사람 - 기타,안전운전불이행,건조,맑음,단일로 - 기타,승용,남,34세,상해없음,보행자,여,72.0,중상,서울특별시 동작구
2021111700100393,2021년 11월 17일 16시,수요일,서울특별시 용산구 청파동3가,중상사고,0,1,1,0,차대사람 - 기타,신호위반,건조,맑음,교차로 - 교차로부근,승용,남,51세,경상,보행자,여,65.0,중상,서울특별시 용산구
2021111700100637,2021년 11월 17일 21시,수요일,서울특별시 동대문구 휘경동,경상사고,0,0,1,0,차대사람 - 보도통행중,보행자보호의무위반,건조,맑음,교차로 - 교차로횡단보도내,승용,남,18세,상해없음,보행자,여,69.0,경상,서울특별시 동대문구
2021111800100086,2021년 11월 18일 08시,목요일,서울특별시 도봉구 도봉동,중상사고,0,1,0,0,차대사람 - 횡단중,안전운전불이행,건조,맑음,단일로 - 기타,승용,남,59세,상해없음,보행자,여,73.0,중상,서울특별시 도봉구
2021111800100347,2021년 11월 18일 16시,목요일,서울특별시 성북구 석관동,부상신고사고,0,0,0,1,차대사람 - 횡단중,기타,기타,맑음,단일로 - 기타,자전거,남,59세,상해없음,보행자,여,79.0,부상신고,서울특별시 성북구
2021111800100554,2021년 11월 18일 21시,목요일,서울특별시 성북구 보문동7가,중상사고,0,1,0,0,차대사람 - 횡단중,안전운전불이행,건조,맑음,교차로 - 교차로횡단보도내,승용,남,35세,상해없음,보행자,남,66.0,중상,서울특별시 성북구
2021111900100052,2021년 11월 19일 05시,금요일,서울특별시 중랑구 면목동,중상사고,0,1,0,0,차대사람 - 횡단중,안전운전불이행,건조,흐림,교차로 - 교차로횡단보도내,화물,남,63세,상해없음,보행자,남,78.0,중상,서울특별시 중랑구
2021111900100058,2021년 11월 19일 06시,금요일,서울특별시 금천구 가산동,중상사고,0,1,0,0,차대사람 - 기타,안전운전불이행,건조,맑음,교차로 - 교차로안,화물,남,63세,상해없음,보행자,여,76.0,중상,서울특별시 금천구
2021111900100061,2021년 11월 19일 06시,금요일,서울특별시 강서구 가양동,중상사고,0,1,0,0,차대사람 - 횡단중,보행자보호의무위반,건조,맑음,교차로 - 교차로횡단보도내,승용,남,66세,상해없음,보행자,여,73.0,중상,서울특별시 강서구
2021111900100322,2021년 11월 19일 15시,금요일,서울특별시 송파구 거여동,중상사고,0,1,0,0,차대사람 - 기타,안전운전불이행,건조,맑음,단일로 - 기타,승용,남,59세,상해없음,보행자,남,81.0,중상,서울특별시 송파구
2021111900100323,2021년 11월 19일 15시,금요일,서울특별시 구로구 고척동,중상사고,0,1,0,0,차대사람 - 차도통행중,안전운전불이행,건조,맑음,단일로 - 기타,자전거,여,60세,상해없음,보행자,여,68.0,중상,서울특별시 구로구
2021112000100317,2021년 11월 20일 15시,토요일,서울특별시 송파구 방이동,경상사고,0,0,1,0,차대사람 - 차도통행중,안전운전불이행,건조,맑음,단일로 - 기타,승용,여,31세,상해없음,보행자,남,66.0,경상,서울특별시 송파구
2021112000100349,2021년 11월 20일 16시,토요일,서울특별시 서대문구 남가좌동,경상사고,0,0,1,0,차대사람 - 횡단중,안전운전불이행,건조,맑음,단일로 - 기타,화물,남,65세,상해없음,보행자,여,74.0,경상,서울특별시 서대문구
2021112000100381,2021년 11월 20일 17시,토요일,서울특별시 강남구 논현동,중상사고,0,1,0,0,차대사람 - 횡단중,안전운전불이행,건조,맑음,단일로 - 기타,승용,여,56세,상해없음,보행자,남,79.0,중상,서울특별시 강남구
2021112100100465,2021년 11월 21일 22시,일요일,서울특별시 성동구 옥수동,경상사고,0,0,1,0,차대사람 - 기타,안전운전불이행,건조,맑음,단일로 - 기타,승합,남,64세,상해없음,보행자,남,71.0,경상,서울특별시 성동구
2021112200100051,2021년 11월 22일 05시,월요일,서울특별시 양천구 신월동,사망사고,1,0,0,0,차대사람 - 기타,안전운전불이행,건조,맑음,단일로 - 기타,승용,남,64세,상해없음,보행자,여,74.0,사망,서울특별시 양천구
2021112200100161,2021년 11월 22일 10시,월요일,서울특별시 도봉구 도봉동,중상사고,0,1,0,0,차대사람 - 횡단중,안전운전불이행,건조,맑음,교차로 - 교차로안,승용,남,63세,상해없음,보행자,남,82.0,중상,서울특별시 도봉구
2021112200100186,2021년 11월 22일 11시,월요일,서울특별시 서대문구 홍은동,중상사고,0,1,0,0,차대사람 - 횡단중,보행자보호의무위반,건조,맑음,교차로 - 교차로횡단보도내,승용,남,71세,상해없음,보행자,여,81.0,중상,서울특별시 서대문구
2021112200100187,2021년 11월 22일 11시,월요일,서울특별시 동대문구 전농동,중상사고,0,1,0,0,차대사람 - 보도통행중,기타,기타,맑음,기타 - 기타,승용,여,51세,상해없음,보행자,여,66.0,중상,서울특별시 동대문구
2021112200100231,2021년 11월 22일 12시,월요일,서울특별시 강동구 성내동,중상사고,0,1,0,0,차대사람 - 기타,신호위반,건조,맑음,교차로 - 교차로횡단보도내,승용,남,79세,상해없음,보행자,여,68.0,중상,서울특별시 강동구
2021112200100313,2021년 11월 22일 14시,월요일,서울특별시 은평구 진관동,중상사고,0,1,0,0,차대사람 - 보도통행중,중앙선침범,건조,맑음,미분류 - 미분류,기타불명,기타불명,미분류,기타불명,보행자,여,77.0,중상,서울특별시 은평구
2021112200100380,2021년 11월 22일 16시,월요일,서울특별시 서대문구 홍제동,중상사고,0,1,0,0,차대사람 - 기타,안전운전불이행,건조,맑음,단일로 - 기타,승합,남,41세,상해없음,보행자,여,75.0,중상,서울특별시 서대문구
2021112300100056,2021년 11월 23일 07시,화요일,서울특별시 도봉구 방학동,중상사고,0,1,0,0,차대사람 - 횡단중,보행자보호의무위반,건조,맑음,교차로 - 교차로횡단보도내,승용,남,56세,상해없음,보행자,여,66.0,중상,서울특별시 도봉구
2021112300100220,2021년 11월 23일 12시,화요일,서울특별시 서초구 서초동,중상사고,0,1,0,0,차대사람 - 횡단중,보행자보호의무위반,건조,맑음,교차로 - 교차로횡단보도내,승용,여,63세,기타불명,보행자,여,74.0,중상,서울특별시 서초구
2021112300100272,2021년 11월 23일 14시,화요일,서울특별시 송파구 마천동,경상사고,0,0,1,0,차대사람 - 기타,안전운전불이행,건조,맑음,단일로 - 기타,승용,남,41세,상해없음,보행자,여,67.0,경상,서울특별시 송파구
2021112300100333,2021년 11월 23일 16시,화요일,서울특별시 강서구 가양동,중상사고,0,1,0,0,차대사람 - 기타,안전운전불이행,건조,맑음,단일로 - 기타,승합,남,43세,상해없음,보행자,여,74.0,중상,서울특별시 강서구
2021112300100481,2021년 11월 23일 19시,화요일,서울특별시 노원구 월계동,중상사고,0,1,0,0,차대사람 - 횡단중,안전운전불이행,건조,맑음,교차로 - 교차로안,승용,여,61세,상해없음,보행자,여,81.0,중상,서울특별시 노원구
2021112400100010,2021년 11월 24일 01시,수요일,서울특별시 관악구 봉천동,중상사고,0,1,0,0,차대사람 - 기타,안전운전불이행,건조,맑음,기타 - 기타,승용,남,66세,상해없음,보행자,여,84.0,중상,서울특별시 관악구
2021112400100262,2021년 11월 24일 14시,수요일,서울특별시 은평구 응암동,중상사고,0,1,0,0,차대사람 - 기타,안전운전불이행,건조,맑음,단일로 - 기타,승용,남,47세,상해없음,보행자,여,72.0,중상,서울특별시 은평구
2021112500100041,2021년 11월 25일 05시,목요일,서울특별시 중구 순화동,경상사고,0,0,1,0,차대사람 - 횡단중,기타,건조,맑음,교차로 - 교차로안,승용,남,61세,상해없음,보행자,남,69.0,경상,서울특별시 중구