사고번호,사고일시,요일,시군구,사고내용,사망자수,중상자수,경상자수,부상신고자수,사고유형,법규위반,노면상태,기상상태,도로형태,가해운전자 차종,가해운전자 성별,가해운전자 연령,가해운전자 상해정도,피해운전자 차종,피해운전자 성별,피해운전자 연령,피해운전자 상해정도,구
2021112500100243,2021년 11월 25일 12시,목요일,서울특별시 강동구 천호동,경상사고,0,0,1,0,차대사람 - 기타,안전운전불이행,건조,맑음,기타 - 기타,자전거,남,39세,상해없음,보행자,남,66.0,경상,서울특별시 강동구
2021112600100224,2021년 11월 26일 11시,금요일,서울특별시 중랑구 신내동,경상사고,0,0,1,0,차대사람 - 횡단중,보행자보호의무위반,건조,맑음,교차로 - 교차로횡단보도내,승용,남,62세,상해없음,보행자,남,77.0,경상,서울특별시 중랑구
2021112700100316,2021년 11월 27일 15시,토요일,서울특별시 광진구 구의동,경상사고,0,0,1,0,차대사람 - 횡단중,안전운전불이행,건조,맑음,기타 - 기타,자전거,남,63세,상해없음,보행자,여,76.0,경상,서울특별시 광진구
2021112700100557,2021년 11월 27일 21시,토요일,서울특별시 구로구 오류동,중상사고,0,1,0,0,차대사람 - 기타,안전운전불이행,건조,기타,단일로 - 기타,승용,여,59세,상해없음,보행자,여,79.0,중상,서울특별시 구로구
2021112800100101,2021년 11월 28일 10시,일요일,서울특별시 중랑구 묵동,중상사고,0,1,0,0,차대사람 - 횡단중,보행자보호의무위반,건조,맑음,단일로 - 기타,승용,남,67세,상해없음,보행자,여,79.0,중상,서울특별시 중랑구
2021112800100102,2021년 11월 28일 10시,일요일,서울특별시 강서구 방화동,중상사고,0,1,0,0,차대사람 - 기타,안전운전불이행,건조,맑음,단일로 - 기타,승용,남,33세,상해없음,보행자,남,84.0,중상,서울특별시 강서구
2021112800100410,2021년 11월 28일 20시,일요일,서울특별시 성북구 석관동,부상신고사고,0,0,0,1,차대사람 - 횡단중,안전운전불이행,건조,맑음,단일로 - 기타,승용,남,45세,상해없음,보행자,여,79.0,부상신고,서울특별시 성북구
2021112800100437,2021년 11월 28일 21시,일요일,서울특별시 서대문구 홍은동,경상사고,0,0,1,0,차대사람 - 길가장자리구역통행중,안전운전불이행,건조,맑음,단일로 - 기타,승용,여,59세,상해없음,보행자,여,67.0,경상,서울특별시 서대문구
2021112900100090,2021년 11월 29일 08시,월요일,서울특별시 종로구 예지동,중상사고,0,1,0,0,차대사람 - 횡단중,안전운전불이행,건조,맑음,단일로 - 기타,이륜,남,59세,상해없음,보행자,여,72.0,중상,서울특별시 종로구
2021112900100095,2021년 11월 29일 08시,월요일,서울특별시 노원구 월계동,중상사고,0,1,0,0,차대사람 - 횡단중,보행자보호의무위반,건조,맑음,교차로 - 교차로횡단보도내,승용,남,72세,상해없음,보행자,여,69.0,중상,서울특별시 노원구
2021112900100390,2021년 11월 29일 16시,월요일,서울특별시 강남구 대치동,중상사고,0,1,0,0,차대사람 - 기타,안전운전불이행,건조,맑음,단일로 - 기타,승용,여,65세,상해없음,보행자,여,89.0,중상,서울특별시 강남구
2021112900100426,2021년 11월 29일 17시,월요일,서울특별시 관악구 신림동,중상사고,0,1,0,0,차대사람 - 횡단중,안전운전불이행,건조,맑음,교차로 - 교차로안,승합,남,63세,상해없음,보행자,남,74.0,중상,서울특별시 관악구
2021112900100529,2021년 11월 29일 19시,월요일,서울특별시 동작구 대방동,경상사고,0,0,1,0,차대사람 - 기타,기타,건조,맑음,단일로 - 기타,승합,남,41세,상해없음,보행자,여,65.0,경상,서울특별시 동작구
2021112900100563,2021년 11월 29일 20시,월요일,서울특별시 동대문구 이문동,경상사고,0,0,1,0,차대사람 - 기타,안전운전불이행,건조,맑음,기타 - 기타,승합,남,44세,상해없음,보행자,여,71.0,경상,서울특별시 동대문구
2021112900100613,2021년 11월 29일 22시,월요일,서울특별시 동작구 신대방동,부상신고사고,0,0,0,1,차대사람 - 기타,안전운전불이행,건조,맑음,단일로 - 기타,승합,남,34세,상해없음,보행자,남,67.0,부상신고,서울특별시 동작구
2021113000100077,2021년 11월 30일 07시,화요일,서울특별시 구로구 구로동,중상사고,0,1,0,0,차대사람 - 길가장자리구역통행중,안전운전불이행,젖음/습기,흐림,단일로 - 터널,승용,남,25세,상해없음,보행자,여,66.0,중상,서울특별시 구로구
2021113000100197,2021년 11월 30일 10시,화요일,서울특별시 동작구 흑석동,경상사고,0,0,1,0,차대사람 - 횡단중,보행자보호의무위반,건조,맑음,단일로 - 기타,승용,남,66세,상해없음,보행자,여,74.0,경상,서울특별시 동작구
2021113000100356,2021년 11월 30일 15시,화요일,서울특별시 구로구 개봉동,중상사고,0,1,0,0,차대사람 - 기타,안전운전불이행,건조,맑음,단일로 - 기타,화물,남,64세,상해없음,보행자,여,79.0,중상,서울특별시 구로구
2021120100100173,2021년 12월 1일 10시,수요일,서울특별시 강남구 압구정동,경상사고,0,0,2,0,차대사람 - 횡단중,안전운전불이행,기타,기타,미분류 - 미분류,이륜,남,32세,경상,보행자,여,86.0,경상,서울특별시 강남구
2021120100100202,2021년 12월 1일 11시,수요일,서울특별시 동작구 상도동,경상사고,0,0,1,0,차대사람 - 기타,안전운전불이행,건조,맑음,단일로 - 기타,승합,남,47세,상해없음,보행자,여,78.0,경상,서울특별시 동작구
2021120100100232,2021년 12월 1일 12시,수요일,서울특별시 관악구 신림동,중상사고,0,1,0,0,차대사람 - 기타,안전운전불이행,건조,맑음,단일로 - 기타,승용,여,60세,상해없음,보행자,여,66.0,중상,서울특별시 관악구
2021120100100358,2021년 12월 1일 16시,수요일,서울특별시 성동구 행당동,경상사고,0,0,1,0,차대사람 - 기타,안전운전불이행,건조,맑음,교차로 - 교차로안,화물,남,47세,상해없음,보행자,남,71.0,경상,서울특별시 성동구
2021120100100385,2021년 12월 1일 17시,수요일,서울특별시 중구 신당동,사망사고,1,0,0,0,차대사람 - 횡단중,안전운전불이행,건조,맑음,단일로 - 기타,승용,남,77세,상해없음,보행자,여,71.0,사망,서울특별시 중구
2021120100100387,2021년 12월 1일 17시,수요일,서울특별시 금천구 독산동,중상사고,0,1,0,0,차대사람 - 기타,보행자보호의무위반,건조,맑음,교차로 - 교차로안,승용,여,35세,상해없음,보행자,여,78.0,중상,서울특별시 금천구
2021120100100389,2021년 12월 1일 17시,수요일,서울특별시 서초구 서초동,경상사고,0,0,1,0,차대사람 - 횡단중,보행자보호의무위반,건조,맑음,교차로 - 교차로횡단보도내,승용,여,76세,상해없음,보행자,남,71.0,경상,서울특별시 서초구
2021120200100094,2021년 12월 2일 08시,목요일,서울특별시 양천구 신정동,경상사고,0,0,1,0,차대사람 - 기타,안전운전불이행,건조,맑음,교차로 - 교차로안,승용,여,53세,상해없음,보행자,남,68.0,경상,서울특별시 양천구
2021120200100136,2021년 12월 2일 09시,목요일,서울특별시 강동구 명일동,중상사고,0,1,0,0,차대사람 - 기타,안전운전불이행,건조,맑음,단일로 - 기타,화물,남,41세,상해없음,보행자,여,88.0,중상,서울특별시 강동구
2021120200100161,2021년 12월 2일 10시,목요일,서울특별시 용산구 한남동,경상사고,0,0,1,0,차대사람 - 보도통행중,안전운전불이행,건조,맑음,기타 - 기타,승합,남,47세,상해없음,보행자,여,75.0,경상,서울특별시 용산구
2021120200100201,2021년 12월 2일 11시,목요일,서울특별시 금천구 시흥동,경상사고,0,0,1,0,차대사람 - 기타,안전운전불이행,건조,맑음,단일로 - 기타,승용,여,46세,상해없음,보행자,여,80.0,경상,서울특별시 금천구
2021120200100298,2021년 12월 2일 14시,목요일,서울특별시 성북구 장위동,중상사고,0,1,0,0,차대사람 - 보도통행중,기타,건조,맑음,단일로 - 기타,화물,남,48세,상해없음,보행자,여,75.0,중상,서울특별시 성북구
2021120200100517,2021년 12월 2일 19시,목요일,서울특별시 송파구 석촌동,경상사고,0,0,1,0,차대사람 - 기타,안전운전불이행,건조,맑음,단일로 - 기타,승용,남,56세,상해없음,보행자,남,77.0,경상,서울특별시 송파구
2021120200100574,2021년 12월 2일 21시,목요일,서울특별시 성동구 성수동2가,경상사고,0,0,1,0,차대사람 - 기타,안전운전불이행,건조,맑음,교차로 - 교차로횡단보도내,승용,남,46세,상해없음,보행자,남,79.0,경상,서울특별시 성동구
2021120300100051,2021년 12월 3일 06시,금요일,서울특별시 영등포구 양평동3가,중상사고,0,1,0,0,차대사람 - 차도통행중,안전운전불이행,건조,맑음,교차로 - 교차로안,승용,여,33세,상해없음,보행자,남,87.0,중상,서울특별시 영등포구
2021120300100226,2021년 12월 3일 10시,금요일,서울특별시 노원구 상계동,중상사고,0,1,0,0,차대사람 - 횡단중,보행자보호의무위반,건조,맑음,교차로 - 교차로안,승용,남,72세,상해없음,보행자,여,78.0,중상,서울특별시 노원구
2021120300100260,2021년 12월 3일 11시,금요일,서울특별시 강남구 역삼동,중상사고,0,1,0,0,차대사람 - 횡단중,보행자보호의무위반,건조,맑음,교차로 - 교차로횡단보도내,승용,남,46세,상해없음,보행자,남,72.0,중상,서울특별시 강남구
2021120300100323,2021년 12월 3일 13시,금요일,서울특별시 동대문구 답십리동,경상사고,0,0,1,0,차대사람 - 횡단중,안전운전불이행,건조,맑음,단일로 - 기타,승용,여,31세,상해없음,보행자,여,80.0,경상,서울특별시 동대문구
2021120300100326,2021년 12월 3일 13시,금요일,서울특별시 강남구 삼성동,경상사고,0,0,1,0,차대사람 - 길가장자리구역통행중,안전운전불이행,건조,맑음,단일로 - 기타,승용,남,31세,상해없음,보행자,남,65.0,경상,서울특별시 강남구
2021120400100063,2021년 12월 4일 06시,토요일,서울특별시 노원구 상계동,중상사고,0,1,0,0,차대사람 - 횡단중,안전운전불이행,건조,맑음,교차로 - 교차로부근,승용,남,69세,상해없음,보행자,여,79.0,중상,서울특별시 노원구
2021120400100180,2021년 12월 4일 12시,토요일,서울특별시 강북구 수유동,중상사고,0,1,0,0,차대사람 - 기타,안전운전불이행,건조,맑음,단일로 - 기타,승합,남,58세,상해없음,보행자,여,76.0,중상,서울특별시 강북구
2021120400100345,2021년 12월 4일 17시,토요일,서울특별시 성북구 석관동,중상사고,0,1,0,0,차대사람 - 차도통행중,안전운전불이행,건조,맑음,교차로 - 교차로부근,화물,여,69세,상해없음,보행자,여,80.0,중상,서울특별시 성북구
2021120500100209,2021년 12월 5일 14시,일요일,서울특별시 광진구 중곡동,경상사고,0,0,1,0,차대사람 - 길가장자리구역통행중,안전운전불이행,건조,맑음,교차로 - 교차로부근,화물,남,47세,상해없음,보행자,남,76.0,경상,서울특별시 광진구
2021120500100235,2021년 12월 5일 15시,일요일,서울특별시 강서구 내발산동,경상사고,0,0,1,0,차대사람 - 보도통행중,기타,건조,맑음,기타 - 기타,자전거,남,68세,상해없음,보행자,여,77.0,경상,서울특별시 강서구
2021120600100104,2021년 12월 6일 09시,월요일,서울특별시 송파구 잠실동,중상사고,0,1,0,0,차대사람 - 횡단중,보행자보호의무위반,건조,맑음,단일로 - 기타,승용,남,65세,상해없음,보행자,여,84.0,중상,서울특별시 송파구
2021120600100286,2021년 12월 6일 15시,월요일,서울특별시 강서구 화곡동,중상사고,0,1,0,0,차대사람 - 차도통행중,안전운전불이행,건조,맑음,교차로 - 교차로안,승용,여,47세,상해없음,보행자,여,82.0,중상,서울특별시 강서구
2021120600100289,2021년 12월 6일 15시,월요일,서울특별시 양천구 신정동,중상사고,0,1,0,0,차대사람 - 보도통행중,안전운전불이행,건조,맑음,단일로 - 기타,자전거,남,72세,상해없음,보행자,여,85.0,중상,서울특별시 양천구
2021120600100317,2021년 12월 6일 16시,월요일,서울특별시 구로구 구로동,중상사고,0,1,0,0,차대사람 - 길가장자리구역통행중,기타,건조,맑음,단일로 - 기타,화물,남,73세,상해없음,보행자,여,66.0,중상,서울특별시 구로구
2021120600100395,2021년 12월 6일 18시,월요일,서울특별시 은평구 증산동,경상사고,0,0,1,0,차대사람 - 기타,안전운전불이행,건조,맑음,교차로 - 교차로안,화물,남,60세,상해없음,보행자,여,68.0,경상,서울특별시 은평구
2021120600100408,2021년 12월 6일 18시,월요일,서울특별시 강남구 도곡동,중상사고,0,1,1,0,차대사람 - 횡단중,보행자보호의무위반,건조,맑음,교차로 - 교차로횡단보도내,승용,남,24세,상해없음,보행자,여,88.0,중상,서울특별시 강남구
2021120600100515,2021년 12월 6일 21시,월요일,서울특별시 중구 신당동,경상사고,0,0,1,0,차대사람 - 기타,신호위반,건조,맑음,교차로 - 교차로횡단보도내,자전거,남,47세,상해없음,보행자,여,69.0,경상,서울특별시 중구
2021120700100045,2021년 12월 7일 06시,화요일,서울특별시 강남구 일원동,경상사고,0,0,1,0,차대사람 - 횡단중,보행자보호의무위반,건조,맑음,교차로 - 교차로횡단보도내,승용,남,39세,상해없음,보행자,남,82.0,경상,서울특별시 강남구
2021120700100201,2021년 12월 7일 12시,화요일,서울특별시 강북구 수유동,중상사고,0,1,0,0,차대사람 - 기타,안전운전불이행,건조,맑음,교차로 - 교차로안,화물,남,62세,상해없음,보행자,여,83.0,중상,서울특별시 강북구
2021120700100254,2021년 12월 7일 13시,화요일,서울특별시 중랑구 상봉동,경상사고,0,0,1,0,차대사람 - 차도통행중,안전운전불이행,건조,맑음,단일로 - 기타,승용,남,41세,상해없음,보행자,남,85.0,경상,서울특별시 중랑구
2021120700100322,2021년 12월 7일 15시,화요일,서울특별시 강북구 수유동,중상사고,0,1,0,0,차대사람 - 기타,안전운전불이행,건조,맑음,단일로 - 기타,승용,남,40세,상해없음,보행자,여,86.0,중상,서울특별시 강북구
2021120700100357,2021년 12월 7일 16시,화요일,서울특별시 송파구 가락동,중상사고,0,1,0,0,차대사람 - 기타,안전운전불이행,건조,기타,기타 - 기타,승용,여,42세,상해없음,보행자,여,67.0,중상,서울특별시 송파구
2021120700100453,2021년 12월 7일 18시,화요일,서울특별시 강서구 가양동,경상사고,0,0,1,0,차대사람 - 기타,보행자보호의무위반,건조,맑음,단일로 - 기타,승용,남,45세,상해없음,보행자,여,71.0,경상,서울특별시 강서구
2021120700100457,2021년 12월 7일 18시,화요일,서울특별시 노원구 중계동,중상사고,0,1,0,0,차대사람 - 횡단중,신호위반,건조,맑음,교차로 - 교차로안,승용,남,50세,상해없음,보행자,여,73.0,중상,서울특별시 노원구
2021120800100031,2021년 12월 8일 05시,수요일,서울특별시 도봉구 도봉동,중상사고,0,1,0,0,차대사람 - 길가장자리구역통행중,안전운전불이행,젖음/습기,맑음,기타 - 기타,승합,남,52세,상해없음,보행자,여,75.0,중상,서울특별시 도봉구
2021120800100032,2021년 12월 8일 05시,수요일,서울특별시 강남구 대치동,중상사고,0,1,0,0,차대사람 - 횡단중,보행자보호의무위반,건조,맑음,교차로 - 교차로안,화물,남,42세,상해없음,보행자,여,73.0,중상,서울특별시 강남구
2021120800100095,2021년 12월 8일 08시,수요일,서울특별시 동대문구 전농동,경상사고,0,0,1,0,차대사람 - 기타,안전운전불이행,건조,맑음,단일로 - 기타,승합,남,48세,상해없음,보행자,여,81.0,경상,서울특별시 동대문구
2021120800100286,2021년 12월 8일 14시,수요일,서울특별시 성동구 금호동3가,경상사고,0,0,1,0,차대사람 - 기타,안전운전불이행,건조,맑음,단일로 - 기타,승용,여,62세,상해없음,보행자,남,86.0,경상,서울특별시 성동구
2021120800100400,2021년 12월 8일 17시,수요일,서울특별시 강서구 화곡동,중상사고,0,1,0,0,차대사람 - 길가장자리구역통행중,안전운전불이행,건조,맑음,교차로 - 교차로안,화물,남,53세,상해없음,보행자,여,75.0,중상,서울특별시 강서구
2021120800100509,2021년 12월 8일 19시,수요일,서울특별시 금천구 시흥동,경상사고,0,0,1,0,차대사람 - 횡단중,보행자보호의무위반,건조,맑음,교차로 - 교차로부근,승용,남,69세,상해없음,보행자,남,68.0,경상,서울특별시 금천구
2021120800100544,2021년 12월 8일 20시,수요일,서울특별시 동작구 노량진동,부상신고사고,0,0,0,1,차대사람 - 기타,안전운전불이행,건조,맑음,교차로 - 교차로부근,기타불명,기타불명,미분류,기타불명,보행자,남,75.0,부상신고,서울특별시 동작구
2021120900100027,2021년 12월 9일 04시,목요일,서울특별시 강서구 화곡동,중상사고,0,1,0,0,차대사람 - 차도통행중,안전운전불이행,건조,맑음,교차로 - 교차로안,승용,남,77세,상해없음,보행자,남,66.0,중상,서울특별시 강서구
2021120900100037,2021년 12월 9일 06시,목요일,서울특별시 양천구 목동,경상사고,0,0,1,0,차대사람 - 보도통행중,안전운전불이행,건조,맑음,교차로 - 교차로부근,승용,남,60세,상해없음,보행자,여,88.0,경상,서울특별시 양천구
2021120900100157,2021년 12월 9일 11시,목요일,서울특별시 도봉구 방학동,중상사고,0,1,0,0,차대사람 - 차도통행중,안전운전불이행,건조,흐림,교차로 - 교차로부근,승용,남,55세,상해없음,보행자,남,69.0,중상,서울특별시 도봉구
2021120900100254,2021년 12월 9일 15시,목요일,서울특별시 동대문구 휘경동,부상신고사고,0,0,0,1,차대사람 - 기타,보행자보호의무위반,건조,맑음,교차로 - 교차로횡단보도내,건설기계,남,59세,상해없음,보행자,여,69.0,부상신고,서울특별시 동대문구
2021120900100257,2021년 12월 9일 15시,목요일,서울특별시 강남구 역삼동,중상사고,0,1,0,0,차대사람 - 보도통행중,보행자보호의무위반,건조,맑음,교차로 - 교차로부근,승용,여,69세,상해없음,보행자,여,77.0,중상,서울특별시 강남구
2021121000100038,2021년 12월 10일 05시,금요일,서울특별시 동대문구 전농동,경상사고,0,0,1,0,차대사람 - 차도통행중,안전운전불이행,건조,맑음,단일로 - 기타,승용,남,59세,상해없음,보행자,남,83.0,경상,서울특별시 동대문구
2021121000100045,2021년 12월 10일 06시,금요일,서울특별시 영등포구 영등포동7가,경상사고,0,0,1,0,차대사람 - 기타,안전운전불이행,건조,맑음,단일로 - 기타,승용,남,51세,상해없음,보행자,여,80.0,경상,서울특별시 영등포구
2021121000100349,2021년 12월 10일 16시,금요일,서울특별시 서대문구 홍제동,경상사고,0,0,1,0,차대사람 - 보도통행중,안전운전불이행,건조,맑음,교차로 - 교차로부근,승용,여,62세,상해없음,보행자,여,83.0,경상,서울특별시 서대문구
2021121000100351,2021년 12월 10일 16시,금요일,서울특별시 동대문구 제기동,경상사고,0,0,1,0,차대사람 - 횡단중,안전운전불이행,건조,맑음,단일로 - 기타,화물,남,54세,상해없음,보행자,남,65.0,경상,서울특별시 동대문구
2021121000100615,2021년 12월 10일 22시,금요일,서울특별시 양천구 신월동,부상신고사고,0,0,0,1,차대사람 - 기타,안전운전불이행,건조,맑음,기타 - 기타,승용,여,59세,상해없음,보행자,남,65.0,부상신고,서울특별시 양천구
2021121100100056,2021년 12월 11일 05시,토요일,서울특별시 동대문구 이문동,중상사고,0,1,0,0,차대사람 - 횡단중,안전운전불이행,건조,맑음,교차로 - 교차로부근,승용,남,28세,상해없음,보행자,남,81.0,중상,서울특별시 동대문구
2021121100100078,2021년 12월 11일 07시,토요일,서울특별시 양천구 신정동,중상사고,0,1,0,0,차대사람 - 횡단중,보행자보호의무위반,건조,맑음,기타 - 기타,승용,남,54세,상해없음,보행자,여,91.0,중상,서울특별시 양천구
2021121100100121,2021년 12월 11일 10시,토요일,서울특별시 영등포구 영등포동,경상사고,0,0,1,0,차대사람 - 횡단중,보행자보호의무위반,건조,맑음,교차로 - 교차로안,승용,여,36세,상해없음,보행자,여,76.0,경상,서울특별시 영등포구
2021121100100487,2021년 12월 11일 21시,토요일,서울특별시 송파구 방이동,중상사고,0,1,0,0,차대사람 - 기타,안전운전불이행,건조,맑음,단일로 - 기타,승용,여,59세,상해없음,보행자,여,68.0,중상,서울특별시 송파구
2021121300100090,2021년 12월 13일 08시,월요일,서울특별시 노원구 상계동,경상사고,0,0,1,0,차대사람 - 기타,안전운전불이행,건조,맑음,단일로 - 기타,승용,여,64세,상해없음,보행자,남,86.0,경상,서울특별시 노원구
2021121300100092,2021년 12월 13일 08시,월요일,서울특별시 강남구 역삼동,중상사고,0,1,0,0,차대사람 - 기타,안전운전불이행,건조,맑음,단일로 - 기타,기타불명,기타불명,미분류,기타불명,보행자,여,65.0,중상,서울특별시 강남구
2021121300100141,2021년 12월 13일 09시,월요일,서울특별시 성북구 하월곡동,중상사고,0,1,0,0,차대사람 - 차도통행중,안전운전불이행,건조,맑음,교차로 - 교차로부근,승용,남,29세,상해없음,보행자,남,65.0,중상,서울특별시 성북구
2021121300100309,2021년 12월 13일 14시,월요일,서울특별시 금천구 독산동,경상사고,0,0,1,0,차대사람 - 기타,안전운전불이행,건조,맑음,단일로 - 기타,승용,남,60세,상해없음,보행자,여,70.0,경상,서울특별시 금천구
2021121300100345,2021년 12월 13일 15시,월요일,서울특별시 동작구 상도동,중상사고,0,2,0,0,차대사람 - 기타,안전운전불이행,건조,맑음,단일로 - 기타,승용,여,64세,상해없음,보행자,여,79.0,중상,서울특별시 동작구
2021121300100437,2021년 12월 13일 18시,월요일,서울특별시 성북구 길음동,경상사고,0,0,1,0,차대사람 - 횡단중,보행자보호의무위반,건조,맑음,단일로 - 기타,승용,남,25세,상해없음,보행자,여,68.0,경상,서울특별시 성북구
2021121400100104,2021년 12월 14일 09시,화요일,서울특별시 강북구 수유동,경상사고,0,0,1,0,차대사람 - 기타,보행자보호의무위반,건조,맑음,교차로 - 교차로횡단보도내,승용,여,39세,상해없음,보행자,여,75.0,경상,서울특별시 강북구
2021121400100132,2021년 12월 14일 10시,화요일,서울특별시 강북구 미아동,경상사고,0,0,1,0,차대사람 - 기타,안전운전불이행,건조,맑음,단일로 - 기타,승합,남,43세,상해없음,보행자,여,86.0,경상,서울특별시 강북구
2021121400100155,2021년 12월 14일 11시,화요일,서울특별시 은평구 갈현동,중상사고,0,1,0,0,차대사람 - 보도통행중,기타,건조,맑음,교차로 - 교차로부근,이륜,남,31세,상해없음,보행자,여,74.0,중상,서울특별시 은평구
2021121400100201,2021년 12월 14일 13시,화요일,서울특별시 은평구 신사동,사망사고,1,0,0,0,차대사람 - 횡단중,안전운전불이행,건조,맑음,교차로 - 교차로안,건설기계,남,56세,상해없음,보행자,여,86.0,사망,서울특별시 은평구
2021121400100202,2021년 12월 14일 13시,화요일,서울특별시 강북구 번동,경상사고,0,0,1,0,차대사람 - 횡단중,안전운전불이행,건조,맑음,단일로 - 기타,승용,여,50세,상해없음,보행자,남,70.0,경상,서울특별시 강북구
2021121400100320,2021년 12월 14일 17시,화요일,서울특별시 강남구 역삼동,경상사고,0,0,1,0,차대사람 - 기타,안전운전불이행,젖음/습기,비,교차로 - 교차로부근,이륜,남,18세,상해없음,보행자,여,65.0,경상,서울특별시 강남구
2021121400100376,2021년 12월 14일 18시,화요일,서울특별시 동작구 상도동,중상사고,0,1,0,0,차대사람 - 횡단중,신호위반,젖음/습기,비,교차로 - 교차로횡단보도내,승용,남,56세,상해없음,보행자,남,68.0,중상,서울특별시 동작구
2021121400100477,2021년 12월 14일 20시,화요일,서울특별시 강남구 논현동,경상사고,0,0,1,0,차대사람 - 차도통행중,교차로운행방법위반,기타,기타,기타 - 기타,승용,남,34세,상해없음,보행자,여,69.0,경상,서울특별시 강남구
2021121500100076,2021년 12월 15일 07시,수요일,서울특별시 관악구 봉천동,사망사고,1,0,0,0,차대사람 - 횡단중,안전운전불이행,젖음/습기,비,단일로 - 기타,승용,남,49세,상해없음,보행자,여,79.0,사망,서울특별시 관악구
2021121500100108,2021년 12월 15일 08시,수요일,서울특별시 서대문구 대현동,경상사고,0,0,1,0,차대사람 - 기타,안전운전불이행,건조,맑음,교차로 - 교차로부근,승용,남,55세,상해없음,보행자,남,74.0,경상,서울특별시 서대문구
2021121600100005,2021년 12월 16일 00시,목요일,서울특별시 송파구 거여동,중상사고,0,1,0,0,차대사람 - 차도통행중,안전운전불이행,건조,맑음,교차로 - 교차로부근,승용,남,60세,상해없음,보행자,남,66.0,중상,서울특별시 송파구
2021121600100134,2021년 12월 16일 10시,목요일,서울특별시 동대문구 이문동,경상사고,0,0,1,0,차대사람 - 보도통행중,기타,건조,맑음,단일로 - 기타,화물,남,62세,상해없음,보행자,여,85.0,경상,서울특별시 동대문구
2021121600100193,2021년 12월 16일 12시,목요일,서울특별시 영등포구 영등포동4가,중상사고,0,1,0,0,차대사람 - 기타,안전운전불이행,기타,기타,기타 - 기타,건설기계,남,39세,상해없음,보행자,여,76.0,중상,서울특별시 영등포구
2021121600100196,2021년 12월 16일 12시,목요일,서울특별시 송파구 방이동,중상사고,0,1,0,0,차대사람 - 기타,안전운전불이행,건조,맑음,단일로 - 기타,승용,남,64세,상해없음,보행자,여,72.0,중상,서울특별시 송파구
2021121700100051,2021년 12월 17일 06시,금요일,서울특별시 영등포구 영등포동,중상사고,0,1,0,0,차대사람 - 기타,신호위반,건조,맑음,단일로 - 기타,승용,남,54세,상해없음,보행자,여,70.0,중상,서울특별시 영등포구
2021121700100090,2021년 12월 17일 08시,금요일,서울특별시 강북구 미아동,중상사고,0,1,0,0,차대사람 - 기타,안전운전불이행,건조,맑음,교차로 - 교차로안,승용,남,42세,상해없음,보행자,남,71.0,중상,서울특별시 강북구
2021121700100205,2021년 12월 17일 12시,금요일,서울특별시 동대문구 신설동,중상사고,0,1,0,0,차대사람 - 기타,안전운전불이행,건조,맑음,단일로 - 기타,승합,남,66세,상해없음,보행자,남,72.0,중상,서울특별시 동대문구
2021121700100241,2021년 12월 17일 13시,금요일,서울특별시 서대문구 홍은동,경상사고,0,0,1,0,차대사람 - 횡단중,중앙선침범,건조,맑음,교차로 - 교차로안,이륜,남,42세,상해없음,보행자,여,69.0,경상,서울특별시 서대문구
2021121700100274,2021년 12월 17일 14시,금요일,서울특별시 송파구 문정동,경상사고,0,0,1,0,차대사람 - 기타,안전운전불이행,건조,맑음,기타 - 기타,승용,남,74세,기타불명,보행자,여,89.0,경상,서울특별시 송파구
2021121700100348,2021년 12월 17일 16시,금요일,서울특별시 성북구 삼선동5가,경상사고,0,0,1,0,차대사람 - 기타,안전운전불이행,건조,맑음,단일로 - 기타,자전거,여,49세,상해없음,보행자,여,68.0,경상,서울특별시 성북구
2021121700100545,2021년 12월 17일 19시,금요일,서울특별시 강서구 화곡동,경상사고,0,0,1,0,차대사람 - 횡단중,안전운전불이행,건조,맑음,단일로 - 기타,이륜,남,42세,상해없음,보행자,여,70.0,경상,서울특별시 강서구
2021121700100680,2021년 12월 17일 23시,금요일,서울특별시 강남구 신사동,경상사고,0,0,1,0,차대사람 - 기타,안전운전불이행,건조,맑음,단일로 - 기타,승용,남,64세,상해없음,보행자,여,66.0,경상,서울특별시 강남구
2021121800100071,2021년 12월 18일 05시,토요일,서울특별시 영등포구 신길동,경상사고,0,0,1,0,차대사람 - 기타,안전운전불이행,건조,흐림,기타 - 기타,자전거,남,59세,상해없음,보행자,여,68.0,경상,서울특별시 영등포구
2021121800100219,2021년 12월 18일 13시,토요일,서울특별시 도봉구 도봉동,중상사고,0,1,0,0,차대사람 - 기타,안전운전불이행,건조,흐림,단일로 - 기타,승용,남,34세,상해없음,보행자,여,71.0,중상,서울특별시 도봉구
2021121800100310,2021년 12월 18일 15시,토요일,서울특별시 관악구 신림동,중상사고,0,1,0,0,차대사람 - 횡단중,신호위반,적설,눈,교차로 - 교차로부근,승용,여,63세,상해없음,보행자,여,70.0,중상,서울특별시 관악구
2021121900100038,2021년 12월 19일 06시,일요일,서울특별시 관악구 신림동,사망사고,1,0,0,0,차대사람 - 기타,안전운전불이행,서리/결빙,흐림,단일로 - 기타,승용,남,72세,상해없음,보행자,남,83.0,사망,서울특별시 관악구
2021121900100185,2021년 12월 19일 15시,일요일,서울특별시 강남구 수서동,부상신고사고,0,0,0,1,차대사람 - 기타,안전운전불이행,건조,맑음,단일로 - 기타,승용,남,38세,상해없음,보행자,남,66.0,부상신고,서울특별시 강남구