사고번호,사고일시,요일,시군구,사고내용,사망자수,중상자수,경상자수,부상신고자수,사고유형,법규위반,노면상태,기상상태,도로형태,가해운전자 차종,가해운전자 성별,가해운전자 연령,가해운전자 상해정도,피해운전자 차종,피해운전자 성별,피해운전자 연령,피해운전자 상해정도,구
2022020400100074,2022년 2월 4일 09시,금요일,서울특별시 금천구 독산동,부상신고사고,0,0,0,1,차대사람 - 보도통행중,안전운전불이행,건조,맑음,기타 - 기타,기타불명,기타불명,미분류,기타불명,보행자,여,85.0,부상신고,서울특별시 금천구
2022020400100076,2022년 2월 4일 09시,금요일,서울특별시 노원구 상계동,중상사고,0,1,0,0,차대사람 - 기타,안전운전불이행,건조,맑음,단일로 - 기타,승합,남,65세,상해없음,보행자,여,85.0,중상,서울특별시 노원구
2022020400100216,2022년 2월 4일 14시,금요일,서울특별시 은평구 응암동,경상사고,0,0,1,0,차대사람 - 횡단중,안전운전불이행,건조,맑음,교차로 - 교차로부근,승용,여,42세,상해없음,보행자,여,85.0,경상,서울특별시 은평구
2022020500100036,2022년 2월 5일 08시,토요일,서울특별시 성동구 도선동,중상사고,0,1,0,0,차대사람 - 횡단중,안전운전불이행,건조,맑음,단일로 - 기타,승용,남,44세,상해없음,보행자,여,76.0,중상,서울특별시 성동구
2022020500100127,2022년 2월 5일 13시,토요일,서울특별시 은평구 역촌동,중상사고,0,1,0,0,차대사람 - 기타,안전운전불이행,건조,맑음,교차로 - 교차로부근,이륜,남,27세,상해없음,보행자,여,86.0,중상,서울특별시 은평구
2022020500100133,2022년 2월 5일 13시,토요일,서울특별시 강남구 역삼동,중상사고,0,1,0,0,차대사람 - 기타,안전운전불이행,건조,맑음,단일로 - 기타,승용,여,48세,상해없음,보행자,여,66.0,중상,서울특별시 강남구
2022020500100163,2022년 2월 5일 14시,토요일,서울특별시 영등포구 당산동5가,중상사고,0,1,0,0,차대사람 - 기타,안전운전불이행,건조,맑음,단일로 - 기타,승용,남,80세,상해없음,보행자,남,85.0,중상,서울특별시 영등포구
2022020500100242,2022년 2월 5일 17시,토요일,서울특별시 구로구 구로동,경상사고,0,0,1,0,차대사람 - 기타,기타,건조,맑음,기타 - 기타,승용,남,58세,기타불명,보행자,남,69.0,경상,서울특별시 구로구
2022020500100310,2022년 2월 5일 20시,토요일,서울특별시 은평구 역촌동,중상사고,0,1,0,0,차대사람 - 횡단중,신호위반,건조,맑음,단일로 - 기타,승용,여,40세,상해없음,보행자,여,78.0,중상,서울특별시 은평구
2022020600100065,2022년 2월 6일 12시,일요일,서울특별시 강서구 방화동,경상사고,0,0,1,0,차대사람 - 기타,안전운전불이행,건조,맑음,교차로 - 교차로부근,화물,남,45세,상해없음,보행자,여,75.0,경상,서울특별시 강서구
2022020600100182,2022년 2월 6일 18시,일요일,서울특별시 중구 남산동2가,중상사고,0,1,0,0,차대사람 - 횡단중,안전운전불이행,건조,맑음,단일로 - 기타,이륜,남,26세,상해없음,보행자,여,82.0,중상,서울특별시 중구
2022020600100274,2022년 2월 6일 23시,일요일,서울특별시 성북구 하월곡동,중상사고,0,1,0,0,차대사람 - 횡단중,안전운전불이행,건조,맑음,단일로 - 기타,승합,남,27세,상해없음,보행자,여,69.0,중상,서울특별시 성북구
2022020700100010,2022년 2월 7일 05시,월요일,서울특별시 동작구 상도동,중상사고,0,1,0,0,차대사람 - 보도통행중,보행자보호의무위반,건조,맑음,교차로 - 교차로부근,화물,남,55세,상해없음,보행자,여,72.0,중상,서울특별시 동작구
2022020700100011,2022년 2월 7일 05시,월요일,서울특별시 강서구 방화동,중상사고,0,1,0,0,차대사람 - 횡단중,기타,건조,맑음,교차로 - 교차로횡단보도내,승합,남,55세,상해없음,보행자,남,77.0,중상,서울특별시 강서구
2022020700100075,2022년 2월 7일 09시,월요일,서울특별시 강동구 암사동,중상사고,0,1,0,0,차대사람 - 차도통행중,안전운전불이행,건조,맑음,단일로 - 기타,원동기,남,73세,상해없음,보행자,남,87.0,중상,서울특별시 강동구
2022020700100316,2022년 2월 7일 19시,월요일,서울특별시 종로구 숭인동,경상사고,0,0,1,0,차대사람 - 기타,안전운전불이행,건조,맑음,단일로 - 기타,승용,여,40세,상해없음,보행자,남,66.0,경상,서울특별시 종로구
2022020700100391,2022년 2월 7일 22시,월요일,서울특별시 동작구 노량진동,사망사고,1,0,0,0,차대사람 - 차도통행중,안전운전불이행,건조,맑음,단일로 - 기타,이륜,남,19세,상해없음,보행자,남,69.0,사망,서울특별시 동작구
2022020800100102,2022년 2월 8일 09시,화요일,서울특별시 마포구 도화동,중상사고,0,1,0,0,차대사람 - 횡단중,안전운전불이행,건조,맑음,교차로 - 교차로안,승용,남,40세,상해없음,보행자,남,75.0,중상,서울특별시 마포구
2022020800100145,2022년 2월 8일 11시,화요일,서울특별시 서초구 방배동,경상사고,0,0,1,0,차대사람 - 차도통행중,안전운전불이행,건조,맑음,단일로 - 기타,승용,남,41세,상해없음,보행자,여,69.0,경상,서울특별시 서초구
2022020800100192,2022년 2월 8일 13시,화요일,서울특별시 서초구 반포동,경상사고,0,0,1,0,차대사람 - 횡단중,안전운전불이행,건조,맑음,교차로 - 교차로안,승용,남,56세,상해없음,보행자,여,65.0,경상,서울특별시 서초구
2022020800100283,2022년 2월 8일 16시,화요일,서울특별시 동대문구 장안동,경상사고,0,0,1,0,차대사람 - 횡단중,안전운전불이행,건조,맑음,교차로 - 교차로부근,자전거,남,18세,상해없음,보행자,여,67.0,경상,서울특별시 동대문구
2022020800100394,2022년 2월 8일 19시,화요일,서울특별시 금천구 시흥동,경상사고,0,0,1,0,차대사람 - 기타,안전운전불이행,건조,맑음,교차로 - 교차로횡단보도내,이륜,남,54세,상해없음,보행자,남,73.0,경상,서울특별시 금천구
2022020900100117,2022년 2월 9일 10시,수요일,서울특별시 강서구 공항동,경상사고,0,0,1,0,차대사람 - 차도통행중,안전운전불이행,건조,맑음,단일로 - 기타,이륜,남,23세,상해없음,보행자,여,87.0,경상,서울특별시 강서구
2022020900100146,2022년 2월 9일 11시,수요일,서울특별시 노원구 월계동,경상사고,0,0,1,0,차대사람 - 기타,안전운전불이행,건조,맑음,기타 - 기타,자전거,기타불명,미분류,기타불명,보행자,남,81.0,경상,서울특별시 노원구
2022020900100233,2022년 2월 9일 14시,수요일,서울특별시 도봉구 쌍문동,중상사고,0,1,0,0,차대사람 - 보도통행중,기타,기타,맑음,기타 - 기타,승용,남,41세,상해없음,보행자,여,65.0,중상,서울특별시 도봉구
2022020900100256,2022년 2월 9일 15시,수요일,서울특별시 강남구 일원동,경상사고,0,0,1,0,차대사람 - 기타,안전운전불이행,건조,맑음,주차장 - 주차장,승용,여,60세,상해없음,보행자,남,72.0,경상,서울특별시 강남구
2022020900100314,2022년 2월 9일 17시,수요일,서울특별시 종로구 관수동,중상사고,0,1,0,0,차대사람 - 차도통행중,안전운전불이행,건조,맑음,단일로 - 지하차도(도로)내,화물,남,29세,상해없음,보행자,남,73.0,중상,서울특별시 종로구
2022020900100483,2022년 2월 9일 21시,수요일,서울특별시 은평구 갈현동,중상사고,0,1,0,0,차대사람 - 기타,안전운전불이행,건조,맑음,단일로 - 기타,승용,남,61세,상해없음,보행자,여,72.0,중상,서울특별시 은평구
2022021000100107,2022년 2월 10일 10시,목요일,서울특별시 송파구 오금동,부상신고사고,0,0,0,1,차대사람 - 횡단중,안전운전불이행,건조,맑음,단일로 - 기타,승용,남,41세,상해없음,보행자,남,79.0,부상신고,서울특별시 송파구
2022021000100413,2022년 2월 10일 20시,목요일,서울특별시 강북구 미아동,경상사고,0,0,1,0,차대사람 - 차도통행중,안전운전불이행,건조,맑음,단일로 - 기타,승용,여,62세,상해없음,보행자,여,80.0,경상,서울특별시 강북구
2022021100100011,2022년 2월 11일 01시,금요일,서울특별시 강남구 개포동,사망사고,1,0,0,0,차대사람 - 기타,안전운전불이행,건조,맑음,단일로 - 기타,승용,남,58세,상해없음,보행자,여,67.0,사망,서울특별시 강남구
2022021100100111,2022년 2월 11일 10시,금요일,서울특별시 송파구 마천동,중상사고,0,1,0,0,차대사람 - 차도통행중,기타,건조,맑음,교차로 - 교차로부근,승용,남,76세,상해없음,보행자,여,72.0,중상,서울특별시 송파구
2022021100100248,2022년 2월 11일 15시,금요일,서울특별시 영등포구 양평동3가,부상신고사고,0,0,0,1,차대사람 - 횡단중,보행자보호의무위반,건조,맑음,교차로 - 교차로횡단보도내,승용,남,41세,상해없음,보행자,남,79.0,부상신고,서울특별시 영등포구
2022021100100468,2022년 2월 11일 21시,금요일,서울특별시 관악구 신림동,사망사고,1,0,0,0,차대사람 - 횡단중,안전운전불이행,건조,맑음,단일로 - 기타,승용,남,31세,상해없음,보행자,여,79.0,사망,서울특별시 관악구
2022021200100036,2022년 2월 12일 06시,토요일,서울특별시 송파구 가락동,중상사고,0,1,0,0,차대사람 - 기타,신호위반,건조,맑음,단일로 - 기타,이륜,남,39세,상해없음,보행자,여,67.0,중상,서울특별시 송파구
2022021200100037,2022년 2월 12일 06시,토요일,서울특별시 도봉구 도봉동,경상사고,0,0,1,0,차대사람 - 횡단중,안전운전불이행,건조,맑음,교차로 - 교차로안,승용,남,80세,상해없음,보행자,여,68.0,경상,서울특별시 도봉구
2022021200100107,2022년 2월 12일 11시,토요일,서울특별시 강동구 암사동,경상사고,0,0,1,0,차대사람 - 보도통행중,기타,건조,맑음,단일로 - 기타,승용,남,57세,상해없음,보행자,남,74.0,경상,서울특별시 강동구
2022021200100386,2022년 2월 12일 21시,토요일,서울특별시 양천구 목동,중상사고,0,1,0,0,차대사람 - 기타,안전운전불이행,건조,맑음,단일로 - 기타,특수,남,52세,상해없음,보행자,남,65.0,중상,서울특별시 양천구
2022021300100186,2022년 2월 13일 17시,일요일,서울특별시 용산구 원효로3가,중상사고,0,1,0,0,차대사람 - 기타,안전운전불이행,건조,맑음,단일로 - 기타,승용,남,33세,상해없음,보행자,여,76.0,중상,서울특별시 용산구
2022021400100025,2022년 2월 14일 06시,월요일,서울특별시 동대문구 휘경동,중상사고,0,1,0,0,차대사람 - 횡단중,안전운전불이행,건조,맑음,단일로 - 기타,승용,남,67세,상해없음,보행자,여,83.0,중상,서울특별시 동대문구
2022021400100029,2022년 2월 14일 06시,월요일,서울특별시 송파구 거여동,경상사고,0,0,2,0,차대사람 - 횡단중,안전운전불이행,건조,맑음,단일로 - 기타,이륜,남,62세,상해없음,보행자,여,70.0,경상,서울특별시 송파구
2022021400100234,2022년 2월 14일 14시,월요일,서울특별시 강동구 성내동,경상사고,0,0,1,0,차대사람 - 기타,안전운전불이행,건조,맑음,단일로 - 기타,승합,남,63세,상해없음,보행자,여,74.0,경상,서울특별시 강동구
2022021400100296,2022년 2월 14일 16시,월요일,서울특별시 종로구 연건동,중상사고,0,1,0,0,차대사람 - 기타,안전운전불이행,젖음/습기,비,단일로 - 기타,승합,남,56세,상해없음,보행자,남,75.0,중상,서울특별시 종로구
2022021400100428,2022년 2월 14일 20시,월요일,서울특별시 용산구 신계동,중상사고,0,1,0,0,차대사람 - 기타,안전운전불이행,기타,맑음,단일로 - 기타,화물,남,38세,상해없음,보행자,남,73.0,중상,서울특별시 용산구
2022021400100431,2022년 2월 14일 20시,월요일,서울특별시 강서구 등촌동,중상사고,0,1,0,0,차대사람 - 횡단중,보행자보호의무위반,건조,맑음,교차로 - 교차로횡단보도내,승용,여,37세,기타불명,보행자,남,65.0,중상,서울특별시 강서구
2022021500100187,2022년 2월 15일 14시,화요일,서울특별시 송파구 방이동,경상사고,0,0,1,0,차대사람 - 기타,안전운전불이행,건조,흐림,교차로 - 교차로부근,승용,여,34세,상해없음,보행자,여,73.0,경상,서울특별시 송파구
2022021500100380,2022년 2월 15일 20시,화요일,서울특별시 마포구 서교동,중상사고,0,1,0,0,차대사람 - 횡단중,안전운전불이행,건조,맑음,교차로 - 교차로안,승용,남,46세,상해없음,보행자,여,76.0,중상,서울특별시 마포구
2022021600100013,2022년 2월 16일 06시,수요일,서울특별시 강서구 염창동,사망사고,1,0,0,0,차대사람 - 기타,안전운전불이행,건조,맑음,단일로 - 기타,승합,남,30세,상해없음,보행자,남,74.0,사망,서울특별시 강서구
2022021600100110,2022년 2월 16일 11시,수요일,서울특별시 영등포구 신길동,경상사고,0,0,1,0,차대사람 - 기타,안전운전불이행,건조,맑음,교차로 - 교차로안,이륜,남,50세,상해없음,보행자,여,74.0,경상,서울특별시 영등포구
2022021600100130,2022년 2월 16일 12시,수요일,서울특별시 동작구 상도동,중상사고,0,1,0,0,차대사람 - 기타,안전운전불이행,건조,맑음,단일로 - 기타,승용,여,57세,상해없음,보행자,여,79.0,중상,서울특별시 동작구
2022021600100157,2022년 2월 16일 13시,수요일,서울특별시 중구 태평로2가,중상사고,0,1,0,0,차대사람 - 기타,안전운전불이행,건조,맑음,단일로 - 기타,승합,남,61세,기타불명,보행자,여,66.0,중상,서울특별시 중구
2022021700100110,2022년 2월 17일 10시,목요일,서울특별시 양천구 신정동,경상사고,0,0,1,0,차대사람 - 기타,안전운전불이행,건조,맑음,교차로 - 교차로부근,승용,남,51세,상해없음,보행자,여,80.0,경상,서울특별시 양천구
2022021700100271,2022년 2월 17일 16시,목요일,서울특별시 강북구 수유동,경상사고,0,0,1,0,차대사람 - 차도통행중,안전운전불이행,건조,맑음,단일로 - 기타,화물,남,29세,상해없음,보행자,남,66.0,경상,서울특별시 강북구
2022021800100092,2022년 2월 18일 09시,금요일,서울특별시 성북구 성북동,경상사고,0,0,1,0,차대사람 - 차도통행중,안전운전불이행,건조,맑음,교차로 - 교차로안,승용,여,45세,상해없음,보행자,남,79.0,경상,서울특별시 성북구
2022021800100093,2022년 2월 18일 09시,금요일,서울특별시 강북구 미아동,경상사고,0,0,1,0,차대사람 - 횡단중,안전운전불이행,건조,맑음,교차로 - 교차로안,화물,남,70세,상해없음,보행자,남,80.0,경상,서울특별시 강북구
2022021800100095,2022년 2월 18일 09시,금요일,서울특별시 노원구 공릉동,경상사고,0,0,1,0,차대사람 - 보도통행중,보행자보호의무위반,건조,맑음,단일로 - 기타,승용,남,75세,상해없음,보행자,여,78.0,경상,서울특별시 노원구
2022021800100125,2022년 2월 18일 10시,금요일,서울특별시 동작구 사당동,경상사고,0,0,1,0,차대사람 - 기타,안전운전불이행,건조,맑음,단일로 - 기타,승합,남,67세,상해없음,보행자,여,80.0,경상,서울특별시 동작구
2022021800100185,2022년 2월 18일 12시,금요일,서울특별시 성북구 정릉동,경상사고,0,0,1,0,차대사람 - 차도통행중,안전운전불이행,건조,맑음,단일로 - 기타,승용,남,45세,상해없음,보행자,여,71.0,경상,서울특별시 성북구
2022021900100037,2022년 2월 19일 07시,토요일,서울특별시 강서구 내발산동,경상사고,0,0,1,0,차대사람 - 횡단중,안전운전불이행,건조,맑음,단일로 - 기타,화물,남,47세,상해없음,보행자,여,71.0,경상,서울특별시 강서구
2022021900100048,2022년 2월 19일 08시,토요일,서울특별시 은평구 불광동,중상사고,0,1,0,0,차대사람 - 횡단중,안전운전불이행,건조,맑음,단일로 - 기타,이륜,남,44세,상해없음,보행자,여,81.0,중상,서울특별시 은평구
2022021900100063,2022년 2월 19일 09시,토요일,서울특별시 서대문구 북아현동,경상사고,0,0,1,0,차대사람 - 횡단중,안전운전불이행,건조,맑음,교차로 - 교차로안,승용,남,49세,상해없음,보행자,여,73.0,경상,서울특별시 서대문구
2022021900100150,2022년 2월 19일 13시,토요일,서울특별시 관악구 신림동,경상사고,0,0,1,0,차대사람 - 기타,안전운전불이행,건조,맑음,단일로 - 기타,승용,남,47세,상해없음,보행자,여,76.0,경상,서울특별시 관악구
2022021900100152,2022년 2월 19일 13시,토요일,서울특별시 은평구 갈현동,중상사고,0,1,0,0,차대사람 - 횡단중,안전운전불이행,건조,맑음,교차로 - 교차로안,승용,여,59세,상해없음,보행자,여,70.0,중상,서울특별시 은평구
2022021900100176,2022년 2월 19일 14시,토요일,서울특별시 양천구 신월동,경상사고,0,0,1,0,차대사람 - 횡단중,안전운전불이행,건조,맑음,교차로 - 교차로부근,승용,남,44세,상해없음,보행자,여,83.0,경상,서울특별시 양천구
2022021900100238,2022년 2월 19일 16시,토요일,서울특별시 성동구 하왕십리동,부상신고사고,0,0,0,1,차대사람 - 기타,안전운전불이행,건조,맑음,단일로 - 기타,승용,여,48세,상해없음,보행자,여,67.0,부상신고,서울특별시 성동구
2022021900100240,2022년 2월 19일 16시,토요일,서울특별시 구로구 구로동,경상사고,0,0,1,0,차대사람 - 보도통행중,기타,건조,맑음,기타 - 기타,이륜,남,33세,상해없음,보행자,여,69.0,경상,서울특별시 구로구
2022021900100301,2022년 2월 19일 18시,토요일,서울특별시 성북구 종암동,경상사고,0,0,1,0,차대사람 - 기타,안전운전불이행,건조,맑음,단일로 - 기타,승합,남,54세,상해없음,보행자,여,85.0,경상,서울특별시 성북구
2022021900100364,2022년 2월 19일 20시,토요일,서울특별시 강서구 방화동,경상사고,0,0,2,0,차대사람 - 기타,기타,건조,맑음,단일로 - 기타,승합,남,65세,상해없음,보행자,남,63.0,경상,서울특별시 강서구
2022022000100141,2022년 2월 20일 14시,일요일,서울특별시 은평구 응암동,중상사고,0,1,0,0,차대사람 - 차도통행중,안전운전불이행,건조,맑음,단일로 - 기타,승용,남,56세,상해없음,보행자,여,75.0,중상,서울특별시 은평구
2022022000100169,2022년 2월 20일 15시,일요일,서울특별시 서대문구 홍제동,경상사고,0,0,1,0,차대사람 - 기타,안전운전불이행,건조,맑음,교차로 - 교차로안,화물,남,52세,상해없음,보행자,여,69.0,경상,서울특별시 서대문구
2022022000100194,2022년 2월 20일 16시,일요일,서울특별시 광진구 광장동,경상사고,0,0,1,0,차대사람 - 횡단중,안전운전불이행,건조,맑음,단일로 - 기타,승용,여,38세,상해없음,보행자,남,79.0,경상,서울특별시 광진구
2022022100100021,2022년 2월 21일 05시,월요일,서울특별시 강북구 미아동,경상사고,0,0,1,0,차대사람 - 기타,안전운전불이행,건조,맑음,단일로 - 기타,화물,남,58세,상해없음,보행자,여,77.0,경상,서울특별시 강북구
2022022100100279,2022년 2월 21일 15시,월요일,서울특별시 동작구 사당동,경상사고,0,0,1,0,차대사람 - 차도통행중,안전운전불이행,건조,기타,단일로 - 기타,승용,남,36세,상해없음,보행자,여,66.0,경상,서울특별시 동작구
2022022100100347,2022년 2월 21일 17시,월요일,서울특별시 강북구 수유동,중상사고,0,1,0,0,차대사람 - 횡단중,보행자보호의무위반,건조,맑음,교차로 - 교차로횡단보도내,승용,여,41세,상해없음,보행자,여,77.0,중상,서울특별시 강북구
2022022200100161,2022년 2월 22일 12시,화요일,서울특별시 성북구 길음동,중상사고,0,1,0,0,차대사람 - 보도통행중,보행자보호의무위반,건조,맑음,교차로 - 교차로부근,승용,여,28세,상해없음,보행자,남,82.0,중상,서울특별시 성북구
2022022200100163,2022년 2월 22일 12시,화요일,서울특별시 강서구 마곡동,중상사고,0,1,0,0,차대사람 - 기타,안전운전불이행,건조,맑음,교차로 - 교차로안,승용,남,63세,상해없음,보행자,여,82.0,중상,서울특별시 강서구
2022022200100234,2022년 2월 22일 14시,화요일,서울특별시 도봉구 쌍문동,중상사고,0,1,0,0,차대사람 - 횡단중,안전운전불이행,건조,맑음,단일로 - 기타,승용,남,50세,상해없음,보행자,여,81.0,중상,서울특별시 도봉구
2022022300100008,2022년 2월 23일 04시,수요일,서울특별시 마포구 성산동,사망사고,1,0,0,0,차대사람 - 기타,안전운전불이행,건조,맑음,교차로 - 교차로안,승용,남,40세,상해없음,보행자,남,82.0,사망,서울특별시 마포구
2022022300100085,2022년 2월 23일 10시,수요일,서울특별시 구로구 궁동,경상사고,0,0,1,0,차대사람 - 횡단중,안전운전불이행,건조,맑음,단일로 - 기타,승용,남,66세,상해없음,보행자,남,70.0,경상,서울특별시 구로구
2022022300100138,2022년 2월 23일 12시,수요일,서울특별시 중랑구 중화동,경상사고,0,0,1,0,차대사람 - 기타,기타,건조,맑음,단일로 - 기타,승용,여,47세,상해없음,보행자,여,84.0,경상,서울특별시 중랑구
2022022400100097,2022년 2월 24일 09시,목요일,서울특별시 중랑구 묵동,경상사고,0,0,1,0,차대사람 - 기타,안전운전불이행,건조,맑음,단일로 - 기타,승용,여,44세,상해없음,보행자,여,79.0,경상,서울특별시 중랑구
2022022400100127,2022년 2월 24일 10시,목요일,서울특별시 중랑구 신내동,중상사고,0,2,0,0,차대사람 - 기타,안전운전불이행,건조,맑음,주차장 - 주차장,승용,여,56세,상해없음,보행자,여,73.0,중상,서울특별시 중랑구
2022022400100148,2022년 2월 24일 11시,목요일,서울특별시 동대문구 답십리동,중상사고,0,1,0,0,차대사람 - 횡단중,보행자보호의무위반,건조,맑음,교차로 - 교차로횡단보도내,승용,여,43세,상해없음,보행자,여,69.0,중상,서울특별시 동대문구
2022022400100149,2022년 2월 24일 11시,목요일,서울특별시 동대문구 회기동,중상사고,0,1,0,0,차대사람 - 보도통행중,보행자보호의무위반,건조,맑음,교차로 - 교차로횡단보도내,승용,여,68세,상해없음,보행자,여,66.0,중상,서울특별시 동대문구
2022022400100176,2022년 2월 24일 12시,목요일,서울특별시 금천구 가산동,중상사고,0,1,0,0,차대사람 - 횡단중,보행자보호의무위반,건조,맑음,교차로 - 교차로횡단보도내,승합,남,64세,상해없음,보행자,남,80.0,중상,서울특별시 금천구
2022022400100178,2022년 2월 24일 12시,목요일,서울특별시 강남구 청담동,경상사고,0,0,1,0,차대사람 - 보도통행중,안전운전불이행,건조,맑음,기타 - 기타,화물,남,46세,상해없음,보행자,여,83.0,경상,서울특별시 강남구
2022022400100213,2022년 2월 24일 13시,목요일,서울특별시 강서구 화곡동,중상사고,0,1,0,0,차대사람 - 기타,안전운전불이행,건조,맑음,교차로 - 교차로안,화물,남,61세,상해없음,보행자,여,69.0,중상,서울특별시 강서구
2022022400100229,2022년 2월 24일 14시,목요일,서울특별시 마포구 합정동,중상사고,0,1,0,0,차대사람 - 횡단중,안전운전불이행,건조,맑음,교차로 - 교차로부근,화물,남,49세,상해없음,보행자,여,75.0,중상,서울특별시 마포구
2022022400100268,2022년 2월 24일 15시,목요일,서울특별시 관악구 신림동,중상사고,0,1,0,0,차대사람 - 횡단중,신호위반,건조,맑음,교차로 - 교차로횡단보도내,화물,남,63세,상해없음,보행자,여,68.0,중상,서울특별시 관악구
2022022500100019,2022년 2월 25일 05시,금요일,서울특별시 구로구 구로동,사망사고,1,0,0,0,차대사람 - 횡단중,안전운전불이행,건조,맑음,단일로 - 기타,승용,남,48세,상해없음,보행자,여,74.0,사망,서울특별시 구로구
2022022500100098,2022년 2월 25일 09시,금요일,서울특별시 성동구 성수동1가,중상사고,0,1,0,0,차대사람 - 기타,안전운전불이행,건조,맑음,교차로 - 교차로부근,승용,남,37세,상해없음,보행자,여,74.0,중상,서울특별시 성동구
2022022500100100,2022년 2월 25일 09시,금요일,서울특별시 동작구 상도동,사망사고,1,0,0,0,차대사람 - 차도통행중,보행자보호의무위반,건조,맑음,교차로 - 교차로횡단보도내,승합,여,54세,상해없음,보행자,남,75.0,사망,서울특별시 동작구
2022022500100102,2022년 2월 25일 09시,금요일,서울특별시 송파구 문정동,중상사고,0,1,0,0,차대사람 - 횡단중,안전운전불이행,건조,맑음,단일로 - 기타,승용,남,27세,상해없음,보행자,여,76.0,중상,서울특별시 송파구
2022022500100298,2022년 2월 25일 15시,금요일,서울특별시 송파구 잠실동,중상사고,0,1,0,0,차대사람 - 횡단중,안전운전불이행,건조,맑음,단일로 - 기타,승용,남,78세,상해없음,보행자,여,80.0,중상,서울특별시 송파구
2022022500100360,2022년 2월 25일 17시,금요일,서울특별시 성북구 동소문동7가,중상사고,0,1,0,0,차대사람 - 보도통행중,기타,건조,맑음,단일로 - 기타,자전거,남,12세,상해없음,보행자,여,80.0,중상,서울특별시 성북구
2022022600100069,2022년 2월 26일 08시,토요일,서울특별시 구로구 고척동,경상사고,0,0,1,0,차대사람 - 보도통행중,보행자보호의무위반,건조,기타,기타 - 기타,승용,남,69세,상해없음,보행자,남,80.0,경상,서울특별시 구로구
2022022600100222,2022년 2월 26일 14시,토요일,서울특별시 강서구 내발산동,중상사고,0,1,0,0,차대사람 - 기타,보행자보호의무위반,건조,맑음,단일로 - 기타,이륜,남,36세,상해없음,보행자,여,69.0,중상,서울특별시 강서구
2022022600100376,2022년 2월 26일 19시,토요일,서울특별시 광진구 자양동,경상사고,0,0,1,0,차대사람 - 기타,안전운전불이행,젖음/습기,비,교차로 - 교차로안,이륜,남,28세,상해없음,보행자,남,69.0,경상,서울특별시 광진구
2022022600100464,2022년 2월 26일 22시,토요일,서울특별시 서대문구 홍은동,중상사고,0,1,0,0,차대사람 - 횡단중,보행자보호의무위반,젖음/습기,흐림,교차로 - 교차로안,승용,남,50세,상해없음,보행자,남,71.0,중상,서울특별시 서대문구
2022022600100496,2022년 2월 26일 23시,토요일,서울특별시 강서구 화곡동,경상사고,0,0,1,0,차대사람 - 기타,안전운전불이행,건조,맑음,기타 - 기타,승합,남,52세,상해없음,보행자,남,65.0,경상,서울특별시 강서구
2022022700100076,2022년 2월 27일 11시,일요일,서울특별시 구로구 개봉동,중상사고,0,1,0,0,차대사람 - 기타,안전운전불이행,건조,맑음,단일로 - 기타,승용,남,60세,상해없음,보행자,여,73.0,중상,서울특별시 구로구
2022022700100158,2022년 2월 27일 14시,일요일,서울특별시 마포구 도화동,중상사고,0,1,0,0,차대사람 - 횡단중,신호위반,건조,맑음,교차로 - 교차로횡단보도내,승합,남,43세,상해없음,보행자,남,80.0,중상,서울특별시 마포구
2022022800100017,2022년 2월 28일 05시,월요일,서울특별시 양천구 신월동,경상사고,0,0,1,0,차대사람 - 횡단중,안전운전불이행,건조,흐림,단일로 - 기타,이륜,남,62세,상해없음,보행자,여,70.0,경상,서울특별시 양천구
2022022800100172,2022년 2월 28일 12시,월요일,서울특별시 중랑구 묵동,부상신고사고,0,0,0,1,차대사람 - 기타,안전운전불이행,건조,맑음,단일로 - 기타,승용,여,33세,상해없음,보행자,여,78.0,부상신고,서울특별시 중랑구
2022022800100206,2022년 2월 28일 13시,월요일,서울특별시 금천구 시흥동,경상사고,0,0,1,0,차대사람 - 횡단중,안전운전불이행,건조,맑음,교차로 - 교차로안,화물,남,63세,상해없음,보행자,여,80.0,경상,서울특별시 금천구
2022022800100313,2022년 2월 28일 16시,월요일,서울특별시 성동구 금호동3가,중상사고,0,1,0,0,차대사람 - 기타,안전운전불이행,건조,맑음,교차로 - 교차로안,화물,남,48세,상해없음,보행자,여,69.0,중상,서울특별시 성동구
2022022800100427,2022년 2월 28일 19시,월요일,서울특별시 성동구 용답동,경상사고,0,0,1,0,차대사람 - 보도통행중,기타,건조,맑음,단일로 - 기타,화물,남,30세,상해없음,보행자,남,65.0,경상,서울특별시 성동구
2022022800100433,2022년 2월 28일 19시,월요일,서울특별시 도봉구 창동,중상사고,0,1,0,0,차대사람 - 길가장자리구역통행중,보행자보호의무위반,건조,맑음,교차로 - 교차로부근,승용,남,61세,상해없음,보행자,여,73.0,중상,서울특별시 도봉구
2022030100100012,2022년 3월 1일 04시,화요일,서울특별시 중랑구 면목동,중상사고,0,1,0,0,차대사람 - 길가장자리구역통행중,안전운전불이행,젖음/습기,비,단일로 - 기타,이륜,여,47세,상해없음,보행자,여,82.0,중상,서울특별시 중랑구
2022030100100048,2022년 3월 1일 09시,화요일,서울특별시 용산구 신창동,중상사고,0,1,0,0,차대사람 - 횡단중,보행자보호의무위반,건조,맑음,교차로 - 교차로횡단보도내,화물,남,29세,상해없음,보행자,여,77.0,중상,서울특별시 용산구
2022030100100208,2022년 3월 1일 16시,화요일,서울특별시 송파구 마천동,경상사고,0,0,1,0,차대사람 - 길가장자리구역통행중,안전운전불이행,건조,맑음,단일로 - 기타,승용,여,47세,상해없음,보행자,여,72.0,경상,서울특별시 송파구