사고번호,사고일시,요일,시군구,사고내용,사망자수,중상자수,경상자수,부상신고자수,사고유형,법규위반,노면상태,기상상태,도로형태,가해운전자 차종,가해운전자 성별,가해운전자 연령,가해운전자 상해정도,피해운전자 차종,피해운전자 성별,피해운전자 연령,피해운전자 상해정도,구
2022033000100217,2022년 3월 30일 14시,수요일,서울특별시 중랑구 망우동,경상사고,0,0,1,0,차대사람 - 기타,안전운전불이행,건조,맑음,기타 - 기타,화물,남,43세,상해없음,보행자,여,66.0,경상,서울특별시 중랑구
2022033100100152,2022년 3월 31일 12시,목요일,서울특별시 성북구 정릉동,중상사고,0,1,0,0,차대사람 - 횡단중,안전운전불이행,건조,맑음,단일로 - 기타,승용,남,67세,상해없음,보행자,여,77.0,중상,서울특별시 성북구
2022033100100177,2022년 3월 31일 13시,목요일,서울특별시 동대문구 제기동,중상사고,0,1,0,0,차대사람 - 기타,안전운전불이행,건조,맑음,단일로 - 기타,승용,여,67세,상해없음,보행자,여,74.0,중상,서울특별시 동대문구
2022033100100263,2022년 3월 31일 16시,목요일,서울특별시 중구 봉래동1가,중상사고,0,1,0,0,차대사람 - 횡단중,안전운전불이행,건조,맑음,교차로 - 교차로횡단보도내,승용,남,50세,상해없음,보행자,남,87.0,중상,서울특별시 중구
2022033100100303,2022년 3월 31일 17시,목요일,서울특별시 도봉구 쌍문동,경상사고,0,0,1,0,차대사람 - 차도통행중,불법유턴,건조,맑음,교차로 - 교차로부근,화물,남,54세,상해없음,보행자,여,66.0,경상,서울특별시 도봉구
2022033100100428,2022년 3월 31일 21시,목요일,서울특별시 서대문구 충정로3가,경상사고,0,0,1,0,차대사람 - 기타,안전운전불이행,건조,맑음,단일로 - 기타,원동기,남,76세,상해없음,보행자,남,69.0,경상,서울특별시 서대문구
2022033100100456,2022년 3월 31일 22시,목요일,서울특별시 금천구 독산동,중상사고,0,1,0,1,차대사람 - 횡단중,안전운전불이행,건조,맑음,교차로 - 교차로횡단보도내,이륜,남,17세,부상신고,보행자,남,83.0,중상,서울특별시 금천구
2022040100100057,2022년 4월 1일 08시,금요일,서울특별시 양천구 신월동,중상사고,0,1,0,0,차대사람 - 횡단중,보행자보호의무위반,건조,맑음,교차로 - 교차로부근,승용,여,33세,상해없음,보행자,여,68.0,중상,서울특별시 양천구
2022040100100140,2022년 4월 1일 11시,금요일,서울특별시 관악구 봉천동,중상사고,0,1,0,0,차대사람 - 차도통행중,신호위반,건조,맑음,교차로 - 교차로부근,승용,남,32세,상해없음,보행자,여,78.0,중상,서울특별시 관악구
2022040100100141,2022년 4월 1일 11시,금요일,서울특별시 관악구 신림동,경상사고,0,0,1,0,차대사람 - 보도통행중,신호위반,건조,맑음,교차로 - 교차로부근,승용,남,44세,상해없음,보행자,여,72.0,경상,서울특별시 관악구
2022040100100166,2022년 4월 1일 12시,금요일,서울특별시 중랑구 면목동,중상사고,0,1,0,0,차대사람 - 기타,안전운전불이행,건조,맑음,단일로 - 기타,승용,여,74세,상해없음,보행자,여,70.0,중상,서울특별시 중랑구
2022040100100169,2022년 4월 1일 12시,금요일,서울특별시 양천구 신월동,중상사고,0,1,0,0,차대사람 - 기타,안전운전불이행,건조,맑음,단일로 - 기타,화물,남,38세,상해없음,보행자,여,79.0,중상,서울특별시 양천구
2022040100100199,2022년 4월 1일 13시,금요일,서울특별시 관악구 봉천동,경상사고,0,0,1,0,차대사람 - 차도통행중,안전운전불이행,건조,맑음,교차로 - 교차로안,승용,남,66세,상해없음,보행자,여,73.0,경상,서울특별시 관악구
2022040100100280,2022년 4월 1일 16시,금요일,서울특별시 강북구 수유동,중상사고,0,1,0,0,차대사람 - 기타,기타,건조,맑음,단일로 - 기타,승합,남,52세,상해없음,보행자,여,74.0,중상,서울특별시 강북구
2022040100100283,2022년 4월 1일 16시,금요일,서울특별시 강남구 역삼동,경상사고,0,0,1,0,차대사람 - 차도통행중,안전운전불이행,건조,맑음,단일로 - 기타,승용,남,63세,상해없음,보행자,여,72.0,경상,서울특별시 강남구
2022040100100399,2022년 4월 1일 19시,금요일,서울특별시 광진구 자양동,사망사고,1,0,0,0,차대사람 - 횡단중,기타,건조,맑음,단일로 - 기타,승용,여,55세,상해없음,보행자,여,93.0,사망,서울특별시 광진구
2022040200100101,2022년 4월 2일 10시,토요일,서울특별시 중랑구 면목동,경상사고,0,0,1,0,차대사람 - 기타,안전운전불이행,건조,맑음,단일로 - 기타,승용,남,51세,상해없음,보행자,남,68.0,경상,서울특별시 중랑구
2022040200100176,2022년 4월 2일 12시,토요일,서울특별시 은평구 구산동,중상사고,0,1,0,0,차대사람 - 길가장자리구역통행중,안전운전불이행,건조,맑음,단일로 - 기타,승용,여,24세,상해없음,보행자,남,98.0,중상,서울특별시 은평구
2022040200100280,2022년 4월 2일 15시,토요일,서울특별시 동대문구 전농동,경상사고,0,0,1,0,차대사람 - 기타,안전운전불이행,건조,맑음,단일로 - 기타,승용,여,69세,상해없음,보행자,여,71.0,경상,서울특별시 동대문구
2022040200100407,2022년 4월 2일 18시,토요일,서울특별시 동대문구 휘경동,중상사고,0,1,0,0,차대사람 - 횡단중,안전운전불이행,건조,맑음,교차로 - 교차로안,승용,남,31세,상해없음,보행자,여,71.0,중상,서울특별시 동대문구
2022040300100046,2022년 4월 3일 09시,일요일,서울특별시 강동구 천호동,경상사고,0,0,1,0,차대사람 - 보도통행중,안전운전불이행,건조,맑음,단일로 - 기타,자전거,남,70세,상해없음,보행자,여,67.0,경상,서울특별시 강동구
2022040300100330,2022년 4월 3일 19시,일요일,서울특별시 마포구 대흥동,경상사고,0,0,1,0,차대사람 - 기타,안전운전불이행,기타,기타,단일로 - 기타,승용,여,36세,상해없음,보행자,남,69.0,경상,서울특별시 마포구
2022040400100180,2022년 4월 4일 11시,월요일,서울특별시 동대문구 제기동,경상사고,0,0,1,0,차대사람 - 기타,안전운전불이행,건조,맑음,단일로 - 기타,승용,여,26세,상해없음,보행자,여,73.0,경상,서울특별시 동대문구
2022040400100243,2022년 4월 4일 13시,월요일,서울특별시 금천구 독산동,경상사고,0,0,1,0,차대사람 - 기타,기타,건조,맑음,기타 - 기타,승용,남,58세,상해없음,보행자,남,74.0,경상,서울특별시 금천구
2022040500100167,2022년 4월 5일 11시,화요일,서울특별시 동대문구 휘경동,경상사고,0,0,1,0,차대사람 - 차도통행중,안전운전불이행,건조,맑음,단일로 - 기타,승용,남,37세,상해없음,보행자,여,74.0,경상,서울특별시 동대문구
2022040500100202,2022년 4월 5일 12시,화요일,서울특별시 양천구 신정동,중상사고,0,1,0,0,차대사람 - 기타,안전운전불이행,건조,맑음,교차로 - 교차로안,승용,남,70세,상해없음,보행자,남,84.0,중상,서울특별시 양천구
2022040500100274,2022년 4월 5일 14시,화요일,서울특별시 동대문구 전농동,경상사고,0,0,1,0,차대사람 - 횡단중,안전운전불이행,건조,맑음,교차로 - 교차로안,승용,남,52세,상해없음,보행자,남,75.0,경상,서울특별시 동대문구
2022040500100307,2022년 4월 5일 15시,화요일,서울특별시 성북구 하월곡동,경상사고,0,0,1,0,차대사람 - 횡단중,신호위반,건조,맑음,교차로 - 교차로횡단보도내,승용,남,61세,상해없음,보행자,남,79.0,경상,서울특별시 성북구
2022040500100334,2022년 4월 5일 16시,화요일,서울특별시 중랑구 면목동,경상사고,0,0,1,0,차대사람 - 기타,안전운전불이행,건조,맑음,교차로 - 교차로안,승합,남,37세,상해없음,보행자,여,69.0,경상,서울특별시 중랑구
2022040500100547,2022년 4월 5일 23시,화요일,서울특별시 양천구 목동,경상사고,0,0,1,0,차대사람 - 횡단중,안전운전불이행,건조,맑음,교차로 - 교차로안,승용,남,61세,상해없음,보행자,남,65.0,경상,서울특별시 양천구
2022040600100030,2022년 4월 6일 05시,수요일,서울특별시 강북구 번동,사망사고,1,0,0,0,차대사람 - 길가장자리구역통행중,기타,건조,맑음,단일로 - 기타,화물,남,49세,상해없음,보행자,여,83.0,사망,서울특별시 강북구
2022040600100205,2022년 4월 6일 13시,수요일,서울특별시 동작구 상도1동,중상사고,0,1,0,0,차대사람 - 보도통행중,기타,건조,맑음,기타 - 기타,이륜,남,29세,상해없음,보행자,여,72.0,중상,서울특별시 동작구
2022040600100234,2022년 4월 6일 14시,수요일,서울특별시 강남구 대치동,중상사고,0,1,0,0,차대사람 - 기타,안전운전불이행,건조,맑음,단일로 - 기타,승합,여,75세,상해없음,보행자,남,66.0,중상,서울특별시 강남구
2022040700100004,2022년 4월 7일 00시,목요일,서울특별시 송파구 가락동,경상사고,0,0,1,0,차대사람 - 횡단중,안전운전불이행,건조,맑음,단일로 - 기타,화물,남,44세,상해없음,보행자,여,69.0,경상,서울특별시 송파구
2022040700100021,2022년 4월 7일 01시,목요일,서울특별시 강남구 역삼동,사망사고,1,0,0,0,차대사람 - 기타,기타,건조,맑음,교차로 - 교차로안,이륜,남,35세,기타불명,보행자,여,73.0,사망,서울특별시 강남구
2022040700100069,2022년 4월 7일 08시,목요일,서울특별시 강서구 방화동,중상사고,0,1,0,0,차대사람 - 횡단중,신호위반,건조,맑음,교차로 - 교차로횡단보도내,화물,남,72세,상해없음,보행자,여,70.0,중상,서울특별시 강서구
2022040700100072,2022년 4월 7일 08시,목요일,서울특별시 구로구 오류동,중상사고,0,1,0,0,차대사람 - 횡단중,보행자보호의무위반,건조,맑음,교차로 - 교차로횡단보도내,승용,남,23세,상해없음,보행자,여,69.0,중상,서울특별시 구로구
2022040700100181,2022년 4월 7일 12시,목요일,서울특별시 서대문구 신촌동,부상신고사고,0,0,0,1,차대사람 - 차도통행중,불법유턴,건조,맑음,단일로 - 기타,화물,남,36세,상해없음,보행자,남,66.0,부상신고,서울특별시 서대문구
2022040700100218,2022년 4월 7일 13시,목요일,서울특별시 중구 장충동2가,중상사고,0,1,0,0,차대사람 - 횡단중,보행자보호의무위반,건조,맑음,교차로 - 교차로부근,승용,남,27세,상해없음,보행자,여,66.0,중상,서울특별시 중구
2022040700100401,2022년 4월 7일 18시,목요일,서울특별시 서대문구 북가좌동,중상사고,0,1,0,0,차대사람 - 기타,보행자보호의무위반,건조,맑음,교차로 - 교차로안,승용,남,25세,상해없음,보행자,여,85.0,중상,서울특별시 서대문구
2022040700100539,2022년 4월 7일 22시,목요일,서울특별시 강서구 화곡동,경상사고,0,0,1,0,차대사람 - 횡단중,보행자보호의무위반,건조,맑음,교차로 - 교차로횡단보도내,승용,남,61세,상해없음,보행자,남,78.0,경상,서울특별시 강서구
2022040800100034,2022년 4월 8일 05시,금요일,서울특별시 노원구 상계동,경상사고,0,0,1,0,차대사람 - 횡단중,안전운전불이행,건조,맑음,교차로 - 교차로부근,화물,남,48세,상해없음,보행자,여,73.0,경상,서울특별시 노원구
2022040800100364,2022년 4월 8일 16시,금요일,서울특별시 강남구 논현동,부상신고사고,0,0,0,1,차대사람 - 기타,안전운전불이행,건조,맑음,단일로 - 기타,이륜,남,34세,상해없음,보행자,여,71.0,부상신고,서울특별시 강남구
2022040800100468,2022년 4월 8일 18시,금요일,서울특별시 강북구 번동,중상사고,0,1,0,0,차대사람 - 횡단중,보행자보호의무위반,건조,맑음,교차로 - 교차로부근,승용,남,35세,상해없음,보행자,남,67.0,중상,서울특별시 강북구
2022040800100670,2022년 4월 8일 23시,금요일,서울특별시 서대문구 연희동,부상신고사고,0,0,0,1,차대사람 - 기타,안전운전불이행,건조,맑음,단일로 - 기타,승용,여,63세,상해없음,보행자,남,67.0,부상신고,서울특별시 서대문구
2022040900100222,2022년 4월 9일 13시,토요일,서울특별시 강북구 미아동,부상신고사고,0,0,0,1,차대사람 - 기타,안전운전불이행,건조,맑음,교차로 - 교차로횡단보도내,이륜,남,52세,상해없음,보행자,남,78.0,부상신고,서울특별시 강북구
2022040900100285,2022년 4월 9일 14시,토요일,서울특별시 노원구 중계동,중상사고,0,1,0,0,차대사람 - 기타,안전운전불이행,건조,맑음,단일로 - 기타,승용,남,56세,상해없음,보행자,여,72.0,중상,서울특별시 노원구
2022040900100368,2022년 4월 9일 16시,토요일,서울특별시 영등포구 영등포동5가,경상사고,0,0,1,0,차대사람 - 횡단중,안전운전불이행,건조,맑음,교차로 - 교차로부근,자전거,남,15세,상해없음,보행자,여,73.0,경상,서울특별시 영등포구
2022040900100415,2022년 4월 9일 17시,토요일,서울특별시 구로구 오류동,중상사고,0,1,0,0,차대사람 - 차도통행중,안전운전불이행,건조,맑음,교차로 - 교차로안,승용,남,44세,상해없음,보행자,여,72.0,중상,서울특별시 구로구
2022041000100086,2022년 4월 10일 10시,일요일,서울특별시 서대문구 홍제동,경상사고,0,0,1,0,차대사람 - 기타,안전운전불이행,건조,맑음,단일로 - 기타,승용,남,58세,상해없음,보행자,여,66.0,경상,서울특별시 서대문구
2022041000100108,2022년 4월 10일 11시,일요일,서울특별시 송파구 거여동,사망사고,1,0,0,0,차대사람 - 기타,신호위반,건조,맑음,단일로 - 기타,승용,남,52세,상해없음,보행자,여,83.0,사망,서울특별시 송파구
2022041000100130,2022년 4월 10일 12시,일요일,서울특별시 강서구 등촌동,중상사고,0,1,0,0,차대사람 - 차도통행중,안전운전불이행,건조,맑음,단일로 - 기타,승용,남,55세,상해없음,보행자,남,73.0,중상,서울특별시 강서구
2022041000100197,2022년 4월 10일 14시,일요일,서울특별시 영등포구 대림동,중상사고,0,1,0,0,차대사람 - 기타,안전운전불이행,건조,맑음,단일로 - 기타,승합,남,63세,상해없음,보행자,여,76.0,중상,서울특별시 영등포구
2022041000100200,2022년 4월 10일 14시,일요일,서울특별시 강서구 화곡동,사망사고,1,0,0,0,차대사람 - 기타,안전운전불이행,건조,맑음,교차로 - 교차로안,승용,남,58세,상해없음,보행자,여,84.0,사망,서울특별시 강서구
2022041000100235,2022년 4월 10일 15시,일요일,서울특별시 송파구 석촌동,경상사고,0,0,1,0,차대사람 - 횡단중,안전운전불이행,건조,맑음,교차로 - 교차로안,승용,여,50세,상해없음,보행자,여,67.0,경상,서울특별시 송파구
2022041100100027,2022년 4월 11일 05시,월요일,서울특별시 송파구 가락동,경상사고,0,0,1,0,차대사람 - 차도통행중,안전운전불이행,건조,맑음,단일로 - 기타,원동기,남,41세,상해없음,보행자,남,66.0,경상,서울특별시 송파구
2022041100100319,2022년 4월 11일 15시,월요일,서울특별시 은평구 녹번동,중상사고,0,1,0,0,차대사람 - 횡단중,신호위반,건조,맑음,교차로 - 교차로안,자전거,남,18세,상해없음,보행자,여,84.0,중상,서울특별시 은평구
2022041100100322,2022년 4월 11일 15시,월요일,서울특별시 송파구 풍납동,중상사고,0,1,0,0,차대사람 - 기타,기타,건조,맑음,단일로 - 기타,승용,남,75세,상해없음,보행자,여,84.0,중상,서울특별시 송파구
2022041100100369,2022년 4월 11일 16시,월요일,서울특별시 은평구 대조동,중상사고,0,1,0,0,차대사람 - 횡단중,안전운전불이행,건조,맑음,교차로 - 교차로횡단보도내,승용,여,54세,상해없음,보행자,여,88.0,중상,서울특별시 은평구
2022041100100481,2022년 4월 11일 19시,월요일,서울특별시 동작구 노량진동,경상사고,0,0,1,0,차대사람 - 기타,안전운전불이행,건조,맑음,단일로 - 기타,승용,여,27세,상해없음,보행자,여,79.0,경상,서울특별시 동작구
2022041200100126,2022년 4월 12일 09시,화요일,서울특별시 노원구 상계동,중상사고,0,1,0,0,차대사람 - 횡단중,보행자보호의무위반,건조,맑음,교차로 - 교차로부근,화물,남,55세,상해없음,보행자,남,72.0,중상,서울특별시 노원구
2022041200100187,2022년 4월 12일 11시,화요일,서울특별시 은평구 대조동,중상사고,0,1,0,0,차대사람 - 기타,안전운전불이행,건조,흐림,단일로 - 기타,승용,남,72세,상해없음,보행자,남,70.0,중상,서울특별시 은평구
2022041200100269,2022년 4월 12일 14시,화요일,서울특별시 서초구 우면동,경상사고,0,0,1,0,차대사람 - 기타,안전운전불이행,건조,맑음,단일로 - 기타,승합,남,63세,상해없음,보행자,남,83.0,경상,서울특별시 서초구
2022041200100555,2022년 4월 12일 23시,화요일,서울특별시 강북구 수유동,경상사고,0,0,1,0,차대사람 - 기타,안전운전불이행,젖음/습기,비,교차로 - 교차로횡단보도내,이륜,남,29세,상해없음,보행자,남,65.0,경상,서울특별시 강북구
2022041300100303,2022년 4월 13일 16시,수요일,서울특별시 송파구 가락동,중상사고,0,1,0,0,차대사람 - 기타,안전운전불이행,건조,맑음,단일로 - 기타,승용,여,50세,상해없음,보행자,여,71.0,중상,서울특별시 송파구
2022041300100381,2022년 4월 13일 18시,수요일,서울특별시 영등포구 신길동,부상신고사고,0,0,0,1,차대사람 - 횡단중,안전운전불이행,건조,맑음,단일로 - 기타,이륜,남,36세,상해없음,보행자,여,70.0,부상신고,서울특별시 영등포구
2022041400100165,2022년 4월 14일 11시,목요일,서울특별시 영등포구 당산동1가,경상사고,0,0,1,0,차대사람 - 기타,보행자보호의무위반,건조,맑음,교차로 - 교차로횡단보도내,화물,남,59세,상해없음,보행자,남,71.0,경상,서울특별시 영등포구
2022041400100270,2022년 4월 14일 14시,목요일,서울특별시 마포구 도화동,사망사고,1,0,0,0,차대사람 - 횡단중,보행자보호의무위반,건조,맑음,교차로 - 교차로횡단보도내,승용,남,30세,상해없음,보행자,여,65.0,사망,서울특별시 마포구
2022041400100271,2022년 4월 14일 14시,목요일,서울특별시 관악구 봉천동,경상사고,0,0,1,0,차대사람 - 기타,안전운전불이행,건조,맑음,단일로 - 기타,승합,남,63세,상해없음,보행자,여,66.0,경상,서울특별시 관악구
2022041400100272,2022년 4월 14일 14시,목요일,서울특별시 서초구 잠원동,사망사고,1,0,0,0,차대사람 - 횡단중,보행자보호의무위반,건조,흐림,교차로 - 교차로안,건설기계,남,54세,상해없음,보행자,여,72.0,사망,서울특별시 서초구
2022041400100293,2022년 4월 14일 15시,목요일,서울특별시 동대문구 장안동,부상신고사고,0,0,0,1,차대사람 - 기타,안전운전불이행,건조,맑음,교차로 - 교차로부근,화물,남,63세,상해없음,보행자,남,75.0,부상신고,서울특별시 동대문구
2022041400100328,2022년 4월 14일 16시,목요일,서울특별시 송파구 방이동,경상사고,0,0,1,0,차대사람 - 차도통행중,안전운전불이행,건조,맑음,단일로 - 기타,승용,여,47세,상해없음,보행자,여,75.0,경상,서울특별시 송파구
2022041500100021,2022년 4월 15일 04시,금요일,서울특별시 노원구 월계동,중상사고,0,1,0,0,차대사람 - 차도통행중,안전운전불이행,건조,맑음,교차로 - 교차로안,화물,남,75세,상해없음,보행자,여,77.0,중상,서울특별시 노원구
2022041500100157,2022년 4월 15일 10시,금요일,서울특별시 동대문구 장안동,경상사고,0,0,1,0,차대사람 - 횡단중,안전운전불이행,건조,맑음,단일로 - 기타,화물,남,42세,상해없음,보행자,남,77.0,경상,서울특별시 동대문구
2022041500100282,2022년 4월 15일 14시,금요일,서울특별시 관악구 신림동,중상사고,0,1,0,0,차대사람 - 기타,안전운전불이행,건조,맑음,기타 - 기타,승용,여,44세,상해없음,보행자,여,69.0,중상,서울특별시 관악구
2022041500100285,2022년 4월 15일 14시,금요일,서울특별시 은평구 대조동,중상사고,0,1,0,0,차대사람 - 차도통행중,안전운전불이행,건조,맑음,교차로 - 교차로안,이륜,남,26세,상해없음,보행자,여,74.0,중상,서울특별시 은평구
2022041500100312,2022년 4월 15일 15시,금요일,서울특별시 관악구 신림동,경상사고,0,0,1,0,차대사람 - 기타,보행자보호의무위반,건조,맑음,교차로 - 교차로횡단보도내,자전거,남,25세,기타불명,보행자,여,73.0,경상,서울특별시 관악구
2022041500100350,2022년 4월 15일 16시,금요일,서울특별시 서대문구 북가좌동,경상사고,0,0,1,0,차대사람 - 횡단중,보행자보호의무위반,건조,맑음,단일로 - 기타,승용,남,74세,상해없음,보행자,남,80.0,경상,서울특별시 서대문구
2022041500100354,2022년 4월 15일 16시,금요일,서울특별시 양천구 신월동,경상사고,0,0,1,0,차대사람 - 기타,안전운전불이행,건조,맑음,단일로 - 기타,승용,남,64세,상해없음,보행자,여,72.0,경상,서울특별시 양천구
2022041500100547,2022년 4월 15일 20시,금요일,서울특별시 중랑구 상봉동,부상신고사고,0,0,0,1,차대사람 - 기타,안전운전불이행,건조,흐림,단일로 - 기타,승용,남,22세,상해없음,보행자,남,70.0,부상신고,서울특별시 중랑구
2022041500100603,2022년 4월 15일 22시,금요일,서울특별시 중랑구 면목동,중상사고,0,1,0,0,차대사람 - 횡단중,안전운전불이행,건조,맑음,교차로 - 교차로안,승용,남,58세,상해없음,보행자,남,70.0,중상,서울특별시 중랑구
2022041600100199,2022년 4월 16일 12시,토요일,서울특별시 용산구 서계동,중상사고,0,1,0,0,차대사람 - 횡단중,안전운전불이행,건조,맑음,단일로 - 기타,승용,남,83세,상해없음,보행자,남,73.0,중상,서울특별시 용산구
2022041600100244,2022년 4월 16일 13시,토요일,서울특별시 동작구 흑석동,경상사고,0,0,1,0,차대사람 - 기타,안전운전불이행,건조,맑음,기타 - 기타,자전거,남,22세,상해없음,보행자,남,70.0,경상,서울특별시 동작구
2022041600100291,2022년 4월 16일 14시,토요일,서울특별시 서대문구 북아현동,경상사고,0,0,1,0,차대사람 - 기타,안전운전불이행,건조,맑음,단일로 - 기타,승용,남,61세,상해없음,보행자,남,77.0,경상,서울특별시 서대문구
2022041600100293,2022년 4월 16일 14시,토요일,서울특별시 강북구 우이동,중상사고,0,1,0,0,차대사람 - 기타,안전운전불이행,건조,맑음,단일로 - 기타,승합,남,56세,상해없음,보행자,남,81.0,중상,서울특별시 강북구
2022041700100086,2022년 4월 17일 09시,일요일,서울특별시 금천구 독산동,중상사고,0,1,0,0,차대사람 - 기타,신호위반,건조,맑음,교차로 - 교차로횡단보도내,승용,남,28세,상해없음,보행자,여,65.0,중상,서울특별시 금천구
2022041700100196,2022년 4월 17일 13시,일요일,서울특별시 구로구 신도림동,중상사고,0,1,1,0,차대사람 - 횡단중,신호위반,건조,맑음,단일로 - 기타,승용,남,65세,상해없음,보행자,여,67.0,중상,서울특별시 구로구
2022041700100216,2022년 4월 17일 14시,일요일,서울특별시 중구 봉래동2가,중상사고,0,1,0,0,차대사람 - 기타,안전운전불이행,건조,맑음,단일로 - 기타,승용,남,55세,상해없음,보행자,남,66.0,중상,서울특별시 중구
2022041700100413,2022년 4월 17일 20시,일요일,서울특별시 동작구 신대방동,부상신고사고,0,0,0,1,차대사람 - 차도통행중,안전운전불이행,건조,기타,교차로 - 교차로부근,승용,남,19세,상해없음,보행자,남,68.0,부상신고,서울특별시 동작구
2022041800100121,2022년 4월 18일 09시,월요일,서울특별시 양천구 목동,경상사고,0,0,1,0,차대사람 - 기타,안전운전불이행,건조,맑음,단일로 - 기타,승용,남,30세,상해없음,보행자,여,84.0,경상,서울특별시 양천구
2022041800100267,2022년 4월 18일 14시,월요일,서울특별시 강북구 미아동,경상사고,0,0,1,0,차대사람 - 길가장자리구역통행중,안전운전불이행,건조,맑음,단일로 - 기타,승용,남,72세,상해없음,보행자,남,73.0,경상,서울특별시 강북구
2022041800100271,2022년 4월 18일 14시,월요일,서울특별시 동작구 대방동,부상신고사고,0,0,0,1,차대사람 - 기타,안전운전불이행,건조,맑음,단일로 - 기타,승합,여,53세,상해없음,보행자,여,72.0,부상신고,서울특별시 동작구
2022041800100317,2022년 4월 18일 15시,월요일,서울특별시 강남구 수서동,중상사고,0,1,0,0,차대사람 - 횡단중,안전운전불이행,건조,맑음,교차로 - 교차로안,승용,여,46세,상해없음,보행자,여,70.0,중상,서울특별시 강남구
2022041800100385,2022년 4월 18일 17시,월요일,서울특별시 동작구 신대방동,중상사고,0,1,0,0,차대사람 - 기타,안전운전불이행,건조,맑음,교차로 - 교차로부근,승용,남,78세,상해없음,보행자,여,71.0,중상,서울특별시 동작구
2022041800100422,2022년 4월 18일 18시,월요일,서울특별시 영등포구 대림동,중상사고,0,2,0,0,차대사람 - 기타,기타,건조,맑음,단일로 - 기타,원동기,여,44세,상해없음,보행자,여,67.0,중상,서울특별시 영등포구
2022041800100512,2022년 4월 18일 21시,월요일,서울특별시 동대문구 답십리동,중상사고,0,1,1,0,차대사람 - 보도통행중,안전운전불이행,건조,맑음,교차로 - 교차로횡단보도내,이륜,남,28세,경상,보행자,남,68.0,중상,서울특별시 동대문구
2022041900100210,2022년 4월 19일 11시,화요일,서울특별시 관악구 신림동,중상사고,0,1,0,0,차대사람 - 보도통행중,보행자보호의무위반,건조,맑음,교차로 - 교차로횡단보도내,화물,남,29세,상해없음,보행자,여,87.0,중상,서울특별시 관악구
2022041900100279,2022년 4월 19일 13시,화요일,서울특별시 중랑구 망우동,중상사고,0,1,0,0,차대사람 - 보도통행중,안전운전불이행,건조,맑음,교차로 - 교차로부근,승용,여,39세,상해없음,보행자,여,72.0,중상,서울특별시 중랑구
2022041900100280,2022년 4월 19일 13시,화요일,서울특별시 관악구 봉천동,중상사고,0,1,0,0,차대사람 - 기타,안전운전불이행,건조,맑음,기타 - 기타,승합,남,55세,상해없음,보행자,여,81.0,중상,서울특별시 관악구
2022041900100431,2022년 4월 19일 17시,화요일,서울특별시 강서구 화곡동,중상사고,0,1,0,0,차대사람 - 기타,안전운전불이행,건조,맑음,기타 - 기타,승용,여,40세,상해없음,보행자,여,82.0,중상,서울특별시 강서구
2022042000100091,2022년 4월 20일 08시,수요일,서울특별시 구로구 천왕동,중상사고,0,1,0,0,차대사람 - 보도통행중,기타,건조,맑음,기타 - 기타,화물,남,51세,상해없음,보행자,남,78.0,중상,서울특별시 구로구
2022042000100310,2022년 4월 20일 14시,수요일,서울특별시 동대문구 전농동,중상사고,0,1,1,0,차대사람 - 기타,안전운전불이행,건조,맑음,단일로 - 기타,승합,남,59세,상해없음,보행자,여,65.0,중상,서울특별시 동대문구
2022042000100352,2022년 4월 20일 15시,수요일,서울특별시 동작구 대방동,경상사고,0,0,1,0,차대사람 - 기타,안전운전불이행,건조,맑음,단일로 - 기타,화물,남,60세,상해없음,보행자,남,80.0,경상,서울특별시 동작구
2022042000100506,2022년 4월 20일 19시,수요일,서울특별시 서초구 양재동,중상사고,0,1,0,0,차대사람 - 기타,안전운전불이행,건조,맑음,단일로 - 기타,승합,남,68세,상해없음,보행자,남,78.0,중상,서울특별시 서초구
2022042100100026,2022년 4월 21일 05시,목요일,서울특별시 금천구 독산동,중상사고,0,1,0,0,차대사람 - 기타,안전운전불이행,건조,맑음,단일로 - 기타,승용,남,73세,상해없음,보행자,여,80.0,중상,서울특별시 금천구
2022042100100037,2022년 4월 21일 06시,목요일,서울특별시 중랑구 면목동,중상사고,0,1,0,0,차대사람 - 횡단중,안전운전불이행,건조,맑음,교차로 - 교차로횡단보도내,화물,남,53세,상해없음,보행자,남,78.0,중상,서울특별시 중랑구
2022042100100106,2022년 4월 21일 09시,목요일,서울특별시 서대문구 북가좌동,경상사고,0,0,1,0,차대사람 - 횡단중,안전운전불이행,건조,맑음,단일로 - 기타,승용,남,72세,상해없음,보행자,남,89.0,경상,서울특별시 서대문구
2022042100100223,2022년 4월 21일 13시,목요일,서울특별시 강남구 수서동,부상신고사고,0,0,0,1,차대사람 - 기타,안전운전불이행,건조,맑음,단일로 - 기타,화물,남,41세,상해없음,보행자,여,79.0,부상신고,서울특별시 강남구
2022042100100278,2022년 4월 21일 15시,목요일,서울특별시 은평구 불광동,중상사고,0,1,0,0,차대사람 - 횡단중,보행자보호의무위반,건조,맑음,교차로 - 교차로횡단보도내,승용,여,57세,상해없음,보행자,여,68.0,중상,서울특별시 은평구
2022042100100434,2022년 4월 21일 19시,목요일,서울특별시 강북구 미아동,경상사고,0,0,1,0,차대사람 - 횡단중,안전운전불이행,건조,맑음,단일로 - 기타,승용,남,69세,상해없음,보행자,남,67.0,경상,서울특별시 강북구
2022042200100192,2022년 4월 22일 12시,금요일,서울특별시 중구 을지로4가,경상사고,0,0,1,0,차대사람 - 횡단중,안전운전불이행,건조,흐림,단일로 - 기타,승용,남,75세,상해없음,보행자,남,73.0,경상,서울특별시 중구