사고번호,사고일시,요일,시군구,사고내용,사망자수,중상자수,경상자수,부상신고자수,사고유형,법규위반,노면상태,기상상태,도로형태,가해운전자 차종,가해운전자 성별,가해운전자 연령,가해운전자 상해정도,피해운전자 차종,피해운전자 성별,피해운전자 연령,피해운전자 상해정도,구
2022062400100511,2022년 6월 24일 19시,금요일,서울특별시 강서구 공항동,경상사고,0,0,1,0,차대사람 - 기타,안전운전불이행,건조,맑음,기타 - 기타,승용,여,48세,상해없음,보행자,남,66.0,경상,서울특별시 강서구
2022062500100114,2022년 6월 25일 09시,토요일,서울특별시 송파구 가락동,경상사고,0,0,1,0,차대사람 - 차도통행중,안전운전불이행,건조,맑음,교차로 - 교차로안,승합,남,51세,상해없음,보행자,여,89.0,경상,서울특별시 송파구
2022062500100371,2022년 6월 25일 15시,토요일,서울특별시 성북구 하월곡동,경상사고,0,0,1,0,차대사람 - 횡단중,신호위반,건조,맑음,단일로 - 기타,자전거,남,64세,상해없음,보행자,여,72.0,경상,서울특별시 성북구
2022062500100543,2022년 6월 25일 20시,토요일,서울특별시 은평구 녹번동,경상사고,0,0,1,0,차대사람 - 차도통행중,안전운전불이행,건조,흐림,단일로 - 기타,승용,남,32세,상해없음,보행자,남,67.0,경상,서울특별시 은평구
2022062600100112,2022년 6월 26일 11시,일요일,서울특별시 서대문구 남가좌동,경상사고,0,0,1,0,차대사람 - 기타,신호위반,건조,맑음,교차로 - 교차로횡단보도내,승용,남,63세,상해없음,보행자,남,65.0,경상,서울특별시 서대문구
2022062600100127,2022년 6월 26일 12시,일요일,서울특별시 서대문구 홍제동,경상사고,0,0,1,0,차대사람 - 기타,안전운전불이행,건조,맑음,단일로 - 기타,승용,여,52세,상해없음,보행자,여,67.0,경상,서울특별시 서대문구
2022062600100129,2022년 6월 26일 12시,일요일,서울특별시 양천구 신월동,중상사고,0,1,0,0,차대사람 - 기타,안전운전불이행,건조,맑음,기타 - 기타,승용,남,73세,상해없음,보행자,여,80.0,중상,서울특별시 양천구
2022062600100228,2022년 6월 26일 16시,일요일,서울특별시 강북구 미아동,중상사고,0,1,0,0,차대사람 - 횡단중,안전운전불이행,건조,맑음,교차로 - 교차로횡단보도내,화물,남,61세,상해없음,보행자,남,75.0,중상,서울특별시 강북구
2022062600100230,2022년 6월 26일 16시,일요일,서울특별시 은평구 갈현동,경상사고,0,0,1,0,차대사람 - 기타,안전운전불이행,건조,맑음,기타 - 기타,승용,여,68세,기타불명,보행자,여,85.0,경상,서울특별시 은평구
2022062600100291,2022년 6월 26일 18시,일요일,서울특별시 동작구 대방동,경상사고,0,0,1,1,차대사람 - 기타,안전운전불이행,건조,맑음,교차로 - 교차로부근,승용,남,51세,상해없음,보행자,여,80.0,경상,서울특별시 동작구
2022062700100252,2022년 6월 27일 13시,월요일,서울특별시 송파구 잠실동,경상사고,0,0,1,0,차대사람 - 기타,안전운전불이행,젖음/습기,비,단일로 - 기타,화물,남,38세,상해없음,보행자,남,69.0,경상,서울특별시 송파구
2022062700100346,2022년 6월 27일 16시,월요일,서울특별시 송파구 거여동,중상사고,0,1,0,0,차대사람 - 횡단중,안전운전불이행,건조,맑음,교차로 - 교차로부근,이륜,남,26세,상해없음,보행자,여,67.0,중상,서울특별시 송파구
2022062700100456,2022년 6월 27일 19시,월요일,서울특별시 서대문구 홍제동,경상사고,0,0,1,0,차대사람 - 차도통행중,안전운전불이행,건조,맑음,단일로 - 기타,승용,남,58세,상해없음,보행자,여,83.0,경상,서울특별시 서대문구
2022062700100527,2022년 6월 27일 22시,월요일,서울특별시 종로구 수송동,중상사고,0,1,0,0,차대사람 - 기타,기타,건조,맑음,단일로 - 기타,승합,남,60세,상해없음,보행자,여,75.0,중상,서울특별시 종로구
2022062800100013,2022년 6월 28일 01시,화요일,서울특별시 동대문구 제기동,경상사고,0,0,1,0,차대사람 - 횡단중,안전운전불이행,건조,맑음,단일로 - 기타,화물,남,40세,상해없음,보행자,남,67.0,경상,서울특별시 동대문구
2022062800100107,2022년 6월 28일 09시,화요일,서울특별시 도봉구 창동,경상사고,0,0,1,0,차대사람 - 기타,안전운전불이행,건조,맑음,단일로 - 기타,승합,남,59세,상해없음,보행자,여,66.0,경상,서울특별시 도봉구
2022062800100222,2022년 6월 28일 13시,화요일,서울특별시 중랑구 면목동,경상사고,0,0,1,0,차대사람 - 횡단중,안전운전불이행,건조,맑음,교차로 - 교차로부근,화물,남,68세,상해없음,보행자,남,80.0,경상,서울특별시 중랑구
2022062800100443,2022년 6월 28일 19시,화요일,서울특별시 관악구 봉천동,경상사고,0,0,1,0,차대사람 - 횡단중,보행자보호의무위반,건조,맑음,교차로 - 교차로횡단보도내,승용,남,45세,상해없음,보행자,남,68.0,경상,서울특별시 관악구
2022062900100314,2022년 6월 29일 15시,수요일,서울특별시 관악구 신림동,경상사고,0,0,1,0,차대사람 - 기타,안전운전불이행,건조,맑음,단일로 - 기타,승용,남,82세,상해없음,보행자,남,66.0,경상,서울특별시 관악구
2022062900100351,2022년 6월 29일 16시,수요일,서울특별시 영등포구 대림동,중상사고,0,1,0,0,차대사람 - 기타,안전운전불이행,건조,맑음,단일로 - 기타,화물,남,51세,상해없음,보행자,여,71.0,중상,서울특별시 영등포구
2022062900100354,2022년 6월 29일 16시,수요일,서울특별시 도봉구 방학동,중상사고,0,1,0,0,차대사람 - 횡단중,안전운전불이행,건조,흐림,교차로 - 교차로안,승합,남,27세,상해없음,보행자,여,78.0,중상,서울특별시 도봉구
2022062900100535,2022년 6월 29일 21시,수요일,서울특별시 강남구 신사동,중상사고,0,1,0,0,차대사람 - 기타,안전운전불이행,젖음/습기,비,기타 - 기타,승합,남,65세,상해없음,보행자,남,76.0,중상,서울특별시 강남구
2022062900100584,2022년 6월 29일 23시,수요일,서울특별시 성북구 장위동,경상사고,0,0,1,0,차대사람 - 횡단중,신호위반,젖음/습기,비,교차로 - 교차로부근,원동기,여,22세,기타불명,보행자,여,82.0,경상,서울특별시 성북구
2022063000100027,2022년 6월 30일 01시,목요일,서울특별시 동대문구 제기동,경상사고,0,0,1,0,차대사람 - 기타,안전운전불이행,젖음/습기,비,단일로 - 기타,승용,남,63세,상해없음,보행자,남,70.0,경상,서울특별시 동대문구
2022063000100061,2022년 6월 30일 05시,목요일,서울특별시 관악구 신림동,경상사고,0,0,1,0,차대사람 - 기타,보행자보호의무위반,젖음/습기,비,교차로 - 교차로횡단보도내,승용,남,42세,상해없음,보행자,남,75.0,경상,서울특별시 관악구
2022063000100147,2022년 6월 30일 09시,목요일,서울특별시 영등포구 신길동,중상사고,0,1,0,0,차대사람 - 길가장자리구역통행중,안전운전불이행,젖음/습기,비,교차로 - 교차로안,승용,남,23세,상해없음,보행자,여,67.0,중상,서울특별시 영등포구
2022063000100177,2022년 6월 30일 10시,목요일,서울특별시 중랑구 면목동,중상사고,0,1,0,0,차대사람 - 길가장자리구역통행중,안전운전불이행,젖음/습기,비,단일로 - 기타,승용,남,66세,상해없음,보행자,남,75.0,중상,서울특별시 중랑구
2022063000100178,2022년 6월 30일 10시,목요일,서울특별시 서초구 우면동,경상사고,0,0,1,0,차대사람 - 기타,안전운전불이행,젖음/습기,비,단일로 - 기타,승합,남,64세,상해없음,보행자,여,71.0,경상,서울특별시 서초구
2022063000100241,2022년 6월 30일 13시,목요일,서울특별시 영등포구 대림동,경상사고,0,0,1,0,차대사람 - 횡단중,신호위반,건조,맑음,교차로 - 교차로안,자전거,남,79세,기타불명,보행자,남,81.0,경상,서울특별시 영등포구
2022063000100244,2022년 6월 30일 13시,목요일,서울특별시 서초구 신원동,경상사고,0,0,1,0,차대사람 - 기타,안전운전불이행,젖음/습기,비,단일로 - 기타,승합,남,31세,상해없음,보행자,남,87.0,경상,서울특별시 서초구
2022063000100373,2022년 6월 30일 17시,목요일,서울특별시 성북구 동선동1가,경상사고,0,0,1,0,차대사람 - 기타,안전운전불이행,건조,맑음,기타 - 기타,승용,남,35세,상해없음,보행자,여,68.0,경상,서울특별시 성북구
2022063000100494,2022년 6월 30일 20시,목요일,서울특별시 서대문구 홍은동,중상사고,0,1,0,0,차대사람 - 기타,안전운전불이행,젖음/습기,비,단일로 - 기타,승합,남,71세,상해없음,보행자,남,78.0,중상,서울특별시 서대문구
2022063000100561,2022년 6월 30일 22시,목요일,서울특별시 은평구 갈현동,경상사고,0,0,1,0,차대사람 - 차도통행중,신호위반,젖음/습기,비,교차로 - 교차로안,자전거,남,15세,상해없음,보행자,여,68.0,경상,서울특별시 은평구
2022070100100263,2022년 7월 1일 13시,금요일,서울특별시 구로구 고척동,중상사고,0,1,0,0,차대사람 - 길가장자리구역통행중,안전운전불이행,건조,맑음,교차로 - 교차로안,승용,남,34세,상해없음,보행자,여,65.0,중상,서울특별시 구로구
2022070100100303,2022년 7월 1일 14시,금요일,서울특별시 서초구 서초동,중상사고,0,1,0,0,차대사람 - 기타,기타,건조,맑음,기타 - 기타,승용,남,39세,상해없음,보행자,여,85.0,중상,서울특별시 서초구
2022070100100332,2022년 7월 1일 15시,금요일,서울특별시 금천구 독산동,중상사고,0,1,0,0,차대사람 - 기타,안전운전불이행,건조,맑음,단일로 - 기타,승용,남,70세,상해없음,보행자,여,84.0,중상,서울특별시 금천구
2022070100100336,2022년 7월 1일 15시,금요일,서울특별시 노원구 중계동,중상사고,0,1,0,0,차대사람 - 차도통행중,안전운전불이행,건조,맑음,단일로 - 기타,자전거,남,11세,상해없음,보행자,여,87.0,중상,서울특별시 노원구
2022070100100593,2022년 7월 1일 20시,금요일,서울특별시 강동구 천호동,경상사고,0,0,1,0,차대사람 - 기타,안전운전불이행,건조,맑음,단일로 - 기타,승용,남,55세,상해없음,보행자,남,66.0,경상,서울특별시 강동구
2022070200100116,2022년 7월 2일 09시,토요일,서울특별시 중랑구 면목동,부상신고사고,0,0,0,1,차대사람 - 횡단중,안전운전불이행,건조,맑음,교차로 - 교차로횡단보도내,기타불명,기타불명,미분류,기타불명,보행자,여,77.0,부상신고,서울특별시 중랑구
2022070200100154,2022년 7월 2일 10시,토요일,서울특별시 중랑구 망우동,중상사고,0,1,0,0,차대사람 - 기타,안전운전불이행,건조,맑음,교차로 - 교차로부근,개인형이동수단(PM),남,14세,상해없음,보행자,여,80.0,중상,서울특별시 중랑구
2022070200100190,2022년 7월 2일 11시,토요일,서울특별시 중랑구 망우동,부상신고사고,0,0,0,1,차대사람 - 횡단중,안전운전불이행,건조,맑음,단일로 - 기타,승용,남,43세,상해없음,보행자,남,84.0,부상신고,서울특별시 중랑구
2022070200100331,2022년 7월 2일 15시,토요일,서울특별시 서대문구 충정로3가,중상사고,0,1,0,0,차대사람 - 차도통행중,안전운전불이행,건조,맑음,단일로 - 기타,승용,남,65세,상해없음,보행자,여,89.0,중상,서울특별시 서대문구
2022070300100092,2022년 7월 3일 09시,일요일,서울특별시 강북구 미아동,중상사고,0,1,0,0,차대사람 - 횡단중,안전운전불이행,건조,맑음,단일로 - 기타,승합,남,33세,상해없음,보행자,여,74.0,중상,서울특별시 강북구
2022070400100188,2022년 7월 4일 11시,월요일,서울특별시 광진구 중곡동,경상사고,0,0,1,0,차대사람 - 길가장자리구역통행중,안전운전불이행,건조,맑음,기타 - 기타,화물,여,72세,상해없음,보행자,여,76.0,경상,서울특별시 광진구
2022070400100219,2022년 7월 4일 12시,월요일,서울특별시 동작구 노량진동,중상사고,0,1,0,0,차대사람 - 차도통행중,안전운전불이행,건조,맑음,단일로 - 기타,이륜,남,72세,상해없음,보행자,여,88.0,중상,서울특별시 동작구
2022070400100220,2022년 7월 4일 12시,월요일,서울특별시 중랑구 상봉동,중상사고,0,1,0,0,차대사람 - 횡단중,보행자보호의무위반,건조,맑음,단일로 - 기타,승용,여,66세,상해없음,보행자,여,66.0,중상,서울특별시 중랑구
2022070400100254,2022년 7월 4일 13시,월요일,서울특별시 서대문구 홍은동,중상사고,0,1,0,0,차대사람 - 기타,불법유턴,건조,맑음,단일로 - 기타,화물,남,64세,상해없음,보행자,여,67.0,중상,서울특별시 서대문구
2022070400100258,2022년 7월 4일 13시,월요일,서울특별시 도봉구 도봉동,중상사고,0,1,0,0,차대사람 - 횡단중,안전운전불이행,젖음/습기,비,교차로 - 교차로안,승용,남,41세,상해없음,보행자,여,73.0,중상,서울특별시 도봉구
2022070400100348,2022년 7월 4일 16시,월요일,서울특별시 관악구 봉천동,경상사고,0,0,1,0,차대사람 - 횡단중,안전운전불이행,건조,맑음,교차로 - 교차로안,승합,남,67세,상해없음,보행자,여,82.0,경상,서울특별시 관악구
2022070400100518,2022년 7월 4일 20시,월요일,서울특별시 동대문구 장안동,중상사고,0,1,0,0,차대사람 - 기타,안전운전불이행,건조,맑음,교차로 - 교차로부근,승용,여,45세,상해없음,보행자,남,73.0,중상,서울특별시 동대문구
2022070400100565,2022년 7월 4일 22시,월요일,서울특별시 서초구 반포동,중상사고,0,1,0,0,차대사람 - 차도통행중,안전운전불이행,건조,맑음,기타 - 기타,이륜,남,41세,상해없음,보행자,여,66.0,중상,서울특별시 서초구
2022070500100247,2022년 7월 5일 13시,화요일,서울특별시 서대문구 충정로3가,경상사고,0,0,1,0,차대사람 - 횡단중,신호위반,건조,맑음,단일로 - 기타,자전거,남,61세,상해없음,보행자,남,67.0,경상,서울특별시 서대문구
2022070500100251,2022년 7월 5일 13시,화요일,서울특별시 관악구 신림동,중상사고,0,1,0,0,차대사람 - 기타,안전운전불이행,젖음/습기,비,단일로 - 기타,이륜,남,43세,상해없음,보행자,여,74.0,중상,서울특별시 관악구
2022070600100028,2022년 7월 6일 05시,수요일,서울특별시 강북구 수유동,중상사고,0,1,0,0,차대사람 - 횡단중,기타,건조,맑음,교차로 - 교차로부근,승용,남,69세,상해없음,보행자,여,82.0,중상,서울특별시 강북구
2022070600100120,2022년 7월 6일 09시,수요일,서울특별시 성북구 동소문동3가,중상사고,0,1,0,0,차대사람 - 횡단중,신호위반,건조,흐림,단일로 - 기타,승합,남,51세,상해없음,보행자,여,75.0,중상,서울특별시 성북구
2022070600100155,2022년 7월 6일 10시,수요일,서울특별시 서초구 방배동,경상사고,0,0,1,0,차대사람 - 보도통행중,기타,건조,맑음,단일로 - 기타,승용,여,40세,상해없음,보행자,여,71.0,경상,서울특별시 서초구
2022070600100515,2022년 7월 6일 21시,수요일,서울특별시 도봉구 창동,중상사고,0,1,0,0,차대사람 - 횡단중,안전운전불이행,젖음/습기,비,교차로 - 교차로부근,자전거,여,41세,상해없음,보행자,여,66.0,중상,서울특별시 도봉구
2022070700100030,2022년 7월 7일 03시,목요일,서울특별시 은평구 역촌동,경상사고,0,0,1,0,차대사람 - 기타,안전운전불이행,건조,맑음,기타 - 기타,승용,남,62세,상해없음,보행자,남,66.0,경상,서울특별시 은평구
2022070700100036,2022년 7월 7일 04시,목요일,서울특별시 강서구 등촌동,사망사고,1,0,0,0,차대사람 - 횡단중,기타,건조,맑음,교차로 - 교차로안,승용,남,60세,상해없음,보행자,여,68.0,사망,서울특별시 강서구
2022070700100067,2022년 7월 7일 07시,목요일,서울특별시 영등포구 당산동4가,중상사고,0,1,0,0,차대사람 - 횡단중,보행자보호의무위반,건조,맑음,교차로 - 교차로안,승용,여,35세,상해없음,보행자,여,84.0,중상,서울특별시 영등포구
2022070700100222,2022년 7월 7일 11시,목요일,서울특별시 동대문구 제기동,중상사고,0,1,0,0,차대사람 - 횡단중,신호위반,건조,맑음,교차로 - 교차로횡단보도내,이륜,남,52세,상해없음,보행자,여,69.0,중상,서울특별시 동대문구
2022070700100348,2022년 7월 7일 15시,목요일,서울특별시 강동구 암사동,중상사고,0,1,0,0,차대사람 - 횡단중,보행자보호의무위반,건조,맑음,교차로 - 교차로횡단보도내,승용,여,35세,기타불명,보행자,남,79.0,중상,서울특별시 강동구
2022070700100369,2022년 7월 7일 16시,목요일,서울특별시 동대문구 용두동,중상사고,0,1,0,0,차대사람 - 횡단중,보행자보호의무위반,건조,맑음,교차로 - 교차로횡단보도내,승용,여,39세,상해없음,보행자,남,70.0,중상,서울특별시 동대문구
2022070700100454,2022년 7월 7일 18시,목요일,서울특별시 종로구 내자동,중상사고,0,1,0,0,차대사람 - 횡단중,안전운전불이행,건조,맑음,단일로 - 기타,이륜,남,45세,상해없음,보행자,여,72.0,중상,서울특별시 종로구
2022070700100532,2022년 7월 7일 20시,목요일,서울특별시 관악구 봉천동,경상사고,0,0,1,0,차대사람 - 차도통행중,중앙선침범,젖음/습기,비,교차로 - 교차로부근,승용,남,59세,상해없음,보행자,남,72.0,경상,서울특별시 관악구
2022070700100533,2022년 7월 7일 20시,목요일,서울특별시 강서구 화곡동,중상사고,0,1,0,1,차대사람 - 기타,신호위반,젖음/습기,비,교차로 - 교차로횡단보도내,이륜,남,32세,부상신고,보행자,남,83.0,중상,서울특별시 강서구
2022070800100036,2022년 7월 8일 04시,금요일,서울특별시 강서구 등촌동,사망사고,1,0,0,0,차대사람 - 기타,안전운전불이행,젖음/습기,맑음,교차로 - 교차로횡단보도내,승용,남,60세,상해없음,보행자,여,81.0,사망,서울특별시 강서구
2022070800100050,2022년 7월 8일 07시,금요일,서울특별시 동대문구 답십리동,경상사고,0,0,1,0,차대사람 - 횡단중,보행자보호의무위반,젖음/습기,비,단일로 - 기타,화물,남,77세,상해없음,보행자,여,72.0,경상,서울특별시 동대문구
2022070800100055,2022년 7월 8일 07시,금요일,서울특별시 구로구 구로동,경상사고,0,0,1,0,차대사람 - 보도통행중,보행자보호의무위반,젖음/습기,비,교차로 - 교차로횡단보도내,승용,여,45세,기타불명,보행자,남,68.0,경상,서울특별시 구로구
2022070800100188,2022년 7월 8일 11시,금요일,서울특별시 강북구 수유동,중상사고,0,1,0,0,차대사람 - 길가장자리구역통행중,안전운전불이행,건조,맑음,교차로 - 교차로부근,승용,여,54세,기타불명,보행자,여,68.0,중상,서울특별시 강북구
2022070800100289,2022년 7월 8일 14시,금요일,서울특별시 강서구 등촌동,중상사고,0,1,0,0,차대사람 - 기타,안전운전불이행,건조,맑음,단일로 - 기타,화물,남,52세,상해없음,보행자,여,89.0,중상,서울특별시 강서구
2022070800100356,2022년 7월 8일 16시,금요일,서울특별시 구로구 오류동,경상사고,0,0,1,0,차대사람 - 보도통행중,기타,건조,맑음,기타 - 기타,자전거,남,22세,상해없음,보행자,여,69.0,경상,서울특별시 구로구
2022070800100449,2022년 7월 8일 18시,금요일,서울특별시 강남구 역삼동,중상사고,0,1,0,0,차대사람 - 기타,안전운전불이행,건조,맑음,단일로 - 기타,승용,남,41세,상해없음,보행자,남,65.0,중상,서울특별시 강남구
2022070800100528,2022년 7월 8일 20시,금요일,서울특별시 강남구 청담동,경상사고,0,0,1,0,차대사람 - 횡단중,보행자보호의무위반,건조,맑음,교차로 - 교차로횡단보도내,승용,남,61세,상해없음,보행자,여,72.0,경상,서울특별시 강남구
2022070900100136,2022년 7월 9일 10시,토요일,서울특별시 서대문구 남가좌동,중상사고,0,1,0,0,차대사람 - 횡단중,안전운전불이행,건조,맑음,교차로 - 교차로횡단보도내,이륜,남,52세,상해없음,보행자,여,78.0,중상,서울특별시 서대문구
2022070900100272,2022년 7월 9일 14시,토요일,서울특별시 중랑구 중화동,중상사고,0,1,0,0,차대사람 - 횡단중,보행자보호의무위반,건조,맑음,교차로 - 교차로안,승용,남,75세,상해없음,보행자,여,67.0,중상,서울특별시 중랑구
2022070900100313,2022년 7월 9일 15시,토요일,서울특별시 강남구 신사동,경상사고,0,0,1,0,차대사람 - 횡단중,안전운전불이행,건조,맑음,단일로 - 기타,승용,남,60세,상해없음,보행자,남,77.0,경상,서울특별시 강남구
2022070900100349,2022년 7월 9일 16시,토요일,서울특별시 성북구 돈암동,중상사고,0,1,0,0,차대사람 - 차도통행중,기타,건조,흐림,단일로 - 기타,이륜,남,44세,기타불명,보행자,여,74.0,중상,서울특별시 성북구
2022071000100044,2022년 7월 10일 03시,일요일,서울특별시 광진구 화양동,경상사고,0,0,1,0,차대사람 - 기타,안전운전불이행,건조,맑음,기타 - 기타,승용,남,21세,상해없음,보행자,남,65.0,경상,서울특별시 광진구
2022071000100191,2022년 7월 10일 13시,일요일,서울특별시 동대문구 신설동,경상사고,0,0,1,0,차대사람 - 차도통행중,보행자보호의무위반,건조,맑음,단일로 - 기타,승용,남,25세,상해없음,보행자,남,68.0,경상,서울특별시 동대문구
2022071000100223,2022년 7월 10일 14시,일요일,서울특별시 구로구 구로동,중상사고,0,1,0,0,차대사람 - 횡단중,신호위반,건조,맑음,교차로 - 교차로횡단보도내,개인형이동수단(PM),남,37세,상해없음,보행자,남,72.0,중상,서울특별시 구로구
2022071000100281,2022년 7월 10일 16시,일요일,서울특별시 은평구 증산동,경상사고,0,0,1,0,차대사람 - 기타,안전운전불이행,건조,맑음,단일로 - 기타,승용,남,31세,상해없음,보행자,남,65.0,경상,서울특별시 은평구
2022071000100389,2022년 7월 10일 21시,일요일,서울특별시 강북구 수유동,경상사고,0,0,1,0,차대사람 - 기타,안전운전불이행,건조,맑음,단일로 - 기타,승용,남,55세,상해없음,보행자,여,70.0,경상,서울특별시 강북구
2022071100100043,2022년 7월 11일 07시,월요일,서울특별시 동대문구 전농동,경상사고,0,0,1,0,차대사람 - 보도통행중,기타,건조,맑음,단일로 - 기타,자전거,남,79세,상해없음,보행자,여,65.0,경상,서울특별시 동대문구
2022071100100220,2022년 7월 11일 12시,월요일,서울특별시 관악구 봉천동,중상사고,0,1,0,0,차대사람 - 기타,기타,건조,맑음,단일로 - 기타,승합,남,40세,상해없음,보행자,여,68.0,중상,서울특별시 관악구
2022071100100222,2022년 7월 11일 12시,월요일,서울특별시 송파구 풍납동,중상사고,0,1,0,0,차대사람 - 횡단중,보행자보호의무위반,건조,맑음,교차로 - 교차로횡단보도내,승용,남,66세,상해없음,보행자,남,65.0,중상,서울특별시 송파구
2022071100100304,2022년 7월 11일 14시,월요일,서울특별시 서대문구 홍은동,경상사고,0,0,1,0,차대사람 - 기타,기타,젖음/습기,비,단일로 - 기타,승용,여,36세,상해없음,보행자,남,75.0,경상,서울특별시 서대문구
2022071100100517,2022년 7월 11일 19시,월요일,서울특별시 송파구 마천동,중상사고,0,1,0,0,차대사람 - 기타,안전운전불이행,젖음/습기,흐림,주차장 - 주차장,승용,여,54세,상해없음,보행자,여,75.0,중상,서울특별시 송파구
2022071100100540,2022년 7월 11일 20시,월요일,서울특별시 중랑구 중화동,경상사고,0,0,1,0,차대사람 - 기타,안전운전불이행,건조,맑음,교차로 - 교차로부근,화물,남,58세,상해없음,보행자,여,71.0,경상,서울특별시 중랑구
2022071200100114,2022년 7월 12일 09시,화요일,서울특별시 영등포구 여의도동,중상사고,0,1,0,0,차대사람 - 기타,안전운전불이행,건조,맑음,교차로 - 교차로안,승용,남,54세,상해없음,보행자,여,79.0,중상,서울특별시 영등포구
2022071200100117,2022년 7월 12일 09시,화요일,서울특별시 강서구 방화동,경상사고,0,0,1,0,차대사람 - 기타,안전거리미확보,건조,맑음,단일로 - 기타,승용,여,26세,상해없음,보행자,여,79.0,경상,서울특별시 강서구
2022071200100175,2022년 7월 12일 11시,화요일,서울특별시 서초구 양재동,경상사고,0,0,1,0,차대사람 - 차도통행중,안전운전불이행,건조,맑음,단일로 - 기타,화물,남,33세,상해없음,보행자,여,65.0,경상,서울특별시 서초구
2022071200100243,2022년 7월 12일 14시,화요일,서울특별시 종로구 장사동,경상사고,0,0,1,0,차대사람 - 기타,안전운전불이행,건조,맑음,주차장 - 주차장,승용,남,67세,상해없음,보행자,남,65.0,경상,서울특별시 종로구
2022071200100310,2022년 7월 12일 16시,화요일,서울특별시 은평구 역촌동,중상사고,0,1,2,0,차대사람 - 기타,안전운전불이행,건조,맑음,단일로 - 기타,승용,남,49세,경상,보행자,남,87.0,중상,서울특별시 은평구
2022071200100383,2022년 7월 12일 18시,화요일,서울특별시 중랑구 상봉동,경상사고,0,0,1,0,차대사람 - 보도통행중,교차로운행방법위반,건조,맑음,교차로 - 교차로부근,승용,남,64세,상해없음,보행자,여,69.0,경상,서울특별시 중랑구
2022071200100426,2022년 7월 12일 19시,화요일,서울특별시 영등포구 영등포동7가,중상사고,0,1,0,0,차대사람 - 횡단중,안전운전불이행,건조,맑음,단일로 - 기타,승용,남,29세,상해없음,보행자,여,87.0,중상,서울특별시 영등포구
2022071200100428,2022년 7월 12일 19시,화요일,서울특별시 양천구 신정동,경상사고,0,0,1,0,차대사람 - 기타,안전운전불이행,건조,맑음,교차로 - 교차로안,승용,남,34세,상해없음,보행자,여,83.0,경상,서울특별시 양천구
2022071200100509,2022년 7월 12일 23시,화요일,서울특별시 동작구 상도동,중상사고,0,1,0,0,차대사람 - 횡단중,안전운전불이행,건조,맑음,교차로 - 교차로횡단보도내,승용,남,76세,상해없음,보행자,남,65.0,중상,서울특별시 동작구
2022071300100023,2022년 7월 13일 04시,수요일,서울특별시 강동구 천호동,중상사고,0,1,0,0,차대사람 - 횡단중,기타,젖음/습기,비,교차로 - 교차로안,승용,남,67세,상해없음,보행자,여,80.0,중상,서울특별시 강동구
2022071300100247,2022년 7월 13일 14시,수요일,서울특별시 중구 신당동,중상사고,0,1,0,0,차대사람 - 기타,보행자보호의무위반,젖음/습기,비,단일로 - 기타,화물,남,77세,상해없음,보행자,여,74.0,중상,서울특별시 중구
2022071300100248,2022년 7월 13일 14시,수요일,서울특별시 영등포구 당산동4가,중상사고,0,1,0,0,차대사람 - 기타,안전운전불이행,젖음/습기,비,교차로 - 교차로부근,승용,남,49세,상해없음,보행자,여,74.0,중상,서울특별시 영등포구
2022071300100276,2022년 7월 13일 15시,수요일,서울특별시 강서구 내발산동,중상사고,0,1,0,0,차대사람 - 기타,안전운전불이행,젖음/습기,비,단일로 - 기타,승합,남,70세,상해없음,보행자,여,67.0,중상,서울특별시 강서구
2022071300100507,2022년 7월 13일 21시,수요일,서울특별시 중랑구 면목동,경상사고,0,0,1,0,차대사람 - 기타,안전운전불이행,젖음/습기,비,기타 - 기타,자전거,남,24세,상해없음,보행자,남,67.0,경상,서울특별시 중랑구
2022071300100558,2022년 7월 13일 23시,수요일,서울특별시 성북구 동선동1가,중상사고,0,1,0,0,차대사람 - 기타,안전거리미확보,건조,맑음,단일로 - 기타,승합,남,62세,상해없음,보행자,남,69.0,중상,서울특별시 성북구
2022071400100044,2022년 7월 14일 04시,목요일,서울특별시 동작구 상도동,중상사고,0,1,0,0,차대사람 - 기타,기타,젖음/습기,비,단일로 - 기타,승용,남,73세,상해없음,보행자,남,70.0,중상,서울특별시 동작구
2022071400100045,2022년 7월 14일 04시,목요일,서울특별시 강동구 천호동,중상사고,0,1,0,0,차대사람 - 기타,안전운전불이행,건조,맑음,단일로 - 기타,화물,남,25세,상해없음,보행자,남,65.0,중상,서울특별시 강동구
2022071400100101,2022년 7월 14일 08시,목요일,서울특별시 동대문구 답십리동,중상사고,0,1,0,0,차대사람 - 기타,신호위반,건조,맑음,교차로 - 교차로안,승용,여,50세,상해없음,보행자,여,75.0,중상,서울특별시 동대문구
2022071400100104,2022년 7월 14일 08시,목요일,서울특별시 노원구 상계동,경상사고,0,0,1,0,차대사람 - 기타,안전운전불이행,젖음/습기,흐림,단일로 - 기타,자전거,여,49세,상해없음,보행자,여,91.0,경상,서울특별시 노원구
2022071400100213,2022년 7월 14일 11시,목요일,서울특별시 강동구 명일동,경상사고,0,0,1,0,차대사람 - 횡단중,보행자보호의무위반,건조,맑음,교차로 - 교차로횡단보도내,승합,남,58세,상해없음,보행자,남,83.0,경상,서울특별시 강동구
2022071400100268,2022년 7월 14일 13시,목요일,서울특별시 성동구 사근동,경상사고,0,0,1,0,차대사람 - 횡단중,안전운전불이행,건조,맑음,단일로 - 교량,자전거,남,62세,상해없음,보행자,남,68.0,경상,서울특별시 성동구
2022071400100291,2022년 7월 14일 14시,목요일,서울특별시 종로구 가회동,중상사고,0,1,0,0,차대사람 - 횡단중,안전운전불이행,건조,맑음,단일로 - 기타,승용,남,49세,상해없음,보행자,남,79.0,중상,서울특별시 종로구