사고번호,사고일시,요일,시군구,사고내용,사망자수,중상자수,경상자수,부상신고자수,사고유형,법규위반,노면상태,기상상태,도로형태,가해운전자 차종,가해운전자 성별,가해운전자 연령,가해운전자 상해정도,피해운전자 차종,피해운전자 성별,피해운전자 연령,피해운전자 상해정도,구
2022080400100154,2022년 8월 4일 11시,목요일,서울특별시 동대문구 휘경동,중상사고,0,1,0,0,차대사람 - 기타,안전운전불이행,건조,맑음,단일로 - 기타,승용,여,31세,상해없음,보행자,여,78.0,중상,서울특별시 동대문구
2022080400100257,2022년 8월 4일 14시,목요일,서울특별시 송파구 잠실동,중상사고,0,1,0,0,차대사람 - 기타,안전운전불이행,건조,맑음,교차로 - 교차로안,화물,남,43세,상해없음,보행자,남,65.0,중상,서울특별시 송파구
2022080400100299,2022년 8월 4일 15시,목요일,서울특별시 성동구 행당동,부상신고사고,0,0,0,1,차대사람 - 기타,안전운전불이행,건조,맑음,단일로 - 기타,승용,여,19세,상해없음,보행자,여,85.0,부상신고,서울특별시 성동구
2022080400100408,2022년 8월 4일 18시,목요일,서울특별시 성북구 하월곡동,경상사고,0,0,1,0,차대사람 - 기타,보행자보호의무위반,건조,맑음,단일로 - 기타,승용,남,66세,상해없음,보행자,남,65.0,경상,서울특별시 성북구
2022080400100515,2022년 8월 4일 22시,목요일,서울특별시 동대문구 장안동,중상사고,0,1,0,0,차대사람 - 횡단중,안전운전불이행,건조,맑음,단일로 - 기타,승용,남,54세,상해없음,보행자,남,73.0,중상,서울특별시 동대문구
2022080600100043,2022년 8월 6일 05시,토요일,서울특별시 영등포구 영등포동1가,부상신고사고,0,0,0,1,차대사람 - 기타,안전운전불이행,건조,맑음,교차로 - 교차로부근,승용,남,75세,기타불명,보행자,남,67.0,부상신고,서울특별시 영등포구
2022080600100044,2022년 8월 6일 05시,토요일,서울특별시 관악구 신림동,경상사고,0,0,1,0,차대사람 - 횡단중,안전운전불이행,건조,맑음,기타 - 기타,이륜,기타불명,미분류,기타불명,보행자,남,77.0,경상,서울특별시 관악구
2022080600100093,2022년 8월 6일 09시,토요일,서울특별시 도봉구 쌍문동,경상사고,0,0,1,0,차대사람 - 길가장자리구역통행중,안전운전불이행,건조,흐림,교차로 - 교차로부근,승용,남,27세,상해없음,보행자,여,73.0,경상,서울특별시 도봉구
2022080600100212,2022년 8월 6일 13시,토요일,서울특별시 동대문구 전농동,경상사고,0,0,1,0,차대사람 - 횡단중,보행자보호의무위반,건조,맑음,교차로 - 교차로횡단보도내,승용,남,66세,상해없음,보행자,여,73.0,경상,서울특별시 동대문구
2022080700100174,2022년 8월 7일 14시,일요일,서울특별시 양천구 신월동,경상사고,0,0,2,0,차대사람 - 기타,안전운전불이행,젖음/습기,비,교차로 - 교차로안,승용,남,71세,경상,보행자,남,81.0,경상,서울특별시 양천구
2022080700100370,2022년 8월 7일 23시,일요일,서울특별시 동대문구 장안동,경상사고,0,0,1,0,차대사람 - 보도통행중,안전운전불이행,젖음/습기,맑음,단일로 - 기타,승용,남,56세,상해없음,보행자,남,68.0,경상,서울특별시 동대문구
2022080800100149,2022년 8월 8일 11시,월요일,서울특별시 도봉구 도봉동,중상사고,0,1,0,0,차대사람 - 차도통행중,안전운전불이행,젖음/습기,비,단일로 - 기타,승용,남,69세,상해없음,보행자,여,75.0,중상,서울특별시 도봉구
2022080800100174,2022년 8월 8일 12시,월요일,서울특별시 동대문구 전농동,중상사고,0,1,0,0,차대사람 - 기타,기타,건조,맑음,단일로 - 기타,승합,남,50세,상해없음,보행자,여,76.0,중상,서울특별시 동대문구
2022080800100179,2022년 8월 8일 12시,월요일,서울특별시 양천구 신정동,중상사고,0,1,0,0,차대사람 - 기타,안전운전불이행,젖음/습기,비,단일로 - 기타,승합,남,55세,상해없음,보행자,여,79.0,중상,서울특별시 양천구
2022080800100268,2022년 8월 8일 15시,월요일,서울특별시 영등포구 대림동,중상사고,0,1,0,0,차대사람 - 보도통행중,보행자보호의무위반,젖음/습기,비,교차로 - 교차로안,화물,남,63세,상해없음,보행자,여,65.0,중상,서울특별시 영등포구
2022080800100271,2022년 8월 8일 15시,월요일,서울특별시 양천구 신정동,중상사고,0,1,0,0,차대사람 - 차도통행중,안전운전불이행,젖음/습기,비,교차로 - 교차로안,승용,여,63세,상해없음,보행자,여,81.0,중상,서울특별시 양천구
2022080800100308,2022년 8월 8일 16시,월요일,서울특별시 중랑구 중화동,중상사고,0,1,0,0,차대사람 - 보도통행중,기타,젖음/습기,비,단일로 - 기타,승용,남,76세,상해없음,보행자,여,65.0,중상,서울특별시 중랑구
2022080800100553,2022년 8월 8일 23시,월요일,서울특별시 성북구 종암동,중상사고,0,1,1,0,차대사람 - 길가장자리구역통행중,안전운전불이행,젖음/습기,비,단일로 - 기타,승용,남,81세,상해없음,보행자,여,69.0,중상,서울특별시 성북구
2022080900100094,2022년 8월 9일 09시,화요일,서울특별시 구로구 구로동,경상사고,0,0,1,0,차대사람 - 횡단중,안전운전불이행,젖음/습기,비,교차로 - 교차로횡단보도내,화물,남,66세,상해없음,보행자,여,71.0,경상,서울특별시 구로구
2022080900100179,2022년 8월 9일 12시,화요일,서울특별시 동작구 대방동,경상사고,0,0,1,0,차대사람 - 횡단중,보행자보호의무위반,젖음/습기,비,교차로 - 교차로안,승합,남,54세,상해없음,보행자,여,71.0,경상,서울특별시 동작구
2022081000100044,2022년 8월 10일 06시,수요일,서울특별시 구로구 오류동,중상사고,0,1,0,0,차대사람 - 횡단중,안전운전불이행,건조,맑음,교차로 - 교차로횡단보도내,승용,남,55세,상해없음,보행자,여,72.0,중상,서울특별시 구로구
2022081000100104,2022년 8월 10일 09시,수요일,서울특별시 광진구 자양동,중상사고,0,1,0,0,차대사람 - 횡단중,신호위반,건조,맑음,교차로 - 교차로안,승용,남,28세,상해없음,보행자,여,67.0,중상,서울특별시 광진구
2022081000100206,2022년 8월 10일 13시,수요일,서울특별시 성북구 종암동,경상사고,0,0,1,0,차대사람 - 횡단중,안전운전불이행,건조,맑음,단일로 - 기타,승용,남,69세,상해없음,보행자,여,79.0,경상,서울특별시 성북구
2022081100100030,2022년 8월 11일 04시,목요일,서울특별시 영등포구 문래동3가,중상사고,0,1,0,0,차대사람 - 차도통행중,안전운전불이행,젖음/습기,비,교차로 - 교차로안,이륜,남,30세,상해없음,보행자,남,68.0,중상,서울특별시 영등포구
2022081100100075,2022년 8월 11일 08시,목요일,서울특별시 강북구 미아동,중상사고,0,1,0,0,차대사람 - 횡단중,보행자보호의무위반,건조,맑음,교차로 - 교차로안,화물,남,43세,상해없음,보행자,남,71.0,중상,서울특별시 강북구
2022081100100162,2022년 8월 11일 12시,목요일,서울특별시 종로구 숭인동,중상사고,0,1,0,0,차대사람 - 기타,안전운전불이행,건조,맑음,단일로 - 기타,승용,남,74세,상해없음,보행자,남,81.0,중상,서울특별시 종로구
2022081100100289,2022년 8월 11일 16시,목요일,서울특별시 동대문구 답십리동,중상사고,0,1,0,0,차대사람 - 보도통행중,안전운전불이행,건조,맑음,기타 - 기타,자전거,남,11세,상해없음,보행자,여,81.0,중상,서울특별시 동대문구
2022081200100045,2022년 8월 12일 06시,금요일,서울특별시 노원구 상계동,중상사고,0,1,0,0,차대사람 - 차도통행중,안전운전불이행,건조,맑음,교차로 - 교차로부근,승용,여,59세,상해없음,보행자,남,74.0,중상,서울특별시 노원구
2022081200100113,2022년 8월 12일 09시,금요일,서울특별시 강서구 가양동,경상사고,0,0,1,0,차대사람 - 차도통행중,안전거리미확보,건조,맑음,단일로 - 기타,승용,여,61세,상해없음,보행자,여,67.0,경상,서울특별시 강서구
2022081200100115,2022년 8월 12일 09시,금요일,서울특별시 은평구 녹번동,중상사고,0,1,0,0,차대사람 - 기타,안전운전불이행,건조,맑음,기타 - 기타,승용,남,46세,상해없음,보행자,여,71.0,중상,서울특별시 은평구
2022081200100143,2022년 8월 12일 10시,금요일,서울특별시 동대문구 답십리동,중상사고,0,1,0,0,차대사람 - 기타,안전운전불이행,건조,맑음,단일로 - 기타,화물,남,62세,상해없음,보행자,여,66.0,중상,서울특별시 동대문구
2022081200100213,2022년 8월 12일 12시,금요일,서울특별시 중랑구 망우동,중상사고,0,1,0,0,차대사람 - 기타,안전운전불이행,건조,맑음,교차로 - 교차로안,승용,남,57세,상해없음,보행자,여,78.0,중상,서울특별시 중랑구
2022081200100291,2022년 8월 12일 14시,금요일,서울특별시 양천구 신월동,경상사고,0,0,1,0,차대사람 - 기타,기타,건조,맑음,기타 - 기타,개인형이동수단(PM),남,57세,상해없음,보행자,남,82.0,경상,서울특별시 양천구
2022081200100357,2022년 8월 12일 16시,금요일,서울특별시 동대문구 제기동,중상사고,0,1,0,0,차대사람 - 기타,안전운전불이행,건조,맑음,단일로 - 기타,자전거,남,28세,상해없음,보행자,남,78.0,중상,서울특별시 동대문구
2022081200100400,2022년 8월 12일 17시,금요일,서울특별시 도봉구 방학동,경상사고,0,0,1,1,차대사람 - 횡단중,신호위반,기타,맑음,교차로 - 교차로횡단보도내,개인형이동수단(PM),남,52세,부상신고,보행자,남,65.0,경상,서울특별시 도봉구
2022081200100497,2022년 8월 12일 19시,금요일,서울특별시 구로구 온수동,중상사고,0,1,0,0,차대사람 - 길가장자리구역통행중,안전운전불이행,젖음/습기,흐림,단일로 - 기타,화물,남,63세,상해없음,보행자,남,75.0,중상,서울특별시 구로구
2022081200100537,2022년 8월 12일 20시,금요일,서울특별시 금천구 시흥동,중상사고,0,1,0,0,차대사람 - 기타,기타,건조,맑음,단일로 - 기타,승합,남,55세,상해없음,보행자,여,79.0,중상,서울특별시 금천구
2022081300100113,2022년 8월 13일 10시,토요일,서울특별시 관악구 봉천동,중상사고,0,1,0,0,차대사람 - 차도통행중,안전운전불이행,건조,맑음,기타 - 기타,승용,남,68세,상해없음,보행자,여,89.0,중상,서울특별시 관악구
2022081300100137,2022년 8월 13일 11시,토요일,서울특별시 송파구 잠실동,경상사고,0,0,1,0,차대사람 - 차도통행중,안전운전불이행,건조,맑음,단일로 - 기타,승용,남,42세,상해없음,보행자,남,78.0,경상,서울특별시 송파구
2022081300100164,2022년 8월 13일 12시,토요일,서울특별시 동작구 신대방동,중상사고,0,1,0,0,차대사람 - 기타,안전운전불이행,젖음/습기,비,교차로 - 교차로안,승용,남,36세,상해없음,보행자,남,76.0,중상,서울특별시 동작구
2022081300100249,2022년 8월 13일 14시,토요일,서울특별시 강북구 미아동,부상신고사고,0,0,0,1,차대사람 - 기타,안전운전불이행,건조,맑음,교차로 - 교차로안,승용,남,40세,상해없음,보행자,여,79.0,부상신고,서울특별시 강북구
2022081300100284,2022년 8월 13일 15시,토요일,서울특별시 용산구 용산동1가,경상사고,0,0,1,0,차대사람 - 횡단중,안전운전불이행,건조,맑음,단일로 - 기타,승용,남,69세,상해없음,보행자,여,67.0,경상,서울특별시 용산구
2022081300100344,2022년 8월 13일 17시,토요일,서울특별시 중랑구 상봉동,중상사고,0,1,0,0,차대사람 - 기타,안전운전불이행,건조,맑음,교차로 - 교차로안,승용,남,32세,상해없음,보행자,여,71.0,중상,서울특별시 중랑구
2022081400100202,2022년 8월 14일 16시,일요일,서울특별시 동작구 사당동,경상사고,0,0,1,0,차대사람 - 차도통행중,안전운전불이행,건조,흐림,단일로 - 기타,승용,여,64세,상해없음,보행자,여,67.0,경상,서울특별시 동작구
2022081400100203,2022년 8월 14일 16시,일요일,서울특별시 강동구 암사동,중상사고,0,1,0,0,차대사람 - 보도통행중,기타,건조,맑음,단일로 - 기타,승용,남,26세,상해없음,보행자,여,66.0,중상,서울특별시 강동구
2022081400100311,2022년 8월 14일 20시,일요일,서울특별시 도봉구 방학동,경상사고,0,0,1,0,차대사람 - 횡단중,안전운전불이행,건조,맑음,교차로 - 교차로안,화물,남,59세,상해없음,보행자,여,72.0,경상,서울특별시 도봉구
2022081500100146,2022년 8월 15일 12시,월요일,서울특별시 양천구 신월동,경상사고,0,0,1,0,차대사람 - 기타,안전운전불이행,건조,맑음,기타 - 기타,기타불명,기타불명,미분류,기타불명,보행자,여,70.0,경상,서울특별시 양천구
2022081500100270,2022년 8월 15일 16시,월요일,서울특별시 은평구 신사동,중상사고,0,1,0,0,차대사람 - 횡단중,안전운전불이행,건조,맑음,교차로 - 교차로안,화물,남,56세,상해없음,보행자,남,72.0,중상,서울특별시 은평구
2022081600100071,2022년 8월 16일 08시,화요일,서울특별시 양천구 목동,경상사고,0,0,1,0,차대사람 - 보도통행중,기타,건조,맑음,단일로 - 기타,기타불명,기타불명,미분류,기타불명,보행자,여,81.0,경상,서울특별시 양천구
2022081600100100,2022년 8월 16일 09시,화요일,서울특별시 종로구 창신동,사망사고,1,0,0,0,차대사람 - 횡단중,안전운전불이행,건조,맑음,단일로 - 기타,화물,남,51세,상해없음,보행자,여,68.0,사망,서울특별시 종로구
2022081600100126,2022년 8월 16일 10시,화요일,서울특별시 동대문구 제기동,부상신고사고,0,0,0,1,차대사람 - 차도통행중,안전운전불이행,건조,맑음,단일로 - 기타,화물,남,77세,상해없음,보행자,남,66.0,부상신고,서울특별시 동대문구
2022081600100163,2022년 8월 16일 11시,화요일,서울특별시 구로구 궁동,경상사고,0,0,1,0,차대사람 - 횡단중,신호위반,건조,맑음,교차로 - 교차로횡단보도내,화물,남,74세,상해없음,보행자,남,77.0,경상,서울특별시 구로구
2022081600100200,2022년 8월 16일 12시,화요일,서울특별시 성북구 하월곡동,중상사고,0,1,0,0,차대사람 - 차도통행중,안전운전불이행,건조,맑음,단일로 - 기타,화물,남,45세,상해없음,보행자,여,72.0,중상,서울특별시 성북구
2022081600100235,2022년 8월 16일 13시,화요일,서울특별시 노원구 상계동,중상사고,0,1,0,0,차대사람 - 차도통행중,안전운전불이행,건조,맑음,단일로 - 기타,승용,남,41세,상해없음,보행자,여,67.0,중상,서울특별시 노원구
2022081600100425,2022년 8월 16일 18시,화요일,서울특별시 도봉구 창동,중상사고,0,1,0,0,차대사람 - 기타,안전운전불이행,건조,맑음,단일로 - 기타,승용,남,66세,상해없음,보행자,남,76.0,중상,서울특별시 도봉구
2022081700100050,2022년 8월 17일 06시,수요일,서울특별시 양천구 신월동,경상사고,0,0,1,0,차대사람 - 기타,안전운전불이행,건조,맑음,단일로 - 기타,화물,남,65세,상해없음,보행자,남,70.0,경상,서울특별시 양천구
2022081700100088,2022년 8월 17일 08시,수요일,서울특별시 강남구 논현동,경상사고,0,0,1,0,차대사람 - 보도통행중,안전운전불이행,건조,맑음,기타 - 기타,기타불명,기타불명,미분류,기타불명,보행자,남,82.0,경상,서울특별시 강남구
2022081700100125,2022년 8월 17일 09시,수요일,서울특별시 노원구 상계동,경상사고,0,0,1,0,차대사람 - 보도통행중,기타,건조,맑음,기타 - 기타,개인형이동수단(PM),여,45세,상해없음,보행자,여,65.0,경상,서울특별시 노원구
2022081700100152,2022년 8월 17일 10시,수요일,서울특별시 용산구 한강로2가,경상사고,0,0,1,0,차대사람 - 차도통행중,안전운전불이행,건조,맑음,기타 - 기타,승용,여,38세,상해없음,보행자,남,74.0,경상,서울특별시 용산구
2022081700100154,2022년 8월 17일 10시,수요일,서울특별시 성북구 삼선동5가,중상사고,0,1,0,0,차대사람 - 횡단중,신호위반,건조,맑음,교차로 - 교차로횡단보도내,승용,남,72세,상해없음,보행자,여,80.0,중상,서울특별시 성북구
2022081700100322,2022년 8월 17일 15시,수요일,서울특별시 관악구 신림동,중상사고,0,1,0,0,차대사람 - 횡단중,보행자보호의무위반,건조,맑음,교차로 - 교차로안,승용,여,60세,상해없음,보행자,남,74.0,중상,서울특별시 관악구
2022081700100395,2022년 8월 17일 17시,수요일,서울특별시 금천구 독산동,경상사고,0,0,1,0,차대사람 - 횡단중,보행자보호의무위반,건조,맑음,교차로 - 교차로횡단보도내,화물,남,54세,상해없음,보행자,남,65.0,경상,서울특별시 금천구
2022081700100542,2022년 8월 17일 20시,수요일,서울특별시 관악구 봉천동,중상사고,0,1,0,0,차대사람 - 횡단중,안전운전불이행,건조,맑음,단일로 - 기타,승용,남,27세,상해없음,보행자,여,77.0,중상,서울특별시 관악구
2022081800100055,2022년 8월 18일 07시,목요일,서울특별시 송파구 송파동,경상사고,0,0,1,0,차대사람 - 길가장자리구역통행중,안전운전불이행,건조,맑음,단일로 - 기타,승용,남,49세,상해없음,보행자,남,70.0,경상,서울특별시 송파구
2022081800100177,2022년 8월 18일 11시,목요일,서울특별시 송파구 마천동,경상사고,0,0,1,0,차대사람 - 차도통행중,안전운전불이행,건조,맑음,교차로 - 교차로안,승용,남,38세,상해없음,보행자,여,82.0,경상,서울특별시 송파구
2022081800100287,2022년 8월 18일 14시,목요일,서울특별시 송파구 석촌동,중상사고,0,1,0,0,차대사람 - 횡단중,보행자보호의무위반,건조,맑음,교차로 - 교차로횡단보도내,화물,남,52세,상해없음,보행자,여,76.0,중상,서울특별시 송파구
2022081900100150,2022년 8월 19일 10시,금요일,서울특별시 서초구 잠원동,중상사고,0,1,0,0,차대사람 - 기타,안전운전불이행,건조,맑음,교차로 - 교차로부근,승용,남,54세,상해없음,보행자,여,66.0,중상,서울특별시 서초구
2022081900100192,2022년 8월 19일 11시,금요일,서울특별시 노원구 월계동,경상사고,0,0,1,0,차대사람 - 횡단중,안전운전불이행,건조,맑음,교차로 - 교차로부근,승용,여,41세,상해없음,보행자,여,78.0,경상,서울특별시 노원구
2022082000100080,2022년 8월 20일 07시,토요일,서울특별시 중랑구 상봉동,경상사고,0,0,1,0,차대사람 - 횡단중,보행자보호의무위반,건조,맑음,교차로 - 교차로횡단보도내,승용,남,61세,상해없음,보행자,남,67.0,경상,서울특별시 중랑구
2022082000100095,2022년 8월 20일 08시,토요일,서울특별시 노원구 공릉동,경상사고,0,0,1,0,차대사람 - 기타,안전운전불이행,건조,맑음,교차로 - 교차로부근,화물,남,62세,상해없음,보행자,남,67.0,경상,서울특별시 노원구
2022082000100423,2022년 8월 20일 17시,토요일,서울특별시 영등포구 신길동,중상사고,0,1,0,0,차대사람 - 길가장자리구역통행중,안전운전불이행,건조,맑음,단일로 - 기타,승용,남,29세,상해없음,보행자,여,65.0,중상,서울특별시 영등포구
2022082100100045,2022년 8월 21일 04시,일요일,서울특별시 강서구 등촌동,경상사고,0,0,1,0,차대사람 - 기타,안전운전불이행,건조,맑음,단일로 - 기타,승용,남,37세,상해없음,보행자,남,67.0,경상,서울특별시 강서구
2022082100100057,2022년 8월 21일 06시,일요일,서울특별시 동대문구 전농동,중상사고,0,1,0,0,차대사람 - 기타,안전운전불이행,건조,맑음,교차로 - 교차로부근,이륜,남,59세,상해없음,보행자,여,72.0,중상,서울특별시 동대문구
2022082100100265,2022년 8월 21일 16시,일요일,서울특별시 동작구 노량진동,중상사고,0,1,0,0,차대사람 - 기타,안전운전불이행,건조,맑음,단일로 - 기타,개인형이동수단(PM),남,13세,상해없음,보행자,남,83.0,중상,서울특별시 동작구
2022082200100019,2022년 8월 22일 05시,월요일,서울특별시 광진구 자양동,경상사고,0,0,1,0,차대사람 - 기타,안전운전불이행,건조,맑음,단일로 - 기타,기타불명,기타불명,미분류,기타불명,보행자,여,74.0,경상,서울특별시 광진구
2022082200100438,2022년 8월 22일 19시,월요일,서울특별시 강북구 번동,중상사고,0,1,0,0,차대사람 - 기타,직진우회전진행방해,건조,맑음,교차로 - 교차로부근,승용,남,22세,상해없음,보행자,여,78.0,중상,서울특별시 강북구
2022082200100515,2022년 8월 22일 22시,월요일,서울특별시 종로구 연건동,경상사고,0,0,2,0,차대사람 - 횡단중,안전운전불이행,젖음/습기,비,교차로 - 교차로횡단보도내,이륜,남,23세,경상,보행자,남,65.0,경상,서울특별시 종로구
2022082300100148,2022년 8월 23일 10시,화요일,서울특별시 금천구 독산동,중상사고,0,1,0,0,차대사람 - 횡단중,안전운전불이행,건조,맑음,단일로 - 기타,승용,남,26세,상해없음,보행자,여,78.0,중상,서울특별시 금천구
2022082300100279,2022년 8월 23일 14시,화요일,서울특별시 강북구 번동,부상신고사고,0,0,0,1,차대사람 - 기타,안전운전불이행,건조,맑음,단일로 - 기타,승합,남,57세,상해없음,보행자,여,67.0,부상신고,서울특별시 강북구
2022082300100404,2022년 8월 23일 17시,화요일,서울특별시 도봉구 창동,중상사고,0,1,0,0,차대사람 - 횡단중,신호위반,건조,맑음,단일로 - 기타,승용,남,66세,상해없음,보행자,여,65.0,중상,서울특별시 도봉구
2022082400100088,2022년 8월 24일 08시,수요일,서울특별시 구로구 개봉동,중상사고,0,1,0,0,차대사람 - 횡단중,안전운전불이행,건조,맑음,교차로 - 교차로안,승용,여,26세,상해없음,보행자,여,67.0,중상,서울특별시 구로구
2022082400100169,2022년 8월 24일 10시,수요일,서울특별시 강서구 화곡동,경상사고,0,0,1,0,차대사람 - 기타,기타,건조,맑음,교차로 - 교차로부근,화물,남,66세,기타불명,보행자,여,70.0,경상,서울특별시 강서구
2022082400100301,2022년 8월 24일 14시,수요일,서울특별시 중구 을지로6가,중상사고,0,1,0,0,차대사람 - 기타,안전운전불이행,건조,맑음,교차로 - 교차로안,승합,남,53세,상해없음,보행자,여,74.0,중상,서울특별시 중구
2022082400100302,2022년 8월 24일 14시,수요일,서울특별시 은평구 구산동,부상신고사고,0,0,0,1,차대사람 - 차도통행중,안전운전불이행,건조,맑음,단일로 - 기타,건설기계,남,52세,상해없음,보행자,여,83.0,부상신고,서울특별시 은평구
2022082400100307,2022년 8월 24일 14시,수요일,서울특별시 도봉구 창동,경상사고,0,0,1,0,차대사람 - 기타,안전운전불이행,건조,맑음,단일로 - 기타,이륜,남,54세,상해없음,보행자,남,67.0,경상,서울특별시 도봉구
2022082400100330,2022년 8월 24일 15시,수요일,서울특별시 성동구 성수동1가,경상사고,0,0,1,0,차대사람 - 횡단중,안전운전불이행,건조,맑음,단일로 - 기타,화물,남,43세,상해없음,보행자,남,78.0,경상,서울특별시 성동구
2022082400100332,2022년 8월 24일 15시,수요일,서울특별시 송파구 문정동,경상사고,0,0,1,0,차대사람 - 보도통행중,기타,건조,맑음,교차로 - 교차로부근,개인형이동수단(PM),여,15세,상해없음,보행자,여,79.0,경상,서울특별시 송파구
2022082400100530,2022년 8월 24일 20시,수요일,서울특별시 동작구 상도동,경상사고,0,0,1,0,차대사람 - 기타,안전운전불이행,건조,맑음,단일로 - 기타,승용,여,39세,상해없음,보행자,여,77.0,경상,서울특별시 동작구
2022082500100055,2022년 8월 25일 07시,목요일,서울특별시 노원구 상계동,중상사고,0,1,0,0,차대사람 - 횡단중,안전운전불이행,건조,맑음,교차로 - 교차로부근,승용,여,35세,상해없음,보행자,남,76.0,중상,서울특별시 노원구
2022082500100107,2022년 8월 25일 09시,목요일,서울특별시 동대문구 답십리동,중상사고,0,1,0,0,차대사람 - 횡단중,안전운전불이행,건조,맑음,단일로 - 기타,승용,여,40세,상해없음,보행자,여,75.0,중상,서울특별시 동대문구
2022082500100201,2022년 8월 25일 12시,목요일,서울특별시 동작구 상도동,경상사고,0,0,1,0,차대사람 - 기타,기타,젖음/습기,흐림,교차로 - 교차로부근,승용,남,74세,상해없음,보행자,여,71.0,경상,서울특별시 동작구
2022082500100239,2022년 8월 25일 13시,목요일,서울특별시 구로구 오류동,경상사고,0,0,1,0,차대사람 - 횡단중,안전운전불이행,젖음/습기,비,교차로 - 교차로안,승용,남,82세,상해없음,보행자,여,70.0,경상,서울특별시 구로구
2022082500100276,2022년 8월 25일 14시,목요일,서울특별시 중랑구 면목동,중상사고,0,1,0,0,차대사람 - 기타,안전운전불이행,젖음/습기,비,교차로 - 교차로안,화물,남,56세,상해없음,보행자,여,69.0,중상,서울특별시 중랑구
2022082500100278,2022년 8월 25일 14시,목요일,서울특별시 강남구 논현동,중상사고,0,1,0,0,차대사람 - 보도통행중,안전운전불이행,건조,맑음,교차로 - 교차로횡단보도내,승용,남,30세,기타불명,보행자,여,81.0,중상,서울특별시 강남구
2022082600100251,2022년 8월 26일 13시,금요일,서울특별시 송파구 삼전동,중상사고,0,1,0,0,차대사람 - 기타,안전운전불이행,건조,맑음,교차로 - 교차로안,승용,남,53세,상해없음,보행자,여,86.0,중상,서울특별시 송파구
2022082600100456,2022년 8월 26일 18시,금요일,서울특별시 강북구 번동,경상사고,0,0,1,0,차대사람 - 기타,안전운전불이행,건조,맑음,단일로 - 기타,승합,남,65세,상해없음,보행자,남,65.0,경상,서울특별시 강북구
2022082600100461,2022년 8월 26일 18시,금요일,서울특별시 중랑구 신내동,중상사고,0,1,0,0,차대사람 - 기타,안전운전불이행,건조,맑음,교차로 - 교차로안,승합,남,61세,상해없음,보행자,여,68.0,중상,서울특별시 중랑구
2022082600100463,2022년 8월 26일 18시,금요일,서울특별시 강남구 신사동,경상사고,0,0,1,0,차대사람 - 기타,안전운전불이행,건조,맑음,단일로 - 기타,승용,남,68세,상해없음,보행자,남,65.0,경상,서울특별시 강남구
2022082700100320,2022년 8월 27일 14시,토요일,서울특별시 동작구 사당동,경상사고,0,0,1,0,차대사람 - 기타,안전운전불이행,건조,맑음,교차로 - 교차로부근,승합,남,50세,상해없음,보행자,남,72.0,경상,서울특별시 동작구
2022082700100489,2022년 8월 27일 18시,토요일,서울특별시 성북구 장위동,부상신고사고,0,0,0,1,차대사람 - 기타,안전운전불이행,건조,맑음,단일로 - 기타,승용,남,66세,상해없음,보행자,남,69.0,부상신고,서울특별시 성북구
2022082800100046,2022년 8월 28일 05시,일요일,서울특별시 마포구 현석동,경상사고,0,0,1,0,차대사람 - 횡단중,안전운전불이행,건조,맑음,단일로 - 기타,승용,여,38세,상해없음,보행자,남,73.0,경상,서울특별시 마포구
2022082800100084,2022년 8월 28일 09시,일요일,서울특별시 강동구 천호동,경상사고,0,0,1,0,차대사람 - 차도통행중,안전운전불이행,건조,맑음,교차로 - 교차로부근,승용,남,80세,상해없음,보행자,남,88.0,경상,서울특별시 강동구
2022082800100167,2022년 8월 28일 12시,일요일,서울특별시 노원구 하계동,경상사고,0,0,1,0,차대사람 - 기타,안전운전불이행,건조,맑음,기타 - 기타,승용,남,66세,상해없음,보행자,남,79.0,경상,서울특별시 노원구
2022082800100235,2022년 8월 28일 14시,일요일,서울특별시 동대문구 용두동,중상사고,0,1,0,0,차대사람 - 횡단중,안전운전불이행,건조,맑음,교차로 - 교차로횡단보도내,승용,남,54세,상해없음,보행자,남,87.0,중상,서울특별시 동대문구
2022082800100335,2022년 8월 28일 17시,일요일,서울특별시 성북구 정릉동,중상사고,0,1,0,0,차대사람 - 기타,안전운전불이행,건조,맑음,단일로 - 기타,승용,남,69세,상해없음,보행자,여,71.0,중상,서울특별시 성북구
2022082900100025,2022년 8월 29일 05시,월요일,서울특별시 강동구 성내동,사망사고,1,0,0,0,차대사람 - 횡단중,기타,젖음/습기,비,교차로 - 교차로횡단보도내,승용,남,39세,상해없음,보행자,남,84.0,사망,서울특별시 강동구
2022082900100136,2022년 8월 29일 09시,월요일,서울특별시 양천구 목동,경상사고,0,0,1,0,차대사람 - 기타,안전운전불이행,건조,맑음,교차로 - 교차로부근,승합,남,60세,상해없음,보행자,여,92.0,경상,서울특별시 양천구
2022082900100190,2022년 8월 29일 11시,월요일,서울특별시 강서구 방화동,부상신고사고,0,0,0,1,차대사람 - 횡단중,보행자보호의무위반,젖음/습기,비,교차로 - 교차로부근,이륜,남,56세,상해없음,보행자,여,65.0,부상신고,서울특별시 강서구
2022082900100304,2022년 8월 29일 14시,월요일,서울특별시 송파구 잠실동,경상사고,0,0,1,0,차대사람 - 기타,안전운전불이행,젖음/습기,비,기타 - 기타,승용,남,32세,상해없음,보행자,여,78.0,경상,서울특별시 송파구