사고번호,사고일시,요일,시군구,사고내용,사망자수,중상자수,경상자수,부상신고자수,사고유형,법규위반,노면상태,기상상태,도로형태,가해운전자 차종,가해운전자 성별,가해운전자 연령,가해운전자 상해정도,피해운전자 차종,피해운전자 성별,피해운전자 연령,피해운전자 상해정도,구
2022092000100335,2022년 9월 20일 15시,화요일,서울특별시 은평구 진관동,중상사고,0,1,0,0,차대사람 - 보도통행중,안전운전불이행,건조,맑음,기타 - 기타,자전거,남,55세,상해없음,보행자,여,80.0,중상,서울특별시 은평구
2022092000100551,2022년 9월 20일 20시,화요일,서울특별시 마포구 아현동,중상사고,0,1,1,0,차대사람 - 횡단중,안전운전불이행,건조,맑음,교차로 - 교차로횡단보도내,이륜,남,24세,경상,보행자,남,69.0,중상,서울특별시 마포구
2022092100100025,2022년 9월 21일 05시,수요일,서울특별시 송파구 풍납동,중상사고,0,1,0,0,차대사람 - 횡단중,보행자보호의무위반,건조,맑음,교차로 - 교차로안,승합,남,61세,상해없음,보행자,남,81.0,중상,서울특별시 송파구
2022092100100035,2022년 9월 21일 06시,수요일,서울특별시 서초구 잠원동,중상사고,0,1,0,0,차대사람 - 기타,안전운전불이행,건조,맑음,기타 - 기타,자전거,남,36세,기타불명,보행자,여,69.0,중상,서울특별시 서초구
2022092100100075,2022년 9월 21일 08시,수요일,서울특별시 송파구 삼전동,중상사고,0,1,0,0,차대사람 - 횡단중,안전운전불이행,건조,맑음,단일로 - 기타,승용,남,33세,상해없음,보행자,여,73.0,중상,서울특별시 송파구
2022092100100079,2022년 9월 21일 08시,수요일,서울특별시 양천구 신월동,경상사고,0,0,1,0,차대사람 - 횡단중,보행자보호의무위반,건조,맑음,교차로 - 교차로부근,승합,여,49세,상해없음,보행자,여,75.0,경상,서울특별시 양천구
2022092100100507,2022년 9월 21일 18시,수요일,서울특별시 노원구 월계동,경상사고,0,0,1,0,차대사람 - 기타,안전운전불이행,건조,맑음,교차로 - 교차로부근,승용,여,28세,상해없음,보행자,여,66.0,경상,서울특별시 노원구
2022092100100620,2022년 9월 21일 21시,수요일,서울특별시 양천구 신정동,경상사고,0,0,2,0,차대사람 - 횡단중,신호위반,건조,맑음,기타 - 기타,이륜,남,36세,상해없음,보행자,남,70.0,경상,서울특별시 양천구
2022092200100151,2022년 9월 22일 09시,목요일,서울특별시 도봉구 도봉동,중상사고,0,1,0,0,차대사람 - 횡단중,안전운전불이행,건조,맑음,단일로 - 기타,승용,남,39세,상해없음,보행자,남,73.0,중상,서울특별시 도봉구
2022092200100221,2022년 9월 22일 11시,목요일,서울특별시 강동구 상일동,경상사고,0,0,1,0,차대사람 - 기타,안전운전불이행,건조,맑음,단일로 - 기타,승용,여,67세,상해없음,보행자,여,72.0,경상,서울특별시 강동구
2022092200100341,2022년 9월 22일 15시,목요일,서울특별시 서초구 잠원동,경상사고,0,0,1,0,차대사람 - 보도통행중,안전운전불이행,건조,맑음,단일로 - 기타,개인형이동수단(PM),여,32세,상해없음,보행자,여,78.0,경상,서울특별시 서초구
2022092200100376,2022년 9월 22일 16시,목요일,서울특별시 마포구 상암동,사망사고,1,0,0,0,차대사람 - 횡단중,보행자보호의무위반,건조,맑음,단일로 - 기타,승용,남,28세,기타불명,보행자,남,82.0,사망,서울특별시 마포구
2022092200100381,2022년 9월 22일 16시,목요일,서울특별시 중랑구 면목동,경상사고,0,0,1,0,차대사람 - 기타,안전운전불이행,건조,맑음,단일로 - 기타,화물,남,35세,상해없음,보행자,여,74.0,경상,서울특별시 중랑구
2022092200100383,2022년 9월 22일 16시,목요일,서울특별시 송파구 방이동,경상사고,0,0,1,0,차대사람 - 보도통행중,기타,건조,맑음,단일로 - 기타,개인형이동수단(PM),남,37세,상해없음,보행자,여,74.0,경상,서울특별시 송파구
2022092200100461,2022년 9월 22일 18시,목요일,서울특별시 성동구 성수동2가,중상사고,0,1,0,0,차대사람 - 횡단중,중앙선침범,건조,맑음,단일로 - 기타,이륜,남,41세,상해없음,보행자,여,65.0,중상,서울특별시 성동구
2022092200100583,2022년 9월 22일 21시,목요일,서울특별시 송파구 오금동,중상사고,0,1,0,0,차대사람 - 횡단중,안전운전불이행,건조,맑음,단일로 - 기타,승용,남,70세,상해없음,보행자,여,79.0,중상,서울특별시 송파구
2022092300100116,2022년 9월 23일 09시,금요일,서울특별시 강북구 미아동,사망사고,1,0,0,0,차대사람 - 횡단중,보행자보호의무위반,건조,맑음,단일로 - 기타,건설기계,남,54세,상해없음,보행자,남,81.0,사망,서울특별시 강북구
2022092300100148,2022년 9월 23일 10시,금요일,서울특별시 동대문구 전농동,중상사고,0,1,0,0,차대사람 - 횡단중,보행자보호의무위반,건조,맑음,교차로 - 교차로횡단보도내,자전거,남,24세,상해없음,보행자,여,71.0,중상,서울특별시 동대문구
2022092300100222,2022년 9월 23일 12시,금요일,서울특별시 강북구 미아동,중상사고,0,1,0,0,차대사람 - 횡단중,안전운전불이행,건조,맑음,단일로 - 기타,승용,남,64세,상해없음,보행자,여,77.0,중상,서울특별시 강북구
2022092300100433,2022년 9월 23일 17시,금요일,서울특별시 강북구 수유동,경상사고,0,0,1,0,차대사람 - 횡단중,보행자보호의무위반,건조,맑음,교차로 - 교차로횡단보도내,이륜,남,54세,상해없음,보행자,남,81.0,경상,서울특별시 강북구
2022092300100479,2022년 9월 23일 18시,금요일,서울특별시 동대문구 답십리동,중상사고,0,1,0,0,차대사람 - 기타,안전운전불이행,건조,맑음,단일로 - 기타,승용,남,56세,상해없음,보행자,남,65.0,중상,서울특별시 동대문구
2022092400100051,2022년 9월 24일 05시,토요일,서울특별시 강동구 명일동,중상사고,0,1,0,0,차대사람 - 횡단중,신호위반,건조,맑음,교차로 - 교차로안,원동기,남,19세,상해없음,보행자,여,70.0,중상,서울특별시 강동구
2022092400100052,2022년 9월 24일 05시,토요일,서울특별시 양천구 신정동,중상사고,0,1,0,0,차대사람 - 기타,안전운전불이행,건조,맑음,기타 - 기타,승용,남,67세,상해없음,보행자,여,74.0,중상,서울특별시 양천구
2022092400100079,2022년 9월 24일 08시,토요일,서울특별시 동작구 사당동,중상사고,0,1,0,0,차대사람 - 기타,안전운전불이행,건조,맑음,교차로 - 교차로안,승합,남,65세,상해없음,보행자,여,68.0,중상,서울특별시 동작구
2022092400100166,2022년 9월 24일 11시,토요일,서울특별시 종로구 숭인동,경상사고,0,0,1,0,차대사람 - 길가장자리구역통행중,안전운전불이행,건조,맑음,단일로 - 기타,승용,남,63세,기타불명,보행자,여,65.0,경상,서울특별시 종로구
2022092400100172,2022년 9월 24일 11시,토요일,서울특별시 노원구 중계동,경상사고,0,0,1,0,차대사람 - 보도통행중,기타,건조,맑음,기타 - 기타,승용,여,53세,상해없음,보행자,남,81.0,경상,서울특별시 노원구
2022092400100265,2022년 9월 24일 13시,토요일,서울특별시 동대문구 제기동,경상사고,0,0,1,0,차대사람 - 기타,안전운전불이행,건조,맑음,기타 - 기타,승용,남,64세,상해없음,보행자,여,74.0,경상,서울특별시 동대문구
2022092400100273,2022년 9월 24일 13시,토요일,서울특별시 양천구 신정동,중상사고,0,1,0,0,차대사람 - 기타,보행자보호의무위반,건조,맑음,단일로 - 기타,자전거,남,12세,상해없음,보행자,여,66.0,중상,서울특별시 양천구
2022092400100363,2022년 9월 24일 15시,토요일,서울특별시 동대문구 제기동,경상사고,0,0,1,0,차대사람 - 횡단중,안전운전불이행,건조,맑음,교차로 - 교차로부근,승용,남,63세,상해없음,보행자,여,69.0,경상,서울특별시 동대문구
2022092400100486,2022년 9월 24일 18시,토요일,서울특별시 금천구 가산동,중상사고,0,1,0,0,차대사람 - 기타,안전운전불이행,건조,맑음,단일로 - 기타,자전거,남,30세,상해없음,보행자,여,78.0,중상,서울특별시 금천구
2022092400100567,2022년 9월 24일 20시,토요일,서울특별시 중구 신당동,중상사고,0,1,0,0,차대사람 - 기타,안전운전불이행,건조,맑음,단일로 - 기타,승용,남,25세,상해없음,보행자,여,74.0,중상,서울특별시 중구
2022092500100004,2022년 9월 25일 00시,일요일,서울특별시 송파구 방이동,경상사고,0,0,1,0,차대사람 - 횡단중,안전운전불이행,건조,맑음,단일로 - 기타,승합,남,49세,상해없음,보행자,남,65.0,경상,서울특별시 송파구
2022092500100071,2022년 9월 25일 08시,일요일,서울특별시 강남구 대치동,경상사고,0,0,1,0,차대사람 - 기타,안전운전불이행,건조,맑음,단일로 - 기타,기타불명,기타불명,미분류,기타불명,보행자,남,70.0,경상,서울특별시 강남구
2022092500100106,2022년 9월 25일 10시,일요일,서울특별시 서대문구 연희동,경상사고,0,0,1,0,차대사람 - 보도통행중,기타,건조,맑음,단일로 - 기타,자전거,여,27세,상해없음,보행자,남,76.0,경상,서울특별시 서대문구
2022092500100236,2022년 9월 25일 15시,일요일,서울특별시 동작구 본동,중상사고,0,1,0,0,차대사람 - 기타,안전운전불이행,건조,맑음,기타 - 기타,승합,남,38세,상해없음,보행자,여,78.0,중상,서울특별시 동작구
2022092600100202,2022년 9월 26일 11시,월요일,서울특별시 송파구 마천동,중상사고,0,1,0,1,차대사람 - 길가장자리구역통행중,기타,건조,맑음,단일로 - 기타,자전거,남,61세,부상신고,보행자,여,72.0,중상,서울특별시 송파구
2022092600100398,2022년 9월 26일 17시,월요일,서울특별시 마포구 대흥동,경상사고,0,0,1,0,차대사람 - 횡단중,보행자보호의무위반,건조,맑음,단일로 - 기타,이륜,남,16세,기타불명,보행자,여,68.0,경상,서울특별시 마포구
2022092600100404,2022년 9월 26일 17시,월요일,서울특별시 노원구 상계동,경상사고,0,0,1,0,차대사람 - 보도통행중,안전운전불이행,건조,맑음,단일로 - 기타,자전거,남,75세,상해없음,보행자,여,65.0,경상,서울특별시 노원구
2022092700100038,2022년 9월 27일 06시,화요일,서울특별시 중랑구 면목동,중상사고,0,1,0,0,차대사람 - 기타,안전운전불이행,건조,맑음,교차로 - 교차로안,화물,남,67세,상해없음,보행자,남,70.0,중상,서울특별시 중랑구
2022092700100130,2022년 9월 27일 09시,화요일,서울특별시 강동구 고덕동,경상사고,0,0,1,0,차대사람 - 기타,안전운전불이행,건조,맑음,교차로 - 교차로안,특수,남,67세,상해없음,보행자,여,72.0,경상,서울특별시 강동구
2022092700100158,2022년 9월 27일 10시,화요일,서울특별시 동대문구 답십리동,중상사고,0,1,0,0,차대사람 - 기타,안전운전불이행,건조,맑음,교차로 - 교차로부근,승용,여,33세,상해없음,보행자,여,82.0,중상,서울특별시 동대문구
2022092700100159,2022년 9월 27일 10시,화요일,서울특별시 구로구 구로동,중상사고,0,1,1,0,차대사람 - 보도통행중,기타,건조,맑음,기타 - 기타,화물,남,61세,상해없음,보행자,여,75.0,중상,서울특별시 구로구
2022092700100219,2022년 9월 27일 12시,화요일,서울특별시 동대문구 청량리동,중상사고,0,1,0,0,차대사람 - 차도통행중,안전운전불이행,건조,맑음,단일로 - 기타,이륜,남,26세,상해없음,보행자,여,87.0,중상,서울특별시 동대문구
2022092700100511,2022년 9월 27일 19시,화요일,서울특별시 관악구 봉천동,경상사고,0,0,1,0,차대사람 - 횡단중,보행자보호의무위반,건조,맑음,교차로 - 교차로횡단보도내,승용,여,60세,상해없음,보행자,남,70.0,경상,서울특별시 관악구
2022092800100032,2022년 9월 28일 05시,수요일,서울특별시 동작구 상도동,중상사고,0,1,0,0,차대사람 - 횡단중,안전운전불이행,건조,맑음,단일로 - 기타,승용,남,64세,상해없음,보행자,남,70.0,중상,서울특별시 동작구
2022092800100034,2022년 9월 28일 05시,수요일,서울특별시 노원구 중계동,중상사고,0,1,1,0,차대사람 - 횡단중,안전운전불이행,건조,맑음,교차로 - 교차로횡단보도내,승용,남,60세,상해없음,보행자,남,78.0,중상,서울특별시 노원구
2022092800100214,2022년 9월 28일 12시,수요일,서울특별시 송파구 신천동,경상사고,0,0,1,0,차대사람 - 횡단중,보행자보호의무위반,건조,맑음,교차로 - 교차로횡단보도내,승용,남,25세,상해없음,보행자,남,81.0,경상,서울특별시 송파구
2022092800100245,2022년 9월 28일 13시,수요일,서울특별시 강서구 방화동,중상사고,0,1,0,0,차대사람 - 횡단중,안전운전불이행,건조,맑음,기타 - 기타,이륜,남,17세,상해없음,보행자,여,69.0,중상,서울특별시 강서구
2022092800100272,2022년 9월 28일 14시,수요일,서울특별시 종로구 연건동,경상사고,0,0,2,0,차대사람 - 횡단중,안전운전불이행,건조,맑음,교차로 - 교차로부근,승용,남,62세,상해없음,보행자,여,69.0,경상,서울특별시 종로구
2022092800100357,2022년 9월 28일 16시,수요일,서울특별시 성북구 하월곡동,경상사고,0,0,1,0,차대사람 - 차도통행중,안전운전불이행,건조,맑음,단일로 - 기타,화물,남,23세,상해없음,보행자,여,69.0,경상,서울특별시 성북구
2022092800100484,2022년 9월 28일 19시,수요일,서울특별시 용산구 한남동,중상사고,0,1,0,0,차대사람 - 횡단중,신호위반,건조,맑음,교차로 - 교차로횡단보도내,승용,남,43세,상해없음,보행자,남,76.0,중상,서울특별시 용산구
2022092800100488,2022년 9월 28일 19시,수요일,서울특별시 중랑구 묵동,경상사고,0,0,1,0,차대사람 - 횡단중,안전운전불이행,건조,맑음,교차로 - 교차로안,승용,여,36세,상해없음,보행자,남,80.0,경상,서울특별시 중랑구
2022092900100134,2022년 9월 29일 09시,목요일,서울특별시 양천구 신정동,중상사고,0,1,0,0,차대사람 - 기타,안전운전불이행,건조,맑음,단일로 - 기타,승용,여,56세,상해없음,보행자,여,79.0,중상,서울특별시 양천구
2022092900100164,2022년 9월 29일 10시,목요일,서울특별시 금천구 가산동,경상사고,0,0,1,0,차대사람 - 기타,신호위반,건조,맑음,교차로 - 교차로부근,승용,남,49세,상해없음,보행자,여,65.0,경상,서울특별시 금천구
2022092900100297,2022년 9월 29일 14시,목요일,서울특별시 강남구 신사동,중상사고,0,1,0,0,차대사람 - 기타,안전운전불이행,건조,맑음,기타 - 기타,승용,남,65세,상해없음,보행자,여,82.0,중상,서울특별시 강남구
2022092900100523,2022년 9월 29일 19시,목요일,서울특별시 강동구 암사동,중상사고,0,1,0,0,차대사람 - 기타,안전운전불이행,건조,맑음,교차로 - 교차로안,화물,남,64세,상해없음,보행자,남,71.0,중상,서울특별시 강동구
2022093000100033,2022년 9월 30일 02시,금요일,서울특별시 영등포구 여의도동,중상사고,0,1,0,0,차대사람 - 기타,안전운전불이행,건조,맑음,기타 - 기타,화물,남,27세,상해없음,보행자,남,67.0,중상,서울특별시 영등포구
2022093000100334,2022년 9월 30일 15시,금요일,서울특별시 중구 신당동,사망사고,1,0,0,0,차대사람 - 차도통행중,안전운전불이행,건조,맑음,교차로 - 교차로안,화물,여,47세,상해없음,보행자,여,68.0,사망,서울특별시 중구
2022093000100495,2022년 9월 30일 18시,금요일,서울특별시 서대문구 북가좌동,중상사고,0,1,0,0,차대사람 - 기타,안전운전불이행,건조,맑음,교차로 - 교차로안,승합,남,60세,상해없음,보행자,여,70.0,중상,서울특별시 서대문구
2022100100100062,2022년 10월 1일 05시,토요일,서울특별시 중랑구 면목동,중상사고,0,1,0,0,차대사람 - 기타,안전운전불이행,건조,맑음,단일로 - 기타,이륜,남,15세,상해없음,보행자,여,65.0,중상,서울특별시 중랑구
2022100100100077,2022년 10월 1일 06시,토요일,서울특별시 강북구 수유동,경상사고,0,0,1,0,차대사람 - 횡단중,보행자보호의무위반,건조,맑음,교차로 - 교차로횡단보도내,승용,여,42세,상해없음,보행자,여,68.0,경상,서울특별시 강북구
2022100100100437,2022년 10월 1일 17시,토요일,서울특별시 동대문구 신설동,경상사고,0,0,1,0,차대사람 - 차도통행중,안전운전불이행,건조,맑음,단일로 - 기타,승용,남,68세,상해없음,보행자,남,68.0,경상,서울특별시 동대문구
2022100100100474,2022년 10월 1일 18시,토요일,서울특별시 관악구 봉천동,중상사고,0,1,0,0,차대사람 - 기타,안전운전불이행,건조,맑음,교차로 - 교차로부근,승용,남,69세,상해없음,보행자,여,79.0,중상,서울특별시 관악구
2022100200100069,2022년 10월 2일 08시,일요일,서울특별시 구로구 오류동,경상사고,0,0,1,0,차대사람 - 기타,안전운전불이행,건조,맑음,교차로 - 교차로부근,승용,남,42세,상해없음,보행자,여,71.0,경상,서울특별시 구로구
2022100300100050,2022년 10월 3일 05시,월요일,서울특별시 동대문구 제기동,경상사고,0,0,1,0,차대사람 - 길가장자리구역통행중,안전운전불이행,젖음/습기,비,단일로 - 기타,화물,남,54세,상해없음,보행자,남,66.0,경상,서울특별시 동대문구
2022100300100061,2022년 10월 3일 06시,월요일,서울특별시 강동구 둔촌동,중상사고,0,1,0,0,차대사람 - 기타,안전운전불이행,젖음/습기,비,단일로 - 기타,이륜,남,29세,상해없음,보행자,여,65.0,중상,서울특별시 강동구
2022100300100156,2022년 10월 3일 12시,월요일,서울특별시 강북구 수유동,중상사고,0,1,0,0,차대사람 - 횡단중,안전운전불이행,젖음/습기,비,교차로 - 교차로안,화물,남,60세,상해없음,보행자,남,78.0,중상,서울특별시 강북구
2022100300100308,2022년 10월 3일 17시,월요일,서울특별시 영등포구 당산동3가,경상사고,0,0,1,0,차대사람 - 횡단중,보행자보호의무위반,젖음/습기,비,교차로 - 교차로횡단보도내,승용,남,54세,상해없음,보행자,남,66.0,경상,서울특별시 영등포구
2022100400100142,2022년 10월 4일 10시,화요일,서울특별시 마포구 성산동,경상사고,0,0,1,0,차대사람 - 차도통행중,안전운전불이행,건조,맑음,단일로 - 기타,승용,여,32세,상해없음,보행자,남,74.0,경상,서울특별시 마포구
2022100400100178,2022년 10월 4일 11시,화요일,서울특별시 강남구 역삼동,중상사고,0,1,0,0,차대사람 - 길가장자리구역통행중,안전운전불이행,건조,맑음,단일로 - 기타,승용,여,66세,상해없음,보행자,여,81.0,중상,서울특별시 강남구
2022100400100273,2022년 10월 4일 14시,화요일,서울특별시 성동구 성수동2가,경상사고,0,0,1,0,차대사람 - 횡단중,안전운전불이행,건조,맑음,교차로 - 교차로횡단보도내,이륜,남,67세,상해없음,보행자,여,68.0,경상,서울특별시 성동구
2022100400100461,2022년 10월 4일 19시,화요일,서울특별시 강남구 삼성동,중상사고,0,2,0,0,차대사람 - 기타,보행자보호의무위반,건조,맑음,교차로 - 교차로횡단보도내,승용,여,62세,상해없음,보행자,여,76.0,중상,서울특별시 강남구
2022100500100151,2022년 10월 5일 10시,수요일,서울특별시 강동구 둔촌동,경상사고,0,0,1,0,차대사람 - 기타,안전운전불이행,건조,맑음,기타 - 기타,승용,남,55세,상해없음,보행자,여,74.0,경상,서울특별시 강동구
2022100500100268,2022년 10월 5일 14시,수요일,서울특별시 영등포구 여의도동,중상사고,0,1,0,0,차대사람 - 횡단중,보행자보호의무위반,건조,맑음,단일로 - 기타,승용,여,72세,상해없음,보행자,여,70.0,중상,서울특별시 영등포구
2022100500100314,2022년 10월 5일 15시,수요일,서울특별시 성동구 행당동,경상사고,0,0,1,0,차대사람 - 횡단중,보행자보호의무위반,건조,맑음,교차로 - 교차로횡단보도내,승합,남,78세,상해없음,보행자,여,77.0,경상,서울특별시 성동구
2022100500100321,2022년 10월 5일 15시,수요일,서울특별시 강남구 역삼동,부상신고사고,0,0,0,1,차대사람 - 횡단중,보행자보호의무위반,건조,맑음,교차로 - 교차로횡단보도내,자전거,남,30세,상해없음,보행자,여,70.0,부상신고,서울특별시 강남구
2022100600100023,2022년 10월 6일 05시,목요일,서울특별시 영등포구 양평동3가,중상사고,0,2,0,0,차대사람 - 횡단중,보행자보호의무위반,건조,맑음,교차로 - 교차로안,승용,남,74세,상해없음,보행자,남,72.0,중상,서울특별시 영등포구
2022100600100157,2022년 10월 6일 10시,목요일,서울특별시 동대문구 청량리동,경상사고,0,0,1,0,차대사람 - 횡단중,보행자보호의무위반,건조,맑음,교차로 - 교차로횡단보도내,화물,남,55세,상해없음,보행자,여,93.0,경상,서울특별시 동대문구
2022100600100229,2022년 10월 6일 12시,목요일,서울특별시 노원구 하계동,경상사고,0,0,1,0,차대사람 - 차도통행중,안전운전불이행,건조,맑음,교차로 - 교차로부근,개인형이동수단(PM),남,66세,상해없음,보행자,여,73.0,경상,서울특별시 노원구
2022100600100274,2022년 10월 6일 14시,목요일,서울특별시 도봉구 쌍문동,중상사고,0,1,0,0,차대사람 - 기타,안전운전불이행,건조,흐림,교차로 - 교차로부근,승용,남,62세,상해없음,보행자,여,81.0,중상,서울특별시 도봉구
2022100600100302,2022년 10월 6일 15시,목요일,서울특별시 중구 신당동,중상사고,0,1,0,0,차대사람 - 기타,안전운전불이행,건조,맑음,단일로 - 기타,승합,남,73세,상해없음,보행자,여,86.0,중상,서울특별시 중구
2022100600100303,2022년 10월 6일 15시,목요일,서울특별시 강북구 번동,중상사고,0,1,0,0,차대사람 - 차도통행중,안전운전불이행,건조,맑음,교차로 - 교차로부근,승용,남,57세,상해없음,보행자,남,93.0,중상,서울특별시 강북구
2022100600100344,2022년 10월 6일 16시,목요일,서울특별시 강북구 수유동,중상사고,0,1,0,0,차대사람 - 기타,안전운전불이행,건조,맑음,단일로 - 기타,화물,남,23세,상해없음,보행자,남,74.0,중상,서울특별시 강북구
2022100600100386,2022년 10월 6일 17시,목요일,서울특별시 영등포구 당산동1가,중상사고,0,1,0,0,차대사람 - 횡단중,보행자보호의무위반,건조,맑음,교차로 - 교차로횡단보도내,승합,여,62세,기타불명,보행자,남,72.0,중상,서울특별시 영등포구
2022100600100593,2022년 10월 6일 23시,목요일,서울특별시 동대문구 장안동,경상사고,0,0,1,0,차대사람 - 횡단중,보행자보호의무위반,건조,맑음,교차로 - 교차로부근,승용,남,62세,상해없음,보행자,남,73.0,경상,서울특별시 동대문구
2022100700100097,2022년 10월 7일 08시,금요일,서울특별시 동대문구 제기동,중상사고,0,1,0,0,차대사람 - 기타,안전운전불이행,건조,맑음,단일로 - 기타,건설기계,남,29세,상해없음,보행자,남,75.0,중상,서울특별시 동대문구
2022100700100158,2022년 10월 7일 09시,금요일,서울특별시 강동구 성내동,중상사고,0,1,0,0,차대사람 - 보도통행중,안전운전불이행,건조,맑음,기타 - 기타,자전거,기타불명,미분류,기타불명,보행자,남,75.0,중상,서울특별시 강동구
2022100700100252,2022년 10월 7일 12시,금요일,서울특별시 성동구 성수동1가,경상사고,0,0,1,0,차대사람 - 횡단중,안전운전불이행,건조,맑음,교차로 - 교차로안,승용,남,54세,상해없음,보행자,남,78.0,경상,서울특별시 성동구
2022100700100255,2022년 10월 7일 12시,금요일,서울특별시 관악구 봉천동,중상사고,0,1,0,0,차대사람 - 차도통행중,안전운전불이행,건조,맑음,단일로 - 기타,승용,여,70세,상해없음,보행자,남,80.0,중상,서울특별시 관악구
2022100700100259,2022년 10월 7일 12시,금요일,서울특별시 도봉구 창동,중상사고,0,1,0,0,차대사람 - 길가장자리구역통행중,안전운전불이행,건조,맑음,단일로 - 기타,승용,남,81세,상해없음,보행자,여,66.0,중상,서울특별시 도봉구
2022100700100260,2022년 10월 7일 12시,금요일,서울특별시 은평구 갈현동,중상사고,0,1,0,0,차대사람 - 보도통행중,기타,건조,맑음,단일로 - 기타,화물,남,50세,상해없음,보행자,여,69.0,중상,서울특별시 은평구
2022100700100410,2022년 10월 7일 16시,금요일,서울특별시 종로구 창신동,중상사고,0,1,0,0,차대사람 - 횡단중,안전운전불이행,건조,맑음,단일로 - 기타,이륜,남,36세,상해없음,보행자,여,87.0,중상,서울특별시 종로구
2022100700100411,2022년 10월 7일 16시,금요일,서울특별시 용산구 한강로2가,중상사고,0,1,0,0,차대사람 - 기타,안전운전불이행,건조,맑음,단일로 - 기타,승용,남,38세,상해없음,보행자,남,71.0,중상,서울특별시 용산구
2022100800100159,2022년 10월 8일 10시,토요일,서울특별시 은평구 대조동,중상사고,0,1,0,0,차대사람 - 횡단중,안전운전불이행,건조,맑음,교차로 - 교차로횡단보도내,화물,남,52세,상해없음,보행자,여,75.0,중상,서울특별시 은평구
2022100800100193,2022년 10월 8일 11시,토요일,서울특별시 구로구 오류동,중상사고,0,1,0,0,차대사람 - 보도통행중,안전운전불이행,건조,맑음,교차로 - 교차로부근,화물,남,57세,상해없음,보행자,남,80.0,중상,서울특별시 구로구
2022100800100233,2022년 10월 8일 12시,토요일,서울특별시 중구 수표동,중상사고,0,1,0,0,차대사람 - 기타,안전운전불이행,건조,맑음,기타 - 기타,승용,남,52세,상해없음,보행자,남,75.0,중상,서울특별시 중구
2022100800100330,2022년 10월 8일 14시,토요일,서울특별시 송파구 거여동,경상사고,0,0,1,0,차대사람 - 기타,안전운전불이행,건조,맑음,단일로 - 기타,승용,여,62세,상해없음,보행자,여,75.0,경상,서울특별시 송파구
2022100800100398,2022년 10월 8일 16시,토요일,서울특별시 동대문구 신설동,경상사고,0,0,1,0,차대사람 - 차도통행중,안전운전불이행,건조,맑음,단일로 - 기타,승용,남,39세,상해없음,보행자,남,71.0,경상,서울특별시 동대문구
2022100800100442,2022년 10월 8일 17시,토요일,서울특별시 강북구 미아동,경상사고,0,0,1,0,차대사람 - 길가장자리구역통행중,안전운전불이행,건조,맑음,교차로 - 교차로부근,승용,남,31세,상해없음,보행자,남,81.0,경상,서울특별시 강북구
2022100800100603,2022년 10월 8일 21시,토요일,서울특별시 은평구 신사동,경상사고,0,0,1,0,차대사람 - 기타,안전운전불이행,건조,맑음,교차로 - 교차로안,승용,남,29세,상해없음,보행자,남,66.0,경상,서울특별시 은평구
2022100900100076,2022년 10월 9일 08시,일요일,서울특별시 송파구 풍납동,중상사고,0,1,0,0,차대사람 - 횡단중,보행자보호의무위반,건조,맑음,단일로 - 기타,화물,남,59세,상해없음,보행자,여,73.0,중상,서울특별시 송파구
2022100900100121,2022년 10월 9일 11시,일요일,서울특별시 강북구 수유동,중상사고,0,1,0,0,차대사람 - 횡단중,보행자보호의무위반,젖음/습기,비,교차로 - 교차로부근,승용,남,64세,상해없음,보행자,여,81.0,중상,서울특별시 강북구
2022100900100212,2022년 10월 9일 14시,일요일,서울특별시 중랑구 면목동,경상사고,0,0,1,0,차대사람 - 횡단중,신호위반,젖음/습기,비,교차로 - 교차로안,이륜,남,53세,상해없음,보행자,남,82.0,경상,서울특별시 중랑구
2022100900100331,2022년 10월 9일 18시,일요일,서울특별시 서초구 서초동,중상사고,0,1,0,0,차대사람 - 기타,안전운전불이행,젖음/습기,비,교차로 - 교차로안,이륜,남,43세,상해없음,보행자,남,65.0,중상,서울특별시 서초구
2022100900100379,2022년 10월 9일 19시,일요일,서울특별시 동대문구 용두동,중상사고,0,1,0,0,차대사람 - 보도통행중,보행자보호의무위반,젖음/습기,비,교차로 - 교차로부근,승용,남,65세,상해없음,보행자,남,74.0,중상,서울특별시 동대문구
2022100900100382,2022년 10월 9일 19시,일요일,서울특별시 영등포구 여의도동,중상사고,0,1,0,0,차대사람 - 횡단중,신호위반,젖음/습기,비,단일로 - 기타,승합,남,74세,상해없음,보행자,여,69.0,중상,서울특별시 영등포구
2022101000100039,2022년 10월 10일 05시,월요일,서울특별시 관악구 신림동,경상사고,0,0,1,0,차대사람 - 횡단중,신호위반,건조,맑음,기타 - 기타,승용,남,74세,상해없음,보행자,여,76.0,경상,서울특별시 관악구
2022101000100094,2022년 10월 10일 10시,월요일,서울특별시 구로구 고척동,경상사고,0,0,1,0,차대사람 - 보도통행중,보행자보호의무위반,건조,맑음,단일로 - 기타,승용,남,32세,상해없음,보행자,여,72.0,경상,서울특별시 구로구
2022101000100111,2022년 10월 10일 11시,월요일,서울특별시 강북구 미아동,사망사고,1,0,0,0,차대사람 - 횡단중,안전운전불이행,젖음/습기,비,교차로 - 교차로안,승용,남,39세,상해없음,보행자,여,80.0,사망,서울특별시 강북구