사고번호,사고일시,요일,시군구,사고내용,사망자수,중상자수,경상자수,부상신고자수,사고유형,법규위반,노면상태,기상상태,도로형태,가해운전자 차종,가해운전자 성별,가해운전자 연령,가해운전자 상해정도,피해운전자 차종,피해운전자 성별,피해운전자 연령,피해운전자 상해정도,구
2022111800100617,2022년 11월 18일 20시,금요일,서울특별시 동대문구 답십리동,경상사고,0,0,1,0,차대사람 - 기타,안전운전불이행,건조,맑음,단일로 - 기타,화물,남,56세,상해없음,보행자,남,69.0,경상,서울특별시 동대문구
2022111900100131,2022년 11월 19일 10시,토요일,서울특별시 도봉구 방학동,경상사고,0,0,1,0,차대사람 - 기타,안전운전불이행,건조,맑음,교차로 - 교차로안,승합,남,66세,상해없음,보행자,남,68.0,경상,서울특별시 도봉구
2022111900100156,2022년 11월 19일 11시,토요일,서울특별시 종로구 낙원동,경상사고,0,0,1,0,차대사람 - 기타,안전운전불이행,건조,맑음,단일로 - 기타,승용,남,78세,상해없음,보행자,여,67.0,경상,서울특별시 종로구
2022111900100228,2022년 11월 19일 13시,토요일,서울특별시 영등포구 영등포동3가,경상사고,0,0,1,0,차대사람 - 기타,안전운전불이행,건조,맑음,단일로 - 기타,승용,남,78세,상해없음,보행자,남,71.0,경상,서울특별시 영등포구
2022111900100333,2022년 11월 19일 16시,토요일,서울특별시 중랑구 상봉동,중상사고,0,1,0,0,차대사람 - 보도통행중,기타,건조,맑음,기타 - 기타,자전거,남,65세,상해없음,보행자,여,76.0,중상,서울특별시 중랑구
2022112100100181,2022년 11월 21일 11시,월요일,서울특별시 강북구 번동,경상사고,0,0,1,0,차대사람 - 기타,안전운전불이행,건조,맑음,교차로 - 교차로부근,승합,남,50세,상해없음,보행자,남,76.0,경상,서울특별시 강북구
2022112100100182,2022년 11월 21일 11시,월요일,서울특별시 영등포구 대림동,경상사고,0,0,1,0,차대사람 - 기타,안전운전불이행,건조,맑음,단일로 - 기타,승용,남,63세,기타불명,보행자,여,75.0,경상,서울특별시 영등포구
2022112200100080,2022년 11월 22일 08시,화요일,서울특별시 관악구 신림동,사망사고,1,0,0,0,차대사람 - 기타,안전운전불이행,건조,맑음,기타 - 기타,승용,남,42세,상해없음,보행자,여,66.0,사망,서울특별시 관악구
2022112200100140,2022년 11월 22일 10시,화요일,서울특별시 동대문구 제기동,중상사고,0,1,0,0,차대사람 - 기타,안전운전불이행,건조,맑음,단일로 - 기타,승합,남,71세,상해없음,보행자,여,81.0,중상,서울특별시 동대문구
2022112200100143,2022년 11월 22일 10시,화요일,서울특별시 관악구 신림동,중상사고,0,2,0,0,차대사람 - 횡단중,안전운전불이행,건조,맑음,단일로 - 기타,승합,남,68세,상해없음,보행자,여,81.0,중상,서울특별시 관악구
2022112200100171,2022년 11월 22일 11시,화요일,서울특별시 성동구 홍익동,중상사고,0,1,0,0,차대사람 - 횡단중,보행자보호의무위반,건조,맑음,단일로 - 기타,승용,남,29세,상해없음,보행자,여,78.0,중상,서울특별시 성동구
2022112200100246,2022년 11월 22일 14시,화요일,서울특별시 중구 남창동,중상사고,0,1,0,0,차대사람 - 횡단중,안전운전불이행,건조,맑음,단일로 - 기타,승용,남,43세,상해없음,보행자,여,76.0,중상,서울특별시 중구
2022112200100585,2022년 11월 22일 22시,화요일,서울특별시 광진구 화양동,중상사고,0,1,0,0,차대사람 - 횡단중,신호위반,젖음/습기,비,교차로 - 교차로부근,승용,남,27세,상해없음,보행자,여,68.0,중상,서울특별시 광진구
2022112300100104,2022년 11월 23일 09시,수요일,서울특별시 양천구 신월동,중상사고,0,1,0,0,차대사람 - 길가장자리구역통행중,안전운전불이행,건조,맑음,단일로 - 기타,승용,남,44세,상해없음,보행자,남,75.0,중상,서울특별시 양천구
2022112300100191,2022년 11월 23일 12시,수요일,서울특별시 강동구 명일동,중상사고,0,1,0,0,차대사람 - 기타,안전운전불이행,건조,맑음,단일로 - 기타,승용,남,47세,상해없음,보행자,남,65.0,중상,서울특별시 강동구
2022112300100464,2022년 11월 23일 19시,수요일,서울특별시 양천구 신정동,중상사고,0,1,0,0,차대사람 - 기타,안전운전불이행,건조,맑음,단일로 - 기타,승용,남,70세,상해없음,보행자,남,69.0,중상,서울특별시 양천구
2022112400100074,2022년 11월 24일 08시,목요일,서울특별시 용산구 한강로1가,중상사고,0,1,0,0,차대사람 - 기타,안전운전불이행,건조,맑음,단일로 - 기타,승용,여,39세,상해없음,보행자,남,69.0,중상,서울특별시 용산구
2022112400100166,2022년 11월 24일 10시,목요일,서울특별시 구로구 개봉동,중상사고,0,1,0,0,차대사람 - 길가장자리구역통행중,안전운전불이행,건조,맑음,단일로 - 기타,승용,여,37세,상해없음,보행자,여,74.0,중상,서울특별시 구로구
2022112400100192,2022년 11월 24일 11시,목요일,서울특별시 양천구 신월동,중상사고,0,1,0,0,차대사람 - 횡단중,보행자보호의무위반,건조,맑음,교차로 - 교차로횡단보도내,화물,남,62세,상해없음,보행자,여,71.0,중상,서울특별시 양천구
2022112400100249,2022년 11월 24일 13시,목요일,서울특별시 강남구 역삼동,중상사고,0,1,0,0,차대사람 - 횡단중,보행자보호의무위반,건조,맑음,단일로 - 기타,화물,남,64세,상해없음,보행자,여,75.0,중상,서울특별시 강남구
2022112400100322,2022년 11월 24일 15시,목요일,서울특별시 관악구 신림동,중상사고,0,1,0,0,차대사람 - 횡단중,보행자보호의무위반,건조,맑음,교차로 - 교차로횡단보도내,승용,남,78세,상해없음,보행자,여,69.0,중상,서울특별시 관악구
2022112500100144,2022년 11월 25일 10시,금요일,서울특별시 성북구 정릉동,중상사고,0,1,0,0,차대사람 - 기타,안전운전불이행,건조,맑음,단일로 - 기타,승합,남,39세,상해없음,보행자,여,69.0,중상,서울특별시 성북구
2022112500100213,2022년 11월 25일 12시,금요일,서울특별시 강서구 화곡동,경상사고,0,0,1,0,차대사람 - 길가장자리구역통행중,안전운전불이행,건조,맑음,단일로 - 기타,승용,남,44세,상해없음,보행자,여,77.0,경상,서울특별시 강서구
2022112500100294,2022년 11월 25일 15시,금요일,서울특별시 관악구 신림동,중상사고,0,1,0,0,차대사람 - 차도통행중,안전운전불이행,건조,맑음,교차로 - 교차로부근,화물,남,67세,상해없음,보행자,여,89.0,중상,서울특별시 관악구
2022112500100379,2022년 11월 25일 17시,금요일,서울특별시 강동구 천호동,경상사고,0,0,1,0,차대사람 - 기타,안전운전불이행,건조,맑음,단일로 - 기타,승용,남,58세,상해없음,보행자,여,68.0,경상,서울특별시 강동구
2022112500100380,2022년 11월 25일 17시,금요일,서울특별시 양천구 신월동,경상사고,0,0,1,0,차대사람 - 기타,안전운전불이행,건조,맑음,단일로 - 기타,승용,남,36세,상해없음,보행자,남,81.0,경상,서울특별시 양천구
2022112600100354,2022년 11월 26일 17시,토요일,서울특별시 송파구 잠실동,경상사고,0,0,1,0,차대사람 - 보도통행중,기타,건조,맑음,교차로 - 교차로부근,자전거,남,67세,상해없음,보행자,남,77.0,경상,서울특별시 송파구
2022112700100184,2022년 11월 27일 14시,일요일,서울특별시 강남구 개포동,경상사고,0,0,1,0,차대사람 - 길가장자리구역통행중,안전운전불이행,건조,맑음,단일로 - 기타,승용,남,52세,상해없음,보행자,남,76.0,경상,서울특별시 강남구
2022112700100205,2022년 11월 27일 15시,일요일,서울특별시 성북구 보문동7가,중상사고,0,1,0,0,차대사람 - 기타,안전운전불이행,건조,맑음,단일로 - 기타,자전거,남,15세,상해없음,보행자,여,78.0,중상,서울특별시 성북구
2022112700100268,2022년 11월 27일 17시,일요일,서울특별시 성북구 정릉동,경상사고,0,0,1,0,차대사람 - 기타,안전운전불이행,건조,맑음,단일로 - 기타,승용,남,43세,상해없음,보행자,여,73.0,경상,서울특별시 성북구
2022112700100272,2022년 11월 27일 17시,일요일,서울특별시 송파구 석촌동,중상사고,0,1,0,0,차대사람 - 횡단중,안전운전불이행,건조,맑음,단일로 - 기타,승용,남,64세,상해없음,보행자,남,79.0,중상,서울특별시 송파구
2022112700100307,2022년 11월 27일 18시,일요일,서울특별시 강서구 화곡동,경상사고,0,0,1,0,차대사람 - 기타,안전운전불이행,건조,맑음,교차로 - 교차로안,승용,남,67세,상해없음,보행자,남,80.0,경상,서울특별시 강서구
2022112800100148,2022년 11월 28일 10시,월요일,서울특별시 영등포구 신길동,중상사고,0,1,0,0,차대사람 - 기타,안전운전불이행,건조,맑음,단일로 - 기타,승용,남,61세,상해없음,보행자,남,73.0,중상,서울특별시 영등포구
2022112800100338,2022년 11월 28일 16시,월요일,서울특별시 강북구 미아동,경상사고,0,0,1,0,차대사람 - 기타,보행자보호의무위반,젖음/습기,비,교차로 - 교차로횡단보도내,승합,남,71세,기타불명,보행자,여,69.0,경상,서울특별시 강북구
2022112800100339,2022년 11월 28일 16시,월요일,서울특별시 동대문구 회기동,경상사고,0,0,1,0,차대사람 - 기타,안전운전불이행,건조,맑음,단일로 - 기타,승합,남,44세,상해없음,보행자,여,85.0,경상,서울특별시 동대문구
2022112800100344,2022년 11월 28일 16시,월요일,서울특별시 강남구 역삼동,경상사고,0,0,1,0,차대사람 - 기타,안전운전불이행,건조,맑음,단일로 - 기타,승합,남,64세,상해없음,보행자,남,70.0,경상,서울특별시 강남구
2022112800100376,2022년 11월 28일 17시,월요일,서울특별시 관악구 봉천동,중상사고,0,1,0,0,차대사람 - 보도통행중,안전운전불이행,젖음/습기,비,교차로 - 교차로횡단보도내,승합,남,72세,상해없음,보행자,여,74.0,중상,서울특별시 관악구
2022112800100555,2022년 11월 28일 20시,월요일,서울특별시 종로구 누하동,중상사고,0,1,0,0,차대사람 - 차도통행중,안전운전불이행,젖음/습기,비,단일로 - 기타,원동기,남,56세,상해없음,보행자,남,74.0,중상,서울특별시 종로구
2022112800100558,2022년 11월 28일 20시,월요일,서울특별시 강동구 천호동,중상사고,0,1,0,0,차대사람 - 기타,안전운전불이행,젖음/습기,비,단일로 - 기타,이륜,남,25세,상해없음,보행자,여,74.0,중상,서울특별시 강동구
2022112800100561,2022년 11월 28일 20시,월요일,서울특별시 성북구 장위동,경상사고,0,0,1,0,차대사람 - 차도통행중,안전운전불이행,젖음/습기,비,교차로 - 교차로부근,이륜,남,66세,상해없음,보행자,여,70.0,경상,서울특별시 성북구
2022112800100690,2022년 11월 28일 23시,월요일,서울특별시 강남구 세곡동,사망사고,1,0,0,0,차대사람 - 횡단중,보행자보호의무위반,젖음/습기,비,교차로 - 교차로안,승용,여,29세,상해없음,보행자,여,82.0,사망,서울특별시 강남구
2022112900100033,2022년 11월 29일 05시,화요일,서울특별시 영등포구 영등포동,중상사고,0,1,0,0,차대사람 - 횡단중,안전운전불이행,건조,맑음,단일로 - 기타,화물,남,42세,상해없음,보행자,남,78.0,중상,서울특별시 영등포구
2022112900100053,2022년 11월 29일 06시,화요일,서울특별시 성북구 석관동,중상사고,0,1,0,0,차대사람 - 횡단중,안전운전불이행,젖음/습기,비,단일로 - 기타,승용,여,56세,상해없음,보행자,여,70.0,중상,서울특별시 성북구
2022112900100151,2022년 11월 29일 09시,화요일,서울특별시 중구 신당동,중상사고,0,1,0,0,차대사람 - 차도통행중,안전운전불이행,건조,맑음,교차로 - 교차로안,화물,남,42세,상해없음,보행자,여,66.0,중상,서울특별시 중구
2022112900100362,2022년 11월 29일 16시,화요일,서울특별시 종로구 창신동,중상사고,0,1,0,0,차대사람 - 횡단중,보행자보호의무위반,건조,맑음,단일로 - 기타,승용,남,44세,상해없음,보행자,남,81.0,중상,서울특별시 종로구
2022112900100365,2022년 11월 29일 16시,화요일,서울특별시 관악구 신림동,경상사고,0,0,1,0,차대사람 - 기타,기타,건조,맑음,단일로 - 기타,승합,남,68세,상해없음,보행자,여,85.0,경상,서울특별시 관악구
2022112900100393,2022년 11월 29일 17시,화요일,서울특별시 노원구 공릉동,경상사고,0,0,1,0,차대사람 - 기타,안전운전불이행,건조,맑음,단일로 - 기타,승용,여,43세,상해없음,보행자,여,85.0,경상,서울특별시 노원구
2022113000100140,2022년 11월 30일 10시,수요일,서울특별시 성북구 종암동,경상사고,0,0,1,0,차대사람 - 횡단중,신호위반,건조,맑음,교차로 - 교차로횡단보도내,이륜,남,51세,상해없음,보행자,남,66.0,경상,서울특별시 성북구
2022113000100277,2022년 11월 30일 15시,수요일,서울특별시 성북구 길음동,중상사고,0,1,0,0,차대사람 - 횡단중,신호위반,건조,맑음,단일로 - 기타,승용,남,79세,상해없음,보행자,여,68.0,중상,서울특별시 성북구
2022113000100280,2022년 11월 30일 15시,수요일,서울특별시 은평구 갈현동,경상사고,0,0,1,0,차대사람 - 횡단중,안전운전불이행,건조,맑음,단일로 - 기타,승용,여,36세,상해없음,보행자,여,76.0,경상,서울특별시 은평구
2022120100100019,2022년 12월 1일 02시,목요일,서울특별시 은평구 응암동,경상사고,0,0,1,0,차대사람 - 기타,안전운전불이행,건조,맑음,교차로 - 교차로안,승용,남,56세,상해없음,보행자,남,67.0,경상,서울특별시 은평구
2022120100100041,2022년 12월 1일 06시,목요일,서울특별시 성북구 종암동,중상사고,0,1,0,0,차대사람 - 횡단중,신호위반,건조,맑음,교차로 - 교차로부근,승용,남,31세,상해없음,보행자,남,75.0,중상,서울특별시 성북구
2022120100100123,2022년 12월 1일 09시,목요일,서울특별시 강서구 방화동,경상사고,0,0,1,0,차대사람 - 차도통행중,안전운전불이행,건조,맑음,단일로 - 기타,승용,여,56세,상해없음,보행자,남,75.0,경상,서울특별시 강서구
2022120100100145,2022년 12월 1일 10시,목요일,서울특별시 양천구 신정동,중상사고,0,1,0,0,차대사람 - 기타,안전운전불이행,건조,맑음,단일로 - 기타,승용,여,45세,상해없음,보행자,남,65.0,중상,서울특별시 양천구
2022120100100146,2022년 12월 1일 10시,목요일,서울특별시 노원구 중계동,경상사고,0,0,1,0,차대사람 - 차도통행중,안전운전불이행,건조,맑음,교차로 - 교차로부근,이륜,남,27세,상해없음,보행자,여,69.0,경상,서울특별시 노원구
2022120100100176,2022년 12월 1일 11시,목요일,서울특별시 은평구 역촌동,중상사고,0,1,0,0,차대사람 - 횡단중,안전운전불이행,건조,맑음,단일로 - 기타,승용,여,67세,상해없음,보행자,여,85.0,중상,서울특별시 은평구
2022120100100179,2022년 12월 1일 11시,목요일,서울특별시 금천구 시흥동,중상사고,0,1,0,0,차대사람 - 기타,안전운전불이행,건조,맑음,교차로 - 교차로안,승용,남,67세,상해없음,보행자,여,79.0,중상,서울특별시 금천구
2022120100100212,2022년 12월 1일 12시,목요일,서울특별시 서초구 서초동,경상사고,0,0,1,0,차대사람 - 차도통행중,안전운전불이행,건조,맑음,단일로 - 기타,승용,남,49세,상해없음,보행자,남,66.0,경상,서울특별시 서초구
2022120200100063,2022년 12월 2일 07시,금요일,서울특별시 영등포구 문래동3가,중상사고,0,1,0,0,차대사람 - 차도통행중,안전운전불이행,건조,맑음,교차로 - 교차로안,승용,남,55세,상해없음,보행자,남,72.0,중상,서울특별시 영등포구
2022120200100227,2022년 12월 2일 12시,금요일,서울특별시 송파구 석촌동,경상사고,0,0,1,0,차대사람 - 기타,보행자보호의무위반,건조,기타,기타 - 기타,이륜,남,25세,상해없음,보행자,여,66.0,경상,서울특별시 송파구
2022120200100259,2022년 12월 2일 13시,금요일,서울특별시 중랑구 면목동,경상사고,0,0,1,0,차대사람 - 길가장자리구역통행중,안전운전불이행,건조,맑음,교차로 - 교차로안,화물,남,68세,상해없음,보행자,여,78.0,경상,서울특별시 중랑구
2022120200100357,2022년 12월 2일 16시,금요일,서울특별시 성북구 길음동,중상사고,0,1,0,0,차대사람 - 횡단중,보행자보호의무위반,건조,맑음,교차로 - 교차로횡단보도내,승용,여,49세,상해없음,보행자,여,77.0,중상,서울특별시 성북구
2022120200100412,2022년 12월 2일 17시,금요일,서울특별시 강동구 고덕동,경상사고,0,0,1,0,차대사람 - 횡단중,안전운전불이행,건조,맑음,교차로 - 교차로횡단보도내,화물,남,61세,상해없음,보행자,여,78.0,경상,서울특별시 강동구
2022120200100462,2022년 12월 2일 18시,금요일,서울특별시 동대문구 제기동,중상사고,0,1,0,0,차대사람 - 기타,안전운전불이행,건조,맑음,단일로 - 기타,승용,남,52세,상해없음,보행자,여,90.0,중상,서울특별시 동대문구
2022120300100042,2022년 12월 3일 05시,토요일,서울특별시 서초구 방배동,경상사고,0,0,1,0,차대사람 - 차도통행중,신호위반,젖음/습기,눈,교차로 - 교차로안,승용,남,38세,상해없음,보행자,여,78.0,경상,서울특별시 서초구
2022120300100098,2022년 12월 3일 08시,토요일,서울특별시 중구 쌍림동,중상사고,0,1,0,0,차대사람 - 횡단중,안전운전불이행,젖음/습기,눈,단일로 - 기타,화물,남,27세,상해없음,보행자,여,69.0,중상,서울특별시 중구
2022120300100399,2022년 12월 3일 18시,토요일,서울특별시 동대문구 전농동,경상사고,0,0,1,0,차대사람 - 차도통행중,보행자보호의무위반,건조,맑음,교차로 - 교차로횡단보도내,승용,남,71세,상해없음,보행자,남,73.0,경상,서울특별시 동대문구
2022120300100501,2022년 12월 3일 21시,토요일,서울특별시 강동구 천호동,경상사고,0,0,1,0,차대사람 - 횡단중,안전운전불이행,건조,맑음,단일로 - 기타,이륜,남,17세,상해없음,보행자,여,66.0,경상,서울특별시 강동구
2022120300100502,2022년 12월 3일 21시,토요일,서울특별시 송파구 석촌동,중상사고,0,1,0,0,차대사람 - 기타,안전운전불이행,건조,기타,교차로 - 교차로부근,승용,남,51세,상해없음,보행자,남,68.0,중상,서울특별시 송파구
2022120400100068,2022년 12월 4일 09시,일요일,서울특별시 강동구 암사동,부상신고사고,0,0,0,1,차대사람 - 기타,안전운전불이행,건조,맑음,교차로 - 교차로부근,승용,여,73세,상해없음,보행자,남,80.0,부상신고,서울특별시 강동구
2022120500100113,2022년 12월 5일 10시,월요일,서울특별시 중구 남창동,중상사고,0,1,0,0,차대사람 - 기타,안전운전불이행,건조,맑음,단일로 - 기타,승합,남,61세,기타불명,보행자,여,68.0,중상,서울특별시 중구
2022120500100166,2022년 12월 5일 12시,월요일,서울특별시 도봉구 창동,중상사고,0,1,0,0,차대사람 - 기타,안전운전불이행,건조,맑음,교차로 - 교차로안,승용,여,53세,상해없음,보행자,남,85.0,중상,서울특별시 도봉구
2022120500100183,2022년 12월 5일 13시,월요일,서울특별시 마포구 성산동,경상사고,0,0,1,0,차대사람 - 기타,안전운전불이행,건조,맑음,교차로 - 교차로부근,승합,남,59세,상해없음,보행자,여,69.0,경상,서울특별시 마포구
2022120500100185,2022년 12월 5일 13시,월요일,서울특별시 구로구 구로동,경상사고,0,0,1,0,차대사람 - 기타,안전운전불이행,건조,맑음,교차로 - 교차로부근,승합,남,61세,상해없음,보행자,여,81.0,경상,서울특별시 구로구
2022120500100255,2022년 12월 5일 15시,월요일,서울특별시 강북구 수유동,사망사고,1,0,0,0,차대사람 - 기타,안전운전불이행,건조,맑음,단일로 - 기타,이륜,남,40세,상해없음,보행자,여,81.0,사망,서울특별시 강북구
2022120500100256,2022년 12월 5일 15시,월요일,서울특별시 동대문구 전농동,중상사고,0,1,0,0,차대사람 - 횡단중,안전운전불이행,건조,맑음,단일로 - 기타,화물,남,35세,상해없음,보행자,남,70.0,중상,서울특별시 동대문구
2022120500100291,2022년 12월 5일 16시,월요일,서울특별시 양천구 목동,중상사고,0,1,0,0,차대사람 - 기타,신호위반,건조,맑음,단일로 - 기타,승용,여,43세,상해없음,보행자,여,71.0,중상,서울특별시 양천구
2022120500100315,2022년 12월 5일 17시,월요일,서울특별시 성동구 마장동,경상사고,0,0,1,0,차대사람 - 횡단중,보행자보호의무위반,건조,맑음,교차로 - 교차로안,승용,여,28세,상해없음,보행자,여,72.0,경상,서울특별시 성동구
2022120500100317,2022년 12월 5일 17시,월요일,서울특별시 중랑구 망우동,중상사고,0,1,0,0,차대사람 - 횡단중,안전운전불이행,건조,맑음,교차로 - 교차로안,승용,남,27세,상해없음,보행자,여,68.0,중상,서울특별시 중랑구
2022120500100358,2022년 12월 5일 18시,월요일,서울특별시 중구 남대문로5가,부상신고사고,0,0,0,1,차대사람 - 기타,안전운전불이행,건조,맑음,기타 - 기타,승합,남,54세,상해없음,보행자,여,74.0,부상신고,서울특별시 중구
2022120500100409,2022년 12월 5일 19시,월요일,서울특별시 금천구 독산동,경상사고,0,0,1,0,차대사람 - 기타,안전운전불이행,건조,맑음,교차로 - 교차로부근,승용,남,39세,상해없음,보행자,여,68.0,경상,서울특별시 금천구
2022120600100312,2022년 12월 6일 14시,화요일,서울특별시 중랑구 중화동,경상사고,0,0,1,0,차대사람 - 길가장자리구역통행중,안전운전불이행,건조,맑음,교차로 - 교차로부근,화물,남,59세,상해없음,보행자,남,79.0,경상,서울특별시 중랑구
2022120600100344,2022년 12월 6일 15시,화요일,서울특별시 은평구 진관동,중상사고,0,1,0,0,차대사람 - 기타,안전운전불이행,건조,맑음,단일로 - 기타,승용,남,43세,상해없음,보행자,여,71.0,중상,서울특별시 은평구
2022120600100380,2022년 12월 6일 16시,화요일,서울특별시 성북구 동선동4가,경상사고,0,0,1,0,차대사람 - 기타,안전운전불이행,건조,맑음,단일로 - 기타,승용,남,50세,상해없음,보행자,남,66.0,경상,서울특별시 성북구
2022120600100381,2022년 12월 6일 16시,화요일,서울특별시 성북구 길음동,중상사고,0,1,0,0,차대사람 - 기타,안전운전불이행,건조,맑음,기타 - 기타,승합,남,62세,상해없음,보행자,여,76.0,중상,서울특별시 성북구
2022120600100417,2022년 12월 6일 17시,화요일,서울특별시 중구 남대문로5가,중상사고,0,1,0,0,차대사람 - 기타,안전운전불이행,건조,맑음,단일로 - 기타,승용,남,47세,상해없음,보행자,여,65.0,중상,서울특별시 중구
2022120700100054,2022년 12월 7일 07시,수요일,서울특별시 강남구 논현동,부상신고사고,0,0,0,1,차대사람 - 기타,안전운전불이행,건조,맑음,단일로 - 기타,화물,남,51세,상해없음,보행자,여,65.0,부상신고,서울특별시 강남구
2022120700100146,2022년 12월 7일 10시,수요일,서울특별시 서초구 우면동,경상사고,0,0,1,0,차대사람 - 차도통행중,안전운전불이행,건조,맑음,단일로 - 기타,승용,여,68세,상해없음,보행자,여,75.0,경상,서울특별시 서초구
2022120700100175,2022년 12월 7일 11시,수요일,서울특별시 성동구 행당동,중상사고,0,1,0,0,차대사람 - 보도통행중,기타,건조,맑음,단일로 - 기타,승용,남,42세,상해없음,보행자,여,81.0,중상,서울특별시 성동구
2022120700100203,2022년 12월 7일 12시,수요일,서울특별시 성동구 행당동,경상사고,0,0,1,0,차대사람 - 차도통행중,안전운전불이행,건조,맑음,단일로 - 기타,승용,남,54세,상해없음,보행자,남,80.0,경상,서울특별시 성동구
2022120700100329,2022년 12월 7일 16시,수요일,서울특별시 강동구 성내동,경상사고,0,0,1,0,차대사람 - 기타,안전운전불이행,건조,맑음,단일로 - 기타,화물,남,67세,상해없음,보행자,남,65.0,경상,서울특별시 강동구
2022120700100369,2022년 12월 7일 17시,수요일,서울특별시 성북구 하월곡동,중상사고,0,1,0,0,차대사람 - 보도통행중,보행자보호의무위반,건조,맑음,교차로 - 교차로횡단보도내,특수,남,40세,상해없음,보행자,여,76.0,중상,서울특별시 성북구
2022120700100499,2022년 12월 7일 19시,수요일,서울특별시 노원구 상계동,중상사고,0,1,0,0,차대사람 - 기타,안전운전불이행,건조,맑음,기타 - 기타,승용,남,51세,상해없음,보행자,여,67.0,중상,서울특별시 노원구
2022120700100538,2022년 12월 7일 20시,수요일,서울특별시 동대문구 전농동,중상사고,0,1,0,0,차대사람 - 기타,기타,건조,맑음,단일로 - 기타,승합,남,60세,상해없음,보행자,여,79.0,중상,서울특별시 동대문구
2022120800100001,2022년 12월 8일 00시,목요일,서울특별시 중구 신당동,중상사고,0,1,0,0,차대사람 - 횡단중,신호위반,건조,맑음,교차로 - 교차로부근,승용,남,48세,상해없음,보행자,남,65.0,중상,서울특별시 중구
2022120800100041,2022년 12월 8일 05시,목요일,서울특별시 마포구 도화동,경상사고,0,0,1,0,차대사람 - 횡단중,보행자보호의무위반,건조,맑음,교차로 - 교차로횡단보도내,승용,남,57세,상해없음,보행자,남,67.0,경상,서울특별시 마포구
2022120800100042,2022년 12월 8일 05시,목요일,서울특별시 구로구 천왕동,중상사고,0,1,0,0,차대사람 - 횡단중,보행자보호의무위반,건조,맑음,교차로 - 교차로횡단보도내,승용,남,54세,상해없음,보행자,여,68.0,중상,서울특별시 구로구
2022120800100188,2022년 12월 8일 10시,목요일,서울특별시 서초구 양재동,중상사고,0,1,0,0,차대사람 - 기타,안전운전불이행,건조,맑음,주차장 - 주차장,승용,여,68세,상해없음,보행자,남,69.0,중상,서울특별시 서초구
2022120800100258,2022년 12월 8일 12시,목요일,서울특별시 도봉구 도봉동,중상사고,0,1,0,0,차대사람 - 횡단중,안전운전불이행,건조,맑음,교차로 - 교차로안,승용,남,69세,상해없음,보행자,남,93.0,중상,서울특별시 도봉구
2022120800100364,2022년 12월 8일 15시,목요일,서울특별시 동대문구 제기동,중상사고,0,1,0,0,차대사람 - 횡단중,안전운전불이행,건조,맑음,교차로 - 교차로부근,이륜,남,42세,상해없음,보행자,여,84.0,중상,서울특별시 동대문구
2022120800100395,2022년 12월 8일 16시,목요일,서울특별시 동대문구 제기동,중상사고,0,1,0,0,차대사람 - 기타,안전운전불이행,건조,맑음,단일로 - 기타,화물,남,49세,상해없음,보행자,여,68.0,중상,서울특별시 동대문구
2022120800100401,2022년 12월 8일 16시,목요일,서울특별시 구로구 개봉동,경상사고,0,0,1,0,차대사람 - 길가장자리구역통행중,안전운전불이행,건조,맑음,단일로 - 기타,승용,남,68세,상해없음,보행자,여,67.0,경상,서울특별시 구로구
2022120800100470,2022년 12월 8일 18시,목요일,서울특별시 은평구 응암동,경상사고,0,0,1,0,차대사람 - 보도통행중,보행자보호의무위반,서리/결빙,흐림,교차로 - 교차로안,화물,남,43세,상해없음,보행자,여,66.0,경상,서울특별시 은평구
2022120800100542,2022년 12월 8일 19시,목요일,서울특별시 서초구 반포동,중상사고,0,1,0,0,차대사람 - 차도통행중,보행자보호의무위반,건조,맑음,교차로 - 교차로횡단보도내,승용,여,50세,상해없음,보행자,남,81.0,중상,서울특별시 서초구
2022120800100577,2022년 12월 8일 20시,목요일,서울특별시 용산구 한강로2가,경상사고,0,0,1,0,차대사람 - 횡단중,안전운전불이행,건조,맑음,기타 - 기타,이륜,남,56세,상해없음,보행자,여,67.0,경상,서울특별시 용산구
2022120900100044,2022년 12월 9일 06시,금요일,서울특별시 동대문구 답십리동,경상사고,0,0,1,0,차대사람 - 기타,안전운전불이행,젖음/습기,흐림,단일로 - 기타,승용,여,67세,상해없음,보행자,남,75.0,경상,서울특별시 동대문구
2022120900100251,2022년 12월 9일 14시,금요일,서울특별시 중랑구 중화동,중상사고,0,1,0,0,차대사람 - 기타,기타,건조,맑음,기타 - 기타,승용,남,60세,상해없음,보행자,여,83.0,중상,서울특별시 중랑구
2022120900100478,2022년 12월 9일 19시,금요일,서울특별시 강남구 역삼동,중상사고,0,1,0,0,차대사람 - 기타,신호위반,건조,맑음,교차로 - 교차로안,승용,남,37세,상해없음,보행자,남,75.0,중상,서울특별시 강남구
2022120900100518,2022년 12월 9일 20시,금요일,서울특별시 도봉구 방학동,중상사고,0,1,0,0,차대사람 - 횡단중,안전운전불이행,건조,맑음,교차로 - 교차로부근,승용,남,65세,상해없음,보행자,여,70.0,중상,서울특별시 도봉구
2022120900100519,2022년 12월 9일 20시,금요일,서울특별시 은평구 갈현동,중상사고,0,1,0,0,차대사람 - 횡단중,보행자보호의무위반,건조,맑음,교차로 - 교차로횡단보도내,승용,남,67세,상해없음,보행자,여,66.0,중상,서울특별시 은평구